nomor_putusan,nama_terdakwa_1,nama_terdakwa_2,nama_terdakwa_3,tuntutan_pidana,tuntutan_kuhp,tuntutan_hukuman,putusan_pidana,putusan_hukuman,tanggal_putusan,hakim_ketua,hakim_anggota_1,hakim_anggota_2,panitera,penuntut_umum,file_txt,jenis_dokumen,entitas_berlaku,total_entitas_terisi,status_lengkap,catatan_kosong
1002/Pid.Sus-LH/2026/PN Sby,HENDRIK SETIAWAN BIN (alm) ABDUL HALIM,-,-,"menyalagunakan Pengangkutan dan/atau Niaga Bahan Bakar Minyak, Bahan Bakar Gas, dan/atau liquefied petroleum gas yang disbusidi dan/atau penyediaan dan pendistribusiannya diberikan penugasan pemerintah",-,1 (satu) Tahun dan 6 (enam) bulan,menyalahgunakan niaga bahan bakar minyak yang disubsidi dan atau penyediaan dan pendistribusiannya diberikan penugasan pemerintah,1 (satu) tahun dan 2 (dua) bulan,31 Agustus 2026,"Alex Adam Faisal, S.H., M.H.","Dr. Nur Kholis, S.H., M.H.","Antyo Harri Susetyo, S.H.","Alarico De Jesus, S.H.","Reiyan Novandana Syanur Putra, S.H.",T-1002_Pid.Sus-LH_2026_PN Sby.txt,pidana,15,12,sebagian,nama_terdakwa_2: dokumen ini tidak mempunyai terdakwa kedua/ketiga; nama_terdakwa_3: dokumen ini tidak mempunyai terdakwa kedua/ketiga; tuntutan_kuhp: amar Tuntutan nomor 1 tidak memuat Pasal KUHP
1013/Pid.B/2026/PN Sby,ATMAWI Bin MARSUI (alm),-,-,Penadahan,-,8 (delapan) bulan,penadahan,5 (lima) bulan,6 Agustus 2026,"Sarlota Marselina Suek, S.H.","Gede Putra Astawa, S.H., M.H.","Agus Cakra Nugraha, S.H., M.H.","Alarico De Jesus, S.H.","Moch. Mosleh Rahman, S.H.",T-1013_Pid.B_2026_PN Sby.txt,pidana,15,12,sebagian,nama_terdakwa_2: dokumen ini tidak mempunyai terdakwa kedua/ketiga; nama_terdakwa_3: dokumen ini tidak mempunyai terdakwa kedua/ketiga; tuntutan_kuhp: amar Tuntutan nomor 1 tidak memuat Pasal KUHP
1016/Pid.B/2026/PN Sby,Vicky Dubes Borty Bin M Irfan Wijaya,-,-,"yang secara melawan hukum memiliki suatu barang yang sebagian atau seluruhnya milik orang lain, yang ada dalam kekuasaannya bukan",-,1 (satu) tahun 3 (tiga) bulan,Penggelepan,1 (satu) tahun dan 1 (satu) bulan,2 September 2026,"Edi Saputra Pelawi, S.H., M.H.","Sagung Bunga Mayasaputri Antara, S.H.","S. Pujiono, S.H., M.Hum.","Sigit Nugroho, SH","Wicaksono Subekti R.,S.H.",T-1016_Pid.B_2026_PN Sby.txt,pidana,15,12,sebagian,nama_terdakwa_2: dokumen ini tidak mempunyai terdakwa kedua/ketiga; nama_terdakwa_3: dokumen ini tidak mempunyai terdakwa kedua/ketiga; tuntutan_kuhp: amar Tuntutan nomor 1 tidak memuat Pasal KUHP
1021/Pid.Sus/2026/PN Sby,Mochammad Maulid Irhas Bin Namin,-,-,"yang tanpa hak atau melawan hukum menawarkan untuk dijual, menjual, membeli, menerima, menjadi perantara dalam jual beli,",-,3 (tiga) Tahun,"T anpa hak atau melawan hukum menawarkan untuk dijual, menjual, membeli, menerima, menjadi perantara dalam jual beli, menukar atau menyerahkan Narkotika Golongan I",3 (tiga) tahun,3 September 2026,"Teguh Santoso, S.H.","Betsji Siske Manoe, S.H., M.H.","Muhammad Sukamto, S.H., M.H.","Iyut Pandu Risdianto, S.H.",Wicaksono Subekti R,T-1021_Pid.Sus_2026_PN Sby.txt,pidana,15,12,sebagian,nama_terdakwa_2: dokumen ini tidak mempunyai terdakwa kedua/ketiga; nama_terdakwa_3: dokumen ini tidak mempunyai terdakwa kedua/ketiga; tuntutan_kuhp: amar Tuntutan nomor 1 tidak memuat Pasal KUHP
1050/Pid.Sus/2026/PN Sby,IDAM MAULANA BIN NIWI,-,-,"Narkotika “ tanpa hak atau melawan hukum menawarkan untuk dijual, menjual, membeli, menjadi perantara dalam jual beli, menukar, menyerahkan, atau menerima Narkotika Golongan I yang dalam bentuk tanaman beratnya melebihi 1 (satu) kilogram atau melebihi 5 (lima) batang pohon atau dalam bentuk bukan tanaman beratnya 5 (lima) gram”",-,9 (Sembilan) tahun,"tanpa hak atau melawan hukum menawarkan untuk dijual, menjual, membeli, menerima, menjadi perantara dalam jual beli, menukar, atau menyerahkan Narkotika Golongan I dalam bentuk bukan tanaman yang beratnya melebihi 5 (lima) gram",9 (Sembilan) tahun,10 September 2026,"Aloysius Priharnoto Bayuaji, S.H., M.H.","Alex Adam Faisal, S.H, M.H.","Shaktiana, S.H., M.H.","Rizky Wirianto, SH., MH","Ida Bagus Made Adi Suputra, S.H.",T-1050_Pid.Sus_2026_PN Sby.txt,pidana,15,12,sebagian,nama_terdakwa_2: dokumen ini tidak mempunyai terdakwa kedua/ketiga; nama_terdakwa_3: dokumen ini tidak mempunyai terdakwa kedua/ketiga; tuntutan_kuhp: amar Tuntutan nomor 1 tidak memuat Pasal KUHP
1052/Pid.Sus/2026/PN Sby,BAHAR AGUNG WIJAYA,-,-,"yang tanpa hak memasukkan ke wilayah Negara Kesatuan Republik Indonesia membuat, menerima, mencoba, memperoleh, menyerahkan atau mencoba menyerahkan, menguasai, membawa, mempunyai persediaan, memiliki, menyimpan mengangkut, menyembunyikan, mempergunakan, atau mengeluarkan dari wilayah Negara Kesatuan Republik Indonesia senjata api, amunisi, bahan peledak, atau bahan-bahan lainnya yang berbahaya, gas air mata, atau peluru karet, turut serta melakukan tindak pidana",-,1 (Satu) tahun dan 3 (Tiga) Bulan,Turut serta melakukan tindak pidana tanpa hak membawa dan menyerahkan bahan peledak,1 (satu) tahun,8 September 2026,"Sagung Bunga Mayasaputri Antara, S.H.","S. Pujiono, S.H., M.Hum.","Edi Saputra Pelawi, S.H., M.H.","Sunarah, S.H.","Vini Angeline, S.H., M.H.",T-1052_Pid.Sus_2026_PN Sby.txt,pidana,15,12,sebagian,nama_terdakwa_2: dokumen ini tidak mempunyai terdakwa kedua/ketiga; nama_terdakwa_3: dokumen ini tidak mempunyai terdakwa kedua/ketiga; tuntutan_kuhp: amar Tuntutan nomor 1 tidak memuat Pasal KUHP
1053/Pid.Sus/2026/PN Sby,M. ALFADIN JAYAMAHENDRA,-,-,"yang tanpa hak memasukkan ke wilayah Negara Kesatuan Republik Indonesia membuat, menerima, mencoba, memperoleh, menyerahkan atau mencoba menyerahkan, menguasai, membawa, mempunyai persediaan, memiliki, menyimpan mengangkut, menyembunyikan, mempergunakan, atau mengeluarkan dari wilayah Negara Kesatuan Republik Indonesia senjata api, amunisi, bahan peledak, atau bahan-bahan lainnya yang berbahaya, gas air mata, atau peluru karet, turut serta melakukan tindak pidana",-,1 (Satu) tahun dan 3 (Tiga) Bulan,Turut serta melakukan tindak pidana tanpa hak mempunyai persediaan dan menyimpan bahan peledak,1 (satu) tahun,8 September 2026,"Sagung Bunga Mayasaputri Antara, S.H.","S. Pujiono, S.H., M.Hum.","Edi Saputra Pelawi, S.H., M.H.","Sunarah, S.H.","Vini Angeline, S.H., M.H.",T-1053_Pid.Sus_2026_PN Sby.txt,pidana,15,12,sebagian,nama_terdakwa_2: dokumen ini tidak mempunyai terdakwa kedua/ketiga; nama_terdakwa_3: dokumen ini tidak mempunyai terdakwa kedua/ketiga; tuntutan_kuhp: amar Tuntutan nomor 1 tidak memuat Pasal KUHP
1057/Pid.B/2026/PN Sby,ACHMAD ABDUL MAJID als MAMAD bin SUKIJAN,DENI ARIANTO als DENI bin Alm. BAGUS WIYADI,-,"memotong, mememcah, memanjat, memakai anak kunci palsu, menggunakan perintah palsu atau memakai jabatan palsu untuk masuk ke tempat melakukan tindak didana atau sampai pada barang yang mbil atau pencurian secara bersama sama dan bersekutu” dia",Pasal 477 ayat (1) huruf f dan g Undang-undang No. 1 Tahun 2023 tentang KUHP,1 (satu) tahun dan 9 (sembilan) bulan,pencurian dalam keadaan memberatkan,1 (satu) tahun 6 (enam) bulan,14 September 2026,"Safruddin, S.H., M.H.","Hj. Satyawati Yun Irianti, S.H., M.hum.","Ristanti Rahim, S.H., M.H.","Kristanto Haroan William Budi, S.H.","Rakhmawati Utami, S.H., M.H.",T-1057_Pid.B_2026_PN Sby.txt,pidana,15,14,sebagian,nama_terdakwa_3: dokumen ini tidak mempunyai terdakwa kedua/ketiga
1067/Pid.B/2026/PN Sby,SALOMO BILL RENATO Anak laki-laki dari SUBUR SETIA BUDI,-,-,Penggelapan dalam Jabatan,Pasal 488 KUHPidana,1 (satu) tahun dan 10 (sepuluh) bulan,penggelapan dalam jabatan,1 (satu) tahun 4 (empat) bulan,10 September 2026,"Cokia Ana Pontia O, S.H., M.H.","Dr. Nur Kholis, S.H., M.H.","Sugeng Harsoyo, S.H., M.H.","Ryan Afrilyansyah, S.H.","Galih Riana Putra Intaran, S.H.",T-1067_Pid.B_2026_PN Sby.txt,pidana,15,13,sebagian,nama_terdakwa_2: dokumen ini tidak mempunyai terdakwa kedua/ketiga; nama_terdakwa_3: dokumen ini tidak mempunyai terdakwa kedua/ketiga
1074/Pid.Sus/LH/2026/PN Sby,Dimas Dwi Hermawan Bin Suyono,Rudik Harmoko Bin Poniman (alm),-,"menyalagunakan Pengangkutan dan/atau Niaga Bahan Bakar Minyak, Bahan Bakar Gas, dan/atau liquefied petroleum gas yang disbusidi dan/atau penyediaan dan pendistribusiannya diberikan penugasan pemerintah",-,1 (satu) Tahun dan 10 (sepuluh) bulan,"“ turut serta melakukan, menyalahgunakan pengangkutan dan/atau niaga bahan bakar minyak, bahan bakar gas, dan/atau liquefied petroleum gas yang disubsidi dan/atau penyediaan dan",1 (satu) tahun dan 3 (tiga) bulan,17 September 2026,"Ega Shaktiana, S.H., M.H.","Dr. Nurnaningsih Amriani, S.H., MH.","Safruddin, S.H., M.H.","Adistya Fansriayu, S.H.",Reiyan Novandana Syanur Putra,T-1074_Pid.Sus-LH_2026_PN Sby.txt,pidana,15,13,sebagian,nama_terdakwa_3: dokumen ini tidak mempunyai terdakwa kedua/ketiga; tuntutan_kuhp: amar Tuntutan nomor 1 tidak memuat Pasal KUHP
108/Pdt.G/2026/PN Sby,-,-,-,-,-,-,-,-,2 September 2026,"Gede Putra Astawa, S.H., M.H.","Agus Cakra Nugraha, S.H., M.H.","Sarlota Marselina Suek, S.H.","Diah Eka Purnamasari, S.H., M.H.",-,T-108_Pdt.G_2026_PN Sby.txt,gugatan,6,6,lengkap,nama_terdakwa_1: tidak berlaku untuk dokumen gugatan; nama_terdakwa_2: tidak berlaku untuk dokumen gugatan; nama_terdakwa_3: tidak berlaku untuk dokumen gugatan; tuntutan_pidana: tidak berlaku untuk dokumen gugatan; tuntutan_kuhp: tidak berlaku untuk dokumen gugatan; tuntutan_hukuman: tidak berlaku untuk dokumen gugatan; putusan_pidana: tidak berlaku untuk dokumen gugatan; putusan_hukuman: tidak berlaku untuk dokumen gugatan; penuntut_umum: tidak berlaku untuk dokumen gugatan
1091/Pid.Sus/2026/PN Sby,Maulana Jefri Bin Ali Busro,-,-,"tanpa hak atau melawan hukum menawarkan, untuk dijual, menjual, membeli, menerima, atau menjadi perantara dalam jual beli, menukar, atau menyerahkan Narkotika golongan I",-,4 (empat) tahun dan 6 (enam) bulan,"tanpa hak atau melawan hukum membeli, menjual, menerima, atau menjadi perantara dalam jual beli, menukar, atau menyerahkan Narkotika golongan I",4 (empat) tahun,15 September 2026,"Ernawati Anwar, S.H., M.H.","Irlina, S.H., M.H.","Cokia Ana Pontia Oppusunggu, S.H., M.H.","Maria Nur`Aeni, S.H.","Dzulkifli Nento, S.H.",T-1091_Pid.Sus_2026_PN Sby.txt,pidana,15,12,sebagian,nama_terdakwa_2: dokumen ini tidak mempunyai terdakwa kedua/ketiga; nama_terdakwa_3: dokumen ini tidak mempunyai terdakwa kedua/ketiga; tuntutan_kuhp: amar Tuntutan nomor 1 tidak memuat Pasal KUHP
1093/Pid.Sus/2026/PN Sby,Oktawianto als Lento Bin Mustajab,-,-,"narkotika “tanpa hak atau melawan hukum menawarkan untuk dijual, menjual, membeli, menerima, menjadi perantara dalam jual beli, menukar, atau menyerahkan Narkotika Golongan I”",-,4 (empat) tahun,"tanpa hak atau melawan hukum menjadi perantara dalam jual beli, menukar, atau menyerahkan Narkotika Golongan I",3 (tiga) tahun dan 6 (enam) bulan,2 September 2026,"Ernawati Anwar, S.H., M.H.","Irlina, S.H., M.H.","Cokia Ana Pontia Oppusunggu, S.H., M.H.","Irlina, S.H., M.H.","Ni Putu Wimar Maharani, S.H.",T-1093_Pid.Sus_2026_PN Sby.txt,pidana,15,12,sebagian,nama_terdakwa_2: dokumen ini tidak mempunyai terdakwa kedua/ketiga; nama_terdakwa_3: dokumen ini tidak mempunyai terdakwa kedua/ketiga; tuntutan_kuhp: amar Tuntutan nomor 1 tidak memuat Pasal KUHP
1096/Pid.Sus/2026/PN Sby,Victor Gerald Bin Eddy (alm),-,-,"yang tanpa hak atau melawan hukum menawarkan untuk dijual, menjual, membeli, menerima, menjadi perantara dalam hal jual beli, menukar, menyerahkan atau menerima Narkotika Golongan I dalam bentuk bukan tanaman",-,9 (Sembilan) tahun,tanpa hak atau melawan hukum menerima Narkotika Golongan I dalam bentuk bukan tanaman yang beratnya melebihi 5 (lima) gram,8 (delapan) tahun dan 6 (enam) bulan,14 September 2026,"Dr. Nur Kholis, S.H., M.H.","Irlina, S.H., M.H.","Ernawati Anwar, S.H., M.H.","Ryan Afrilyansyah, S.H.","Hafidi, S.H., M.H.",T-1096_Pid.Sus_2026_PN Sby.txt,pidana,15,12,sebagian,nama_terdakwa_2: dokumen ini tidak mempunyai terdakwa kedua/ketiga; nama_terdakwa_3: dokumen ini tidak mempunyai terdakwa kedua/ketiga; tuntutan_kuhp: amar Tuntutan nomor 1 tidak memuat Pasal KUHP
1100/Pid.Sus/2026/PN Sby,Rivaldi Arvanda Prasetyawan Bin Slamet,-,-,"“ yang tanpa hak atau melawan hukum menawarkan untuk dijual, menjual, membeli, menerima, menjadi perantara dalam ” jual beli, menukar, atau menyerahkan Narkotika Golongan I",-,-,"T anpa hak atau melawan hukum menawarkan untuk dijual, menjual, membeli, menerima, menjadi perantara dalam jual beli, menukar atau menyerahkan Narkotika Golongan I",2 (dua) tahun,3 September 2026,"Teguh Santoso, S.H.","Betsji Siske Manoe, S.H., M.H.","Muhammad Sukamto, S.H., M.H.","Akhiruli Tridososasi, S.H.",Wicaksono Subekti R,T-1100_Pid.Sus_2026_PN Sby.txt,pidana,15,11,sebagian,nama_terdakwa_2: dokumen ini tidak mempunyai terdakwa kedua/ketiga; nama_terdakwa_3: dokumen ini tidak mempunyai terdakwa kedua/ketiga; tuntutan_kuhp: amar Tuntutan nomor 1 tidak memuat Pasal KUHP; tuntutan_hukuman: amar Tuntutan nomor 2 tidak memuat durasi sesudah 'selama'
1106/Pid.Sus/2026/PN Sby,Dicky Wahyudi Bin M.Rofi.I,-,-,"tindak pidana, “tanpa hak atau melawan hukum menawarkan untuk dijual, menjual, membeli, menerima, menjadi perantara dalam jual beli Narkotika Golongan I”",-,6 (enam) tahun,"tindak pidana, “tanpa hak atau melawan hukum menawarkan menjual, membeli, Narkotika Golongan I”",5 (lima) Tahun dan 6 (enam) bulan,16 September 2026,"Ernawati Anwar, S.H., M.H.","Djulita Tandi Massora, S.H., M.H.","Cokia Ana Pontia Oppusunggu, S.H., M.H.","Susanawati, SH., MH","Deddy Arisandi, S.H. MH",T-1106_Pid.Sus_2026_PN Sby.txt,pidana,15,12,sebagian,nama_terdakwa_2: dokumen ini tidak mempunyai terdakwa kedua/ketiga; nama_terdakwa_3: dokumen ini tidak mempunyai terdakwa kedua/ketiga; tuntutan_kuhp: amar Tuntutan nomor 1 tidak memuat Pasal KUHP
1112/Pid.B/2026/PN Sby,Hendryk. S Bin Suwardi,-,-,"perbuatan Jika terjadi perbarengan beberapa Tindak Pidana yang saling berhubungan sehingga dipandang sebagai perbuatan berlanjut, mengambil suatu Barang yang Sebagian atau seluruhnya milik orang lain, dengan maksud untuk dimiliki secara melawan hukum, pada Malam dalam suatu rumah atau dalam pekarangan tertutup yang ada rumahnya, yang dilakukan oleh orang yang adanya disitu tidak diketahui atau tidak dikehendaki oleh yang berhak",Pasal 477 ayat (1) huruf e Jo. Pasal 126 ayat (1) UU RI No. 1 Tahun 2023 Tentang KUHP,1 (satu) Tahun dan 6 (enam) Bulan,pencurian dalam keadaan memberatkan secara berlanjut,1 (satu) tahun dan 3 (tiga) bulan,2 September 2026,"Ernawati Anwar, S.H., M.H.","Dr. Nur Kholis, S.H., M.H","Djulita Tandi Massora, S.H., M.H.","Dr. Nur Kholis, S.H., M.H.",Reiyan vandana Syanur Putra,T-1112_Pid.B_2026_PN Sby.txt,pidana,15,13,sebagian,nama_terdakwa_2: dokumen ini tidak mempunyai terdakwa kedua/ketiga; nama_terdakwa_3: dokumen ini tidak mempunyai terdakwa kedua/ketiga
1117/Pid.B/2026/PN Sby,M Hasan Bin Jono (alm),-,-,"percobaan melakukan Tindak Pidana, mengambil suatu barang yang sebagian atau seluruhnya milik orang lain, dengan maksud untuk dimiliki secara melawan hukum, dengan cara merusak, membongkar, memotong, memecah, memanjat, memakai anak kunci palsu, menggunakan perintah palsu, atau pakaian jabatan palsu, untuk masuk ke tempat melakukan tindak pidana atau sampai pada barang yang diambil, secara bersama-sama dan bersekutu",-,1 (satu) Tahun 6 (enam) Bulan,percobaan pencurian dengan pemberatan yang dilakukan secara bersama-sama atau dengan merusak penutup/pengaman”,1 (satu) Tahun dan 2 (dua) Bulan,7 September 2026,"Ega Shaktiana, S.H., M.H.","Aloysius Priharnoto Bayuaji, S.H., M.H.","Sih Yuliarti, S.H.","Lina Nurwidiyati, S.H., M.H.",Wicaksono Subekti R,T-1117_Pid.B_2026_PN Sby.txt,pidana,15,12,sebagian,nama_terdakwa_2: dokumen ini tidak mempunyai terdakwa kedua/ketiga; nama_terdakwa_3: dokumen ini tidak mempunyai terdakwa kedua/ketiga; tuntutan_kuhp: amar Tuntutan nomor 1 tidak memuat Pasal KUHP
111/Pid.Sus/2018/PN Sby,OKKY SATRIYO NUGROHO Bin BAMBANG SUTRISNO,-,-,-,-,-,"“ Tanpa hak atau melawan hukum telah melakukan percobaan atau permufakatan jahat memiliki, menyimpan, menguasai narkotika golongan I bukan tanaman “",4 (empat) tahun 6 (enam) bulan,7 Maret 2018,"DWI PURWADI, SH.MH.","I WAYAN SOSIAWAN, SH.MH","PUJO SAKSONO, SH.MH.","DIAS SUROYO, SH. MH","NI MADE SRI A, SH",T-111_Pid.Sus_2018_PN SBY.txt,pidana,15,10,sebagian,nama_terdakwa_2: dokumen ini tidak mempunyai terdakwa kedua/ketiga; nama_terdakwa_3: dokumen ini tidak mempunyai terdakwa kedua/ketiga; tuntutan_pidana: amar Tuntutan nomor 1 tidak memuat perbuatan yang dapat dipisahkan; tuntutan_kuhp: amar Tuntutan nomor 1 tidak memuat Pasal KUHP; tuntutan_hukuman: amar Tuntutan nomor 2 tidak memuat durasi sesudah 'selama'
1122/Pid.Sus/2026/PN Sby,Adam Fajarian Bin Didik Hariono,-,-,"yang tanpa hak atau melawan hukum menawarkan untuk dijual, menjual, membeli, menerima, menjadi perantara dalam jual beli, menukar atau menyerahkan Narkotika Golongan I",-,7 (tujuh) tahun,tanpa hak membeli Narkotika Golongan I,6 (enam) tahun dan 6 (enam bulan,16 September 2026,"Sugeng Harsoyo, S.H., M.H","Irlina, S.H., M.H","Cokia Ana Pontia O. SH., MH.","Susanawati, S.H.., M.H.","Yusup, S.H.., M.H.um.",T-1122_Pid.Sus_2026_PN Sby.txt,pidana,15,12,sebagian,nama_terdakwa_2: dokumen ini tidak mempunyai terdakwa kedua/ketiga; nama_terdakwa_3: dokumen ini tidak mempunyai terdakwa kedua/ketiga; tuntutan_kuhp: amar Tuntutan nomor 1 tidak memuat Pasal KUHP
1126/Pid.B/2026/PN Sby,Saiful Komar als Kikuk Bin Ratman,-,-,“ melakukan penganiayaan yang mengakibatkan luka berat ” yang,-,3 (tiga) tahun,penganiayaan yang mengakibatkan luka berat,2 (dua) tahun,7 September 2026,"Betsji Siske Manoe, S.H., M.H.","Teguh Santoso, S.H.","Muhammad Sukamto, S.H., M.H.","Iyut Pandu Risdianto, S.H.","Wahyu Indra Cahyanto, S.H.",T-1126_Pid.B_2026_PN Sby.txt,pidana,15,12,sebagian,nama_terdakwa_2: dokumen ini tidak mempunyai terdakwa kedua/ketiga; nama_terdakwa_3: dokumen ini tidak mempunyai terdakwa kedua/ketiga; tuntutan_kuhp: amar Tuntutan nomor 1 tidak memuat Pasal KUHP
1130/Pid.B/2026/PN Sby,Mas Tubah Bin. H. Abdur Rohman (alm),-,-,"“ yang secara melawan hukum memiliki suatu barang yang sebagian atau seluruhnya milik orang lain, yang ada dalam kekuasaannya bukan",-,2 (dua) tahun 6 (enam) bulan,penggelapan,2 (dua) tahun,10 September 2026,"Rina Indrajanti , S.H., M.H.","Purnomo Hadiyarto, S.H.","Safruddin, S.H.M.H.","Ristanti Rahim, S.H., M.H.","Dzulkifli Nento,S.H.",T-1130_Pid.B_2026_PN Sby.txt,pidana,15,12,sebagian,nama_terdakwa_2: dokumen ini tidak mempunyai terdakwa kedua/ketiga; nama_terdakwa_3: dokumen ini tidak mempunyai terdakwa kedua/ketiga; tuntutan_kuhp: amar Tuntutan nomor 1 tidak memuat Pasal KUHP
1131/Pid.B/2026/PN Sby,IMAM SOLEH ALIAS SOLEH BIN AYUB (alm),-,-,yang menggunakan kesempatan main judi yang diadakan tanpa izin ”,-,2 (dua) tahun,perjudian,1 (satu) tahun dan 2 (dua) bulan,9 September 2026,"NUGRAHINI MEINASTITI, S.H.","IDA AYU WIDYARINI, S.H., M.Hum.","MUHAMAD SALAM GIRIBASUKI, S.H.","MOHAMAD SAERAN, S.H., M.H.","DAMANG ANUBOWO, S.E., S.H., M.H.",T-1131_Pid.B_2026_PN Sby.txt,pidana,15,12,sebagian,nama_terdakwa_2: dokumen ini tidak mempunyai terdakwa kedua/ketiga; nama_terdakwa_3: dokumen ini tidak mempunyai terdakwa kedua/ketiga; tuntutan_kuhp: amar Tuntutan nomor 1 tidak memuat Pasal KUHP
1132/Pid.B/2026/PN Sby,Moh.As'ad Bin (alm) Ali Ridok,-,-,"penggelapan dalam jabatan “percobaan melakukan Tindak Pidana terjadi jika niat pelaku telah nyata dari adanya permulaan pelaksanaan dari Tindak Pidana yang dituju, tetapi pelaksanaannya tidak selesai, tidak mencapai hasil, atau tidak menimbulkan akibat yang dilarang, bukan",Pasal 477 ayat (1) huruf g Jo. Pasal 17 ayat (1) UU RI No. 1 Tahun 2023 Tentang KUHP,2 (dua) tahun,”Percobaan melakukan Tindak Pidana pencurian dalam keadaan memberatkan”,1 (satu) tahun dan 6 (enam) bulan,2 September 2026,"Ernawati Anwar, S.H., M.H.","Djulita Tandi Massora, S.H., M.H.","Sugeng Harsoyo, S.H., M.H.","Irlina, S.H., M.H.","Rene Anggara, S.H.",T-1132_Pid.B_2026_PN Sby.txt,pidana,15,13,sebagian,nama_terdakwa_2: dokumen ini tidak mempunyai terdakwa kedua/ketiga; nama_terdakwa_3: dokumen ini tidak mempunyai terdakwa kedua/ketiga
1133/Pid.B/2026/PN Sby,MOH. TINGGAL BIN SARU’I (ALM),-,-,” pencurian ”,-,1 (satu) tahun dan 3 (tiga) bulan,”Pencurian”,1 (Satu) tahun,7 September 2026,"Dr. Nur Kholis, S.H., M.H.","Cokia Ana Pontia Oppusunggu, S.H., M.H.","Sugeng Harsoyo, S.H., M.H.","Didik Dwi Riyanto, S.H., M.H.","Anggraini, S.H.",T-1133_Pid.B_2026_PN Sby.txt,pidana,15,12,sebagian,nama_terdakwa_2: dokumen ini tidak mempunyai terdakwa kedua/ketiga; nama_terdakwa_3: dokumen ini tidak mempunyai terdakwa kedua/ketiga; tuntutan_kuhp: amar Tuntutan nomor 1 tidak memuat Pasal KUHP
1134/Pid.Sus/2026/PN Sby,Ismi Aziza Binti Misnari,-,-,"“ tanpa hak atau melawan hukum menawarkan untuk dijual, menjual, membeli, menerima, menjadi perantara dalam jual beli, menukar atau menyerahkan narkotika golongan I ” yang",-,3 (tiga) tahun 3 (tiga) bulan,tanpa hak atau melawan hukum membeli Narkotika Golongan I,2 (dua) tahun dan 4 (empat) bulan,9 September 2026,"Irlina, S.H., M.H.","Dr. Nur Kholis, S.H., M.H.","Sugeng Harsoyo, S.H., M.H.","Achmad Sofwan Mustafiddin, S.H., M.H.","Renanda Kusumastuti, S.H.",T-1134_Pid.Sus_2026_PN Sby.txt,pidana,15,12,sebagian,nama_terdakwa_2: dokumen ini tidak mempunyai terdakwa kedua/ketiga; nama_terdakwa_3: dokumen ini tidak mempunyai terdakwa kedua/ketiga; tuntutan_kuhp: amar Tuntutan nomor 1 tidak memuat Pasal KUHP
113/Pid.B/2018/PN SBY,Ramadani Wicaksana,-,-,"mengambil sesuatu yang seluruhnya atau sebagian kepunyaan orang lain, dengan maksud untuk dimiliki secara melawan hokum dilakukan diwatu malam dalam sebuah rumah atau pekarangan tertutup yang ada rumahnya, yang dilakukan oleh orang yang ada di situ tidak diketahui atau tidak dikehendaki oleh orang yang berhak",pasal 363 ayat (1) ke 3 KUHP,3 (tiga) tahun,pencurian dalam keadaan memberatkan,2 (dua) tahun dan 6 (enam) bulan,21 Februari 2018,"Agus Hamzah, SH., MH.","Isjuaedi, SH., MH.","Sifa’urosidin, S.H., M.H.","Irawan Djatmiko, SH., MH.","I Gede Willy Pramana, S.H.",T-113_Pid.B_2018_PN SBY.txt,pidana,15,13,sebagian,nama_terdakwa_2: dokumen ini tidak mempunyai terdakwa kedua/ketiga; nama_terdakwa_3: dokumen ini tidak mempunyai terdakwa kedua/ketiga
1143/Pid.Sus/2026/PN Sby,Raharjo Dwi Utomo Bin Budi Utomo (Alm),-,-,"yang tanpa hak atau melawan hukum menawarkan untuk dijual, menjual, membeli, menerima, menjadi perantara dalam jual beli, menukar, atau menyerahkan Narkotika Golongan I",-,3 (tiga) 6 (enam) Bulan,tanpa hak membeli Narkotika Golongan I,3 (tiga) tahun,10 September 2026,"Sugeng Harsoyo, S.H., M.H","Dr. Nur Kholis, S.H., M.H","Ernawati Anwar, S.H., M.H.","Susanawati, S.H., M.H.","Wicaksono Subekti Rohman, S.H.",T-1143_Pid.Sus_2026_PN Sby.txt,pidana,15,12,sebagian,nama_terdakwa_2: dokumen ini tidak mempunyai terdakwa kedua/ketiga; nama_terdakwa_3: dokumen ini tidak mempunyai terdakwa kedua/ketiga; tuntutan_kuhp: amar Tuntutan nomor 1 tidak memuat Pasal KUHP
1149/Pid.Sus/2026/PN Sby,RENALDY ARKANANTASYAH BIN SUKARMINTO,-,-,"tanpa hak atau melawan hukum menawarkan, untuk dijual, menjual, membeli, menerima, atau menjadi perantara dalam jual beli, menukar, atau menyerahkan Narkotika golongan I",-,5 (lima) tahun 6 (enam) bulan,Tanpa hak atau melawan hukum menjual narkotika golongan I,4 (empat) tahun,3 September 2026,"Nyoman Ayu Wulandari, S.H., M.H.","Antyo Harri Susetyo, S.H., Hj.","Ardiani, S.H.","Ifan Salafi, S.H.","Suparlan Hadiyanto, S.H.",T-1149_Pid.Sus_2026_PN Sby.txt,pidana,15,12,sebagian,nama_terdakwa_2: dokumen ini tidak mempunyai terdakwa kedua/ketiga; nama_terdakwa_3: dokumen ini tidak mempunyai terdakwa kedua/ketiga; tuntutan_kuhp: amar Tuntutan nomor 1 tidak memuat Pasal KUHP
1150/Pid.B/2026/PN Sby,Nika Ayu Yuniarti Binti Bejo,-,-,” pencurian”,-,3 (tiga) tahun dan 3 (tiga) bulan,“ Pencurian “,2 (dua) Tahun dan 9 (sembilan) bulan,9 September 2026,"Irlina, S.H., M.H.","Sugeng Harsoyo, S.H., M.H","Cokia Ana Pontia Oppusunggu, S.H., M.H.","Dyah Rosdianti., S.H., M.H.","Anggraini, S.H.",T-1150_Pid.B_2026_PN Sby.txt,pidana,15,12,sebagian,nama_terdakwa_2: dokumen ini tidak mempunyai terdakwa kedua/ketiga; nama_terdakwa_3: dokumen ini tidak mempunyai terdakwa kedua/ketiga; tuntutan_kuhp: amar Tuntutan nomor 1 tidak memuat Pasal KUHP
1156/Pid.B/2026/PN Sby,Ilham Surya Saputra Bin Marzuki (alm),Daffne Irsyad Lirival als Ipang Bin Nanang Kosim,-,"perbuatan mengambil suatu Barang yang Sebagian atau seluruhnya milik orang lain, dengan maksud untuk dimiliki secara melawan hukum, dengan cara merusak, membongkar, memotong, memecah, memanjat,memakai Anak Kunci Palsu, menggunakan perintah palsu, atau memakai pakaian jabatan palsu, untuk Masuk ke tempat melakukan Tindak Pidana atau sampai pada Barang yang diambil, secara bersama-sama dan bersekutu",Pasal 477 ayat (1) huruf f dan g UU RI No. 1 Tahun 2023 Tentang KUHP,2 (dua) Tahun,"pencurian dengan cara merusak untuk sampai pada barang yang diambil, secara bersama-sama dan bersekutu",1 (satu) tahun dan 8 (delapan) bulan,3 September 2026,"Sugeng Harsoyo, S.H., M.H.","Djulita Tandi Massora, S.H., M.H.","Irlina, S.H., M.H.","Achmad Sofwan Mustafiddin, S.H., M.H.",Reiyan Novandana Syanur Putra,T-1156_Pid.B_2026_PN Sby.txt,pidana,15,14,sebagian,nama_terdakwa_3: dokumen ini tidak mempunyai terdakwa kedua/ketiga
1159/Pid.Sus/2026/PN Sby,Rangga Dwi Novansyah Bin Kaharudin Alm.,-,-,“mengemudikan kendaraan bermotor yang,-,1 (satu) tahun dan 10 (sepuluh) bulan,“mengemudikan kendaraan bermotor yang,1 (satu) tahun dan 6 (enam) bulan,9 September 2026,"Ernawati Anwar, S.H. M.H.","Cokia Ana Pontia Oppusunggu, SH.MH","Dan Sugeng Harsoyo, SH.MH","Dyah Rosdianti, S.H., M.H.","Deddy Arisandi,SH.MH",T-1159_Pid.Sus_2026_PN Sby.txt,pidana,15,12,sebagian,nama_terdakwa_2: dokumen ini tidak mempunyai terdakwa kedua/ketiga; nama_terdakwa_3: dokumen ini tidak mempunyai terdakwa kedua/ketiga; tuntutan_kuhp: amar Tuntutan nomor 1 tidak memuat Pasal KUHP
1172/Pid.B/2026/PN Sby,Dedy Kosasih Bin Soesanto (alm),-,-,” pencurian ”,-,1 (satu) tahun dan 3 (tiga) bulan,”pencurian dalam keadaan memberatkan secara Bersama-sama”,1 (satu) tahun,15 September 2026,"Ernawati Anwar, S.H., M.H.","Dr. Nur Kholis, S.H., M.H.","Cokia Ana Pontia Oppusunggu, S.H., M.H.","Maria Nur`Aeni, S.H.","Riny Nislawaty Thamrin, S.H.",T-1172_Pid.B_2026_PN Sby.txt,pidana,15,12,sebagian,nama_terdakwa_2: dokumen ini tidak mempunyai terdakwa kedua/ketiga; nama_terdakwa_3: dokumen ini tidak mempunyai terdakwa kedua/ketiga; tuntutan_kuhp: amar Tuntutan nomor 1 tidak memuat Pasal KUHP
1180/Pid.B/2026/PN Sby,AGUNG PRIYANTO,-,-,“Pencurian dengan pemberatan” tindak pidana,-,2 (dua) tahun di kurangi selama terdakwa berada dalam,pencurian dalam keadaan memberatkan,1 (satu) tahun 6 (enam) bulan,16 September 2026,"Safruddin, S.H., M.H.","Hj. Satyawati Yun Irianti, S.H., M.Hum.","Ristanti Rahim, S.H., M.H.","Diah Eka Purnamasari, S.H., M.Hum.","R Ocky Selo Handoko, S.H.",T-1180_Pid.B_2026_PN Sby.txt,pidana,15,12,sebagian,nama_terdakwa_2: dokumen ini tidak mempunyai terdakwa kedua/ketiga; nama_terdakwa_3: dokumen ini tidak mempunyai terdakwa kedua/ketiga; tuntutan_kuhp: amar Tuntutan nomor 1 tidak memuat Pasal KUHP
1184/Pid.Sus/2026/PN Sby,TAUFIK KURROCH MADHONI BIN EDI PURWANTO (ALM),-,-,” Narkotika ”,-,120 (seratus dua puluh) hari,"tanpa hak atau melawan hukum menawarkan untuk dijual, menjual, membeli, menerima, menjadi perantara dalam jual beli, menukar, atau menyerahkan Narkotika Golongan I",5 (lima) tahun,15 September 2026,"Aloysius Priharnoto Bayuaji, S.H., M.H.","Sih Yuliarti, S.H.","Shaktiana, S.H., M.H.","Lina Nurwidiyati, S.H., M.H.","Hasanudin Tandilolo, S.H.",T-1184_Pid.Sus_2026_PN Sby.txt,pidana,15,12,sebagian,nama_terdakwa_2: dokumen ini tidak mempunyai terdakwa kedua/ketiga; nama_terdakwa_3: dokumen ini tidak mempunyai terdakwa kedua/ketiga; tuntutan_kuhp: amar Tuntutan nomor 1 tidak memuat Pasal KUHP
1186/Pid.B/2026/PN Sby,SUNARTO BIN SUROTO (ALM),-,-,"setiap orang yang melakukan mengambil sesuatu barang yang sama sekali atau sebagian milik orang lain dengan maksud akan memiliki barang itu dengan melawan hak, dengan cara merusak, membongkar, memotong, memecah, memanjat, memakai anak kunci palsu, menggunakan perintah palsu, atau memakai pakaian jabatan palsu, untuk masuk ke tempat melakukan tindak pidana atau sampai pada barang yang diambil",-,1 (satu) tahun 10 (sepuluh) bulan,”pencurian dalam keadaan memberatkan”,1 (satu) tahun dan 6 (enam) bulan,17 September 2026,"Cokia Ana Pontia O, S.H., M.H.","Djulita Tandi Massora, S.H., M.H.","Sugeng Harsoyo, S.H., M.H.","Achmad Sofwan Mustafiddin, S.E., S.H., M.H.","Dzulkifli Nento, S.H.",T-1186_Pid.B_2026_PN Sby.txt,pidana,15,12,sebagian,nama_terdakwa_2: dokumen ini tidak mempunyai terdakwa kedua/ketiga; nama_terdakwa_3: dokumen ini tidak mempunyai terdakwa kedua/ketiga; tuntutan_kuhp: amar Tuntutan nomor 1 tidak memuat Pasal KUHP
1190/Pid.B/2026/PN Sby,RIDWAN BIN SAYEKI,-,-,"perbuatan mengambil suatu Barang yang Sebagian atau seluruhnya milik orang lain, dengan maksud untuk dimiliki secara melawan hukum, dengan cara merusak, membongkar, memotong memecah, memanjat memakai Anak Kunci Palsu, menggunakan perintah palsu, atau memakai pakalan jabatan palsu, untuk Masuk ke tempat melakukan Tindak Pidana atau sampai pada Barang yang diambil, secara bersama-sama dan bersekutu",Pasal 477 ayat (1) huruf f dan g UU RI No. 1 Tahun 2023 Tentang KUHP,2 (dua) Tahun,”Pencurian”,1 (satu) tahun dan 6 (enam) bulan,9 September 2026,"Irlina, S.H., M.H.","Dr. Nur Kholis, S.H., M.H.","Cokia Ana Pontia O, S.H., M.H.","Susanawati, S.H., M.H.","Reiyan Novandana Syanur Putra, S.H.",T-1190_Pid.B_2026_PN Sby.txt,pidana,15,13,sebagian,nama_terdakwa_2: dokumen ini tidak mempunyai terdakwa kedua/ketiga; nama_terdakwa_3: dokumen ini tidak mempunyai terdakwa kedua/ketiga
1198/Pid.B/2026/PN Sby,Benny Hinn,-,-,pencurian secara berlanjut,Pasal 476 Jo. Pasal 126 Ayat (1) Undang-undang Republik Indonesia Nomor 1 Tahun 2023 tentang KUHP,1 (Satu) tahun dan 6 (Enam) bulan,pencurian secara berlanjut,1 (Satu) tahun dan 3 (tiga) bulan,9 September 2026,"Ernawati Anwar, S.H., M.H.","Dr. Nur Kholis, S.H., M.H.","Irlina, S.H., M.H.","Yanid Indra Harjono, SH., MH.","Siska Christina, S.H., M.H",T-1198_Pid.B_2026_PN Sby.txt,pidana,15,13,sebagian,nama_terdakwa_2: dokumen ini tidak mempunyai terdakwa kedua/ketiga; nama_terdakwa_3: dokumen ini tidak mempunyai terdakwa kedua/ketiga
11/Pdt.Sus-HKI/Merek/2026/PN Niaga Sby,-,-,-,-,-,-,-,-,10 September 2026,"ALEX ADAM FAISAL, S.H., M.H.","SIH YULIARTI, S.H.","ALOYSIUS PRIHARNOTO BAYUAJI, S.H., M.H.","ACHMAD FAJARISMAN, S.Kom S.H., M.H",-,T-11_Pdt.Sus-HKI_Merek_2026_PN Niaga Sby.txt,hki-merek,6,6,lengkap,nama_terdakwa_1: tidak berlaku untuk dokumen hki-merek; nama_terdakwa_2: tidak berlaku untuk dokumen hki-merek; nama_terdakwa_3: tidak berlaku untuk dokumen hki-merek; tuntutan_pidana: tidak berlaku untuk dokumen hki-merek; tuntutan_kuhp: tidak berlaku untuk dokumen hki-merek; tuntutan_hukuman: tidak berlaku untuk dokumen hki-merek; putusan_pidana: tidak berlaku untuk dokumen hki-merek; putusan_hukuman: tidak berlaku untuk dokumen hki-merek; penuntut_umum: tidak berlaku untuk dokumen hki-merek
1206/Pid.Sus-LH/2026/PN Sby,Bagus Alnazar Bin Suprapto (alm),-,-,"menyalahagunakan Pengangkutan dan/atau Niaga Bahan Bakar Minyak, Bahan Bakar Gas, dan/atau liquefied petroleum gas yang disubsidi dan/atau penyediaan dan pendistribusiannya diberikan penugasan pemerintah",-,1 (satu) Tahun 5 (lima) Bulan,Menyalahgunakan niaga bahan bakar minyak yang disubsidi dan atau penyediaan dan pendistribusiannya diberikan penugasan pemerintah,1 (satu) tahun dan 1 (satu) bulan,10 September 2026,"Alex Adam Faisal, S.H, M.H.","Dr. Nur Kholis, S.H., M.H.","Wiyanto, S.H., M.H.","Yanid Indra Harjono, SH., MH.",Wicaksono Subekti R,T-1206_Pid.Sus-LH_2026_PN Sby.txt,pidana,15,12,sebagian,nama_terdakwa_2: dokumen ini tidak mempunyai terdakwa kedua/ketiga; nama_terdakwa_3: dokumen ini tidak mempunyai terdakwa kedua/ketiga; tuntutan_kuhp: amar Tuntutan nomor 1 tidak memuat Pasal KUHP
1208/Pid.Sus/2026/PN Sby,YOHANES SUPRAPTO,-,-,"setiap orang yang dengan kekerasan atau ancaman kekerasan memaksa anak kandung bersetubuh dengannya, jika terjadi perbarengan beberapa tindak pidana yang saling berhubungan sehingga dipandang sebagai perbuatan berlanjut",Pasal 473 ayat (2) huruf b jo ayat (4) jo ayat (9) jo Pasal 126 ayat (1) UU RI No.1 Tahun 2023 Tentang KUHP,15 (lima belas) tahun,“ Dengan ancaman kekerasan memaksa anak melakukan persetubuhan dengannya yang dilakukan beberapa kali“,13 (tiga belas) tahun,8 September 2026,"Meilia Christina Mulyaningrum, S.H.","Wiyanto, S.H., M.H.","Alex Adam Faisal, S.H, M.H.","Leny Muji Astuti, S.H., M.H.","Damang Anubowo SE, S.H. MH",T-1208_Pid.Sus_2026_PN Sby.txt,pidana,15,13,sebagian,nama_terdakwa_2: dokumen ini tidak mempunyai terdakwa kedua/ketiga; nama_terdakwa_3: dokumen ini tidak mempunyai terdakwa kedua/ketiga
1209/Pid.Sus/2026/PN Sby,A. Hasanudin Bin Mat Bahri (alm),-,-,"perbuatan “ tanpa hak atau melawan hukum menawarkan untuk dijual, menjual, membeli, menjadi perantara dalam jual beli, menukar, menyerahkan, atau menerima Narkotika Golongan I yang dalam bentuk tanaman beratnya melebihi 1 (satu) kilogram atau melebihi 5 (lima) batang pohon atau dalam bentuk bukan tanaman beratnya 5 (lima) gram ”",-,5 (lima) Tahun dan 6 (enam) Bulan,"Secara tanpa hak atau melawan hukum menawarkan untuk dijual, menjual, membeli menerima atau menyerahkan Narkotika Golongan I yang beratnya melebihi 5 (lima) gram",5 (lima) tahun,7 September 2026,"Teguh Santoso, S.H.","Betsji Siske Manoe, S.H., M.H.","Muhammad Sukamto, S.H., M.H.","Lina Nurwidiyati, S.H., M.H.","Reiyan Novandana Syanur Putra, S.H., M.H.",T-1209_Pid.Sus_2026_PN Sby.txt,pidana,15,12,sebagian,nama_terdakwa_2: dokumen ini tidak mempunyai terdakwa kedua/ketiga; nama_terdakwa_3: dokumen ini tidak mempunyai terdakwa kedua/ketiga; tuntutan_kuhp: amar Tuntutan nomor 1 tidak memuat Pasal KUHP
1210/Pid.Sus/2026/PN Sby,Alif Hendriansyah Bin Totok Wahyudi,-,-,"tanpa hak atau melawan hukum menawarkan untuk dijual, menjual, membeli, menerima,menjadi perantara dalam jual beli, menukar, atau menyerahkan Narkotika Golongan I,",-,6 (enam) tahun dan 6 (enam) bulan,tanpa hak menjadi perantara dalam jual beli Narkotika Golongan I,6 (enam) Tahun,9 September 2026,"Sugeng Harsoyo, S.H., M.H","Dr. Nur Kholis, S.H., M.H","Ernawati Anwar, S.H., M.H.","Ryan Afrilyansyah, S.H.","Anggraeni, S.H.",T-1210_Pid.Sus_2026_PN Sby.txt,pidana,15,12,sebagian,nama_terdakwa_2: dokumen ini tidak mempunyai terdakwa kedua/ketiga; nama_terdakwa_3: dokumen ini tidak mempunyai terdakwa kedua/ketiga; tuntutan_kuhp: amar Tuntutan nomor 1 tidak memuat Pasal KUHP
1211/Pid.B/2026/PN Sby,Senawi Bin (alm) Darusman,-,-,"setiap orang yang mengambil suatu barang yang sebagian atau seluruhnya milik orang lain, dengan maksud untuk memiliki secara melawan hukum",-,3 (tiga) tahun,pencurian,2 (dua) tahun dan 6 (enam) bulan,17 September 2026,"Ega Shaktiana, S.H., M.H.","Sih Yuliarti, S.H.","Aloysius Priharnoto Bayuaji, S.H., M.H.","Diana Syahbani, S.H., M.H.","Dzulkifli Nento, S.H.",T-1211_Pid.B_2026_PN Sby.txt,pidana,15,12,sebagian,nama_terdakwa_2: dokumen ini tidak mempunyai terdakwa kedua/ketiga; nama_terdakwa_3: dokumen ini tidak mempunyai terdakwa kedua/ketiga; tuntutan_kuhp: amar Tuntutan nomor 1 tidak memuat Pasal KUHP
1240/Pid.Sus/2026/PN Sby,Syaiful Wira Wijaya Bin Musman,-,-,"tanpa hak memiliki, menyimpan, menguasai, atau menyediakan Narkotika Golongan I bukan tanaman",-,3 (tiga) tahun 6 (enam) bulan,"tanpa hak Memiliki, menyimpan, menguasai Narkotika Golongan I bukan tanaman",3 (tiga) tahun dan 4 (empat) bulan,9 September 2026,"S. Pujiono, S.H., M.Hum.","Edi Saputra Pelawi, S.H., M.H.","Sagung Bunga Mayasaputri Antara, S.H.","Andhika Rahatmasurya, S.H.","Estik Dilla Rahmawati, S.H, M.H.",T-1240_Pid.Sus_2026_PN Sby.txt,pidana,15,12,sebagian,nama_terdakwa_2: dokumen ini tidak mempunyai terdakwa kedua/ketiga; nama_terdakwa_3: dokumen ini tidak mempunyai terdakwa kedua/ketiga; tuntutan_kuhp: amar Tuntutan nomor 1 tidak memuat Pasal KUHP
1251/Pid.Sus/2026/PN Sby,Willy Negara Anak Dari Dadang Anton Winarko,-,-,"secara tanpa hak atau melawan hukum menawarkan untuk dijual, menjual, membeli, menerima, menjadi perantara dalam jual beli, menukar, atau menyerahkan Narkotika Golongan I",-,5 (lima) tahun dan 3 (tiga) bulan,Tanpa Hak Atau Melawan Hukum Membeli dan Menjual Narkotika Golongan I Bukan Tanaman,4 (empat) tahun dan 3 (tiga) bulan,7 September 2026,"I Made Yuliada, S.H., M.H.","Ferdinand Marcus Leander, S.H., M.H.","Ratna Dianing Wulansari, S.H., M.H.","Maria Nur`Aeni, S.H.","Damang Anubowo S.E, S.H. MH.",T-1251_Pid.Sus_2026_PN Sby.txt,pidana,15,12,sebagian,nama_terdakwa_2: dokumen ini tidak mempunyai terdakwa kedua/ketiga; nama_terdakwa_3: dokumen ini tidak mempunyai terdakwa kedua/ketiga; tuntutan_kuhp: amar Tuntutan nomor 1 tidak memuat Pasal KUHP
1255/Pid.B/2026/PN Sby,Ahkmad Khasan Efendi Bin Sutari,-,-,"mengambil suatu Barang yang sebagian atau seluruhnya milik orang lain, dengan maksud untuk dimiliki secara melawan hukum",Pasal 476 UU RI No. 1 Tahun 2023 tentang KUHP,2 (dua) tahun,Pencurian,1 (satu) tahun 8 (delapan) bulan,11 September 2026,"Rida Nur Karima, S.H., M.Hum.","Abu Achmad Sidqi Amsya, S.H.","Muhammad Zulqarnain, S.H., M.H.","ANDI SETYAWAN, S.H.","Suparlan Hadiyanto, S.H.",T-1255_Pid.B_2026_PN Sby.txt,pidana,15,13,sebagian,nama_terdakwa_2: dokumen ini tidak mempunyai terdakwa kedua/ketiga; nama_terdakwa_3: dokumen ini tidak mempunyai terdakwa kedua/ketiga
1270/Pdt.G/2025/PN Sby,-,-,-,-,-,-,-,-,8 September 2026,"Abu Achmad Sidqi Amsya, S.H.","Dr. Nurnaningsih Amriani, S.H., M.H.","Rida Nur Karima, S.H., M.Hum","S.H. Rida Nur Karima, S.H., M.Hum.",-,T-1270_Pdt.G_2025_PN Sby.txt,gugatan,6,6,lengkap,nama_terdakwa_1: tidak berlaku untuk dokumen gugatan; nama_terdakwa_2: tidak berlaku untuk dokumen gugatan; nama_terdakwa_3: tidak berlaku untuk dokumen gugatan; tuntutan_pidana: tidak berlaku untuk dokumen gugatan; tuntutan_kuhp: tidak berlaku untuk dokumen gugatan; tuntutan_hukuman: tidak berlaku untuk dokumen gugatan; putusan_pidana: tidak berlaku untuk dokumen gugatan; putusan_hukuman: tidak berlaku untuk dokumen gugatan; penuntut_umum: tidak berlaku untuk dokumen gugatan
1276/Pid.Sus/2026/PN Sby,Zaenal Arifin Bin Sawi (alm),-,-,"tanpa hak memiliki, menyimpan, menguasai, atau menyediakan Narkotika Golongan I bukan tanaman",-,1 (satu) tahun 3 (tiga) bulan,"“ tanpa hak memiliki, menyimpan, menguasai, atau menyediakan Narkotika Golongan I bukan tanaman “",1 (satu) tahun 3 (tiga) bulan,10 September 2026,"Alex Adam Faisal, S.H, M.H.","Erly Soelistyarini, S.H., M.Hum.","Meilia Christina Mulyaningrum, S.H.","Lukman Hakim, S.H., M.H.","Estik Dilla Rahmawati, S.H, M.H.",T-1276_Pid.Sus_2026_PN Sby.txt,pidana,15,12,sebagian,nama_terdakwa_2: dokumen ini tidak mempunyai terdakwa kedua/ketiga; nama_terdakwa_3: dokumen ini tidak mempunyai terdakwa kedua/ketiga; tuntutan_kuhp: amar Tuntutan nomor 1 tidak memuat Pasal KUHP
1289/Pid.Sus/2026/PN Sby,Rizki Prayogi Bin Syarifudin,-,-,"tanpa hak atau melawan hukum menawarkan untuk dijual, menjual, membeli, menerima,menjadi perantara dalam jual beli, menukar, atau menyerahkan Narkotika Golongan I, dalam bentuk bukan tanaman beratnya 5 (lima) gram",-,7 (tujuh) tahun dan 6 (enam) bulan,"tanpa hak dan melawan hukum membeli, menjual Narkotika Golongan I bukan tanaman yang beratnya melebihi 5 (lima) gram",7 (tujuh) tahun,10 September 2026,"Ristanti Rahim, S.H., M.H.","Hj. Satyawati Yun Irianti, S.H., M.Hum.","Purnomo Hadiyarto, S.H.","Dhany Eko Prasetyo, SE., SH., MM., M.HUM.","Anggraini, S.H.",T-1289_Pid.Sus_2026_PN Sby.txt,pidana,15,12,sebagian,nama_terdakwa_2: dokumen ini tidak mempunyai terdakwa kedua/ketiga; nama_terdakwa_3: dokumen ini tidak mempunyai terdakwa kedua/ketiga; tuntutan_kuhp: amar Tuntutan nomor 1 tidak memuat Pasal KUHP
130/Pdt.P/2018/PN SBY,-,-,-,-,-,-,-,-,22 Februari 2018,"ARI JIWANTARA, SH., M.Hum.",-,-,"Muliani Buraera, SH.",-,T-130_Pdt.P_2018_PN SBY.txt,permohonan,6,4,sebagian,nama_terdakwa_1: tidak berlaku untuk dokumen permohonan; nama_terdakwa_2: tidak berlaku untuk dokumen permohonan; nama_terdakwa_3: tidak berlaku untuk dokumen permohonan; tuntutan_pidana: tidak berlaku untuk dokumen permohonan; tuntutan_kuhp: tidak berlaku untuk dokumen permohonan; tuntutan_hukuman: tidak berlaku untuk dokumen permohonan; putusan_pidana: tidak berlaku untuk dokumen permohonan; putusan_hukuman: tidak berlaku untuk dokumen permohonan; hakim_anggota_1: daftar 'masing-masing sebagai Hakim Anggota' tidak ditemukan (misalnya hakim tunggal); hakim_anggota_2: anggota kedua tidak ditemukan (misalnya hakim tunggal); penuntut_umum: tidak berlaku untuk dokumen permohonan
1365/Pid.Sus/2026/PN Sby,Rudyanto Soedargo Anak Dari Bambang (alm),Achmad Karimudin Sitorus Bin Normal Sitorus,-,"tindak pidana, “melakukan permufakatan jahat, tanpa hak memiliki, menyimpan, menguasai Narkotika Golongan I bukan tanaman”",-,6 (enam) tahun,Tanpa hak melakukan Permufakatan Jahat menguasai Narkotika Golongan I dalam bentuk bukan tanaman,4 (empat) tahun,11 September 2026,"Rida Nur Karima, S.H., M.Hum.","Abu Achmad Sidqi Amsya, S.H.","Muhammad Zulqarnain, S.H., M.H.","ANDI SETYAWAN, S.H.","Suparlan Hadiyanto, S.H.",T-1365_Pid.Sus_2026_PN Sby.txt,pidana,15,13,sebagian,nama_terdakwa_3: dokumen ini tidak mempunyai terdakwa kedua/ketiga; tuntutan_kuhp: amar Tuntutan nomor 1 tidak memuat Pasal KUHP
1423/Pdt.G/2025/PN Sby,-,-,-,-,-,-,-,-,10 September 2026,"Sagung Bunga Mayasaputri Antara, S.H.","Edi Saputra Pelawi, S.H., M.H.","Muhammad Yusuf Karim, S.H., M.Hum.","Sunarah, S.H.",-,T-1423_Pdt.G_2025_PN Sby.txt,gugatan,6,6,lengkap,nama_terdakwa_1: tidak berlaku untuk dokumen gugatan; nama_terdakwa_2: tidak berlaku untuk dokumen gugatan; nama_terdakwa_3: tidak berlaku untuk dokumen gugatan; tuntutan_pidana: tidak berlaku untuk dokumen gugatan; tuntutan_kuhp: tidak berlaku untuk dokumen gugatan; tuntutan_hukuman: tidak berlaku untuk dokumen gugatan; putusan_pidana: tidak berlaku untuk dokumen gugatan; putusan_hukuman: tidak berlaku untuk dokumen gugatan; penuntut_umum: tidak berlaku untuk dokumen gugatan
1449/Pdt.G/2026/PN Sby,-,-,-,-,-,-,-,-,3 Agustus 2026,"Ardiani, S.H.","Nyoman Ayu Wulandari, S.H., M.H.","Ira Wati, S.H., M.Kn","Ifan Salafi, S.H.",-,T-1449_Pdt.G_2026_PN Sby.txt,gugatan,6,6,lengkap,nama_terdakwa_1: tidak berlaku untuk dokumen gugatan; nama_terdakwa_2: tidak berlaku untuk dokumen gugatan; nama_terdakwa_3: tidak berlaku untuk dokumen gugatan; tuntutan_pidana: tidak berlaku untuk dokumen gugatan; tuntutan_kuhp: tidak berlaku untuk dokumen gugatan; tuntutan_hukuman: tidak berlaku untuk dokumen gugatan; putusan_pidana: tidak berlaku untuk dokumen gugatan; putusan_hukuman: tidak berlaku untuk dokumen gugatan; penuntut_umum: tidak berlaku untuk dokumen gugatan
151/Pdt.G/2026/PN Sby,-,-,-,-,-,-,-,-,27 Agustus 2026,"Dr. Nur Kholis, SH., MH.","Irlina, SH., M.H.","Cokia Ana Pontia Oppusunggu, S.H., M.H.","Maria Nur’aini, S.H.",-,T-151_Pdt.G_2026_PN Sby.txt,gugatan,6,6,lengkap,nama_terdakwa_1: tidak berlaku untuk dokumen gugatan; nama_terdakwa_2: tidak berlaku untuk dokumen gugatan; nama_terdakwa_3: tidak berlaku untuk dokumen gugatan; tuntutan_pidana: tidak berlaku untuk dokumen gugatan; tuntutan_kuhp: tidak berlaku untuk dokumen gugatan; tuntutan_hukuman: tidak berlaku untuk dokumen gugatan; putusan_pidana: tidak berlaku untuk dokumen gugatan; putusan_hukuman: tidak berlaku untuk dokumen gugatan; penuntut_umum: tidak berlaku untuk dokumen gugatan
157/Pdt.P/2018/PN SBY,-,-,-,-,-,-,-,-,7 Maret 2018,"DWI PURWADI, S.H.MH.",-,-,"H. MUKHTAR HADRIS, S.H.MH.",-,T-157_Pdt.P_2018_PN SBY.txt,permohonan,6,4,sebagian,nama_terdakwa_1: tidak berlaku untuk dokumen permohonan; nama_terdakwa_2: tidak berlaku untuk dokumen permohonan; nama_terdakwa_3: tidak berlaku untuk dokumen permohonan; tuntutan_pidana: tidak berlaku untuk dokumen permohonan; tuntutan_kuhp: tidak berlaku untuk dokumen permohonan; tuntutan_hukuman: tidak berlaku untuk dokumen permohonan; putusan_pidana: tidak berlaku untuk dokumen permohonan; putusan_hukuman: tidak berlaku untuk dokumen permohonan; hakim_anggota_1: daftar 'masing-masing sebagai Hakim Anggota' tidak ditemukan (misalnya hakim tunggal); hakim_anggota_2: anggota kedua tidak ditemukan (misalnya hakim tunggal); penuntut_umum: tidak berlaku untuk dokumen permohonan
169/Pdt.G/2026/PN Sby,-,-,-,-,-,-,-,-,2 September 2026,"Nyoman Ayu Wulandari, S.H., M.H.","Antyo Harri Susetyo, S.H.","Ira Wati, S.H., M.Kn.","M.H. Ira Wati, S.H., M.Kn",-,T-169_Pdt.G_2026_PN Sby.txt,gugatan,6,6,lengkap,nama_terdakwa_1: tidak berlaku untuk dokumen gugatan; nama_terdakwa_2: tidak berlaku untuk dokumen gugatan; nama_terdakwa_3: tidak berlaku untuk dokumen gugatan; tuntutan_pidana: tidak berlaku untuk dokumen gugatan; tuntutan_kuhp: tidak berlaku untuk dokumen gugatan; tuntutan_hukuman: tidak berlaku untuk dokumen gugatan; putusan_pidana: tidak berlaku untuk dokumen gugatan; putusan_hukuman: tidak berlaku untuk dokumen gugatan; penuntut_umum: tidak berlaku untuk dokumen gugatan
177/Pid.B/2026/PN Sby,SYAMSUL ARIFIN Bin MUSTAIN,-,-,"”mengambil suatu barang yang sebagian atau seluruhnya milik orang lain, dengan maksud untuk dimiliki secara melawan hukum, pada malam dalam suatu rumah atau dalam pekarangan tertutup yang ada rumahnya, yang dilakukan oleh orang yang adanya di situ tidak diketahui atau dikehendaki oleh yang berhak, dengan cara merusak, membongkar, memotong, memecah, memanjat, memakai anak kunci palsu, menggunakan perintah palsu, atau memakai pakaian jabatan palsu, untuk masuk ke tempat melakukan tindak pidana atau sampai pada barang yang diambil, secara bersama-sama dan bersekutu”",-,3 (tiga) Tahun 7 (tujuh) bulan,Pencurian dalam keadaan memberatkan,2 (Dua) tahun dan 4 (Empat) bulan,13 Maret 2026,"Ira Wati, S.H., MKn","Hj. Ardiani, S.H.","Nyoman Ayu Wulandari, SH.M.H.","Ervin Aprilliyaning Wulan, S.H., M.H.","Yustus One Simus Parlindungan, S.H.",T-177_Pid.B_2026_PN Sby.txt,pidana,15,12,sebagian,nama_terdakwa_2: dokumen ini tidak mempunyai terdakwa kedua/ketiga; nama_terdakwa_3: dokumen ini tidak mempunyai terdakwa kedua/ketiga; tuntutan_kuhp: amar Tuntutan nomor 1 tidak memuat Pasal KUHP
17/Pdt.Sus-Gugatan Lain-Lain/2025/PN Niaga Sby,-,-,-,-,-,-,-,-,17 November 2025,"Silfi Yanti Zulfia, S.H., M.H.","Sih Yuliarti, S.H.","Teguh Santoso, S.H.","Romauli Ritonga, S.H., M.H.",-,T-17_Pdt.Sus-Pailit-GLL_2025_PN.Niaga Sby.txt,pailit-pkpu,6,6,lengkap,nama_terdakwa_1: tidak berlaku untuk dokumen pailit-pkpu; nama_terdakwa_2: tidak berlaku untuk dokumen pailit-pkpu; nama_terdakwa_3: tidak berlaku untuk dokumen pailit-pkpu; tuntutan_pidana: tidak berlaku untuk dokumen pailit-pkpu; tuntutan_kuhp: tidak berlaku untuk dokumen pailit-pkpu; tuntutan_hukuman: tidak berlaku untuk dokumen pailit-pkpu; putusan_pidana: tidak berlaku untuk dokumen pailit-pkpu; putusan_hukuman: tidak berlaku untuk dokumen pailit-pkpu; penuntut_umum: tidak berlaku untuk dokumen pailit-pkpu
186/Pdt.G/2026/PN SBY,-,-,-,-,-,-,-,-,27 Agustus 2026,"MUHAMMAD ZULQARNAIN, SH.MH.","ABU ACHMAD SIDQI AMSYA, SH.","RIDA NUR KARIMA, SH.MHum.","ACHMAD FAJARISMAN, SKom.SH.MH.",-,T-186_Pdt.G_2026_PN Sby.txt,gugatan,6,6,lengkap,nama_terdakwa_1: tidak berlaku untuk dokumen gugatan; nama_terdakwa_2: tidak berlaku untuk dokumen gugatan; nama_terdakwa_3: tidak berlaku untuk dokumen gugatan; tuntutan_pidana: tidak berlaku untuk dokumen gugatan; tuntutan_kuhp: tidak berlaku untuk dokumen gugatan; tuntutan_hukuman: tidak berlaku untuk dokumen gugatan; putusan_pidana: tidak berlaku untuk dokumen gugatan; putusan_hukuman: tidak berlaku untuk dokumen gugatan; penuntut_umum: tidak berlaku untuk dokumen gugatan
1872/Pid.B/2017/PN Sby,RIZKY SYAIFUL ANWAR ALS KYKY BIN SYAIFUL BAHRI,RIANTO BIN SUGIT,-,"pencurian yang didahului, disertai atau diikuti dengan kekerasan atau ancaman kekerasan, terhadap orang dengan maksud untuk mempersiapkan atau mempermudah pencurian, atau dalam hal tertangkap tangan, untuk memungkinkan melarikan diri sendiri atau peserta lainnya, atau untuk tetap menguasai barang yang dicuri, dilakukan dijalan umum, dilakukan oleh dua orang atau lebih dengan bersekutu",pasal 365 ayat (1) dan (2) ke-1 dan ke-2 KUHP,4 (empat) tahun,pencurian dengan kekerasan yang dilakukan oleh dua orang atau lebih dengan bersekutu,2 (dua) tahun dan 6 (enam) bulan,24 Agustus 2017,"SIFA’UROSIDIN, SH., MH.","ISJUAEDI, SH., MH.","FX HANUNG DWI WIBOWO, SH., MH.","YANID INDRA HARJONO, SH., MH.","SRI RAHAYU, SH.",T-1872_Pid.B_2017_PN SBY.txt,pidana,15,14,sebagian,nama_terdakwa_3: dokumen ini tidak mempunyai terdakwa kedua/ketiga
191/Pid.B/2018/PN Sby,NOOR ZAYYAD Bin H. ABDUL HAMID,-,-,penggelapan dalam jabatan yang,Pasal 374 KUHP,1 (Satu) tahun dan 8 (Delapan) bulan,Penggelapan dalam jabatan,1 (Satu) tahun dan 3 (Tiga) bulan,28 Februari 2018,"HARIJANTO, SH.MH.","YULISAR, SH.MH","SIGIT SUTRIONO, SH.MHum","HARIYANTO, SH.MH.","ANGGRAINI, SH.",T-191_Pid.B_2018_PN SBY.txt,pidana,15,13,sebagian,nama_terdakwa_2: dokumen ini tidak mempunyai terdakwa kedua/ketiga; nama_terdakwa_3: dokumen ini tidak mempunyai terdakwa kedua/ketiga
1948/Pid.B/2017/PN Sby,PURWADI Bin WIDYO SUTARJO,-,-,-,-,-,pencurian dengan pemberatan,3 (tiga) tahun,20 Juli 2017,"RIFANDARU E. SETIAWAN, SH. MH","ARI JIWANTARA, SH. MH","H.R UNGGUL WARSO MURTI, SH. MH.","ERVIN A. WULAN, SH., MH.","SISKA CHRISTINA, SH. MH",T-1948_Pid.B_2017_PN SBY.txt,pidana,15,10,sebagian,nama_terdakwa_2: dokumen ini tidak mempunyai terdakwa kedua/ketiga; nama_terdakwa_3: dokumen ini tidak mempunyai terdakwa kedua/ketiga; tuntutan_pidana: amar Tuntutan nomor 1 tidak memuat perbuatan yang dapat dipisahkan; tuntutan_kuhp: amar Tuntutan nomor 1 tidak memuat Pasal KUHP; tuntutan_hukuman: amar Tuntutan nomor 2 tidak memuat durasi sesudah 'selama'
2209/Pid.B/2025/PN Sby,NOVAL BAYU SAPUTRA Bin MOCH. MUCHAYIN,-,-,pencurian,Pasal 363 Ayat (1) ke 5 KUHP,4 (empat) tahun 6 (enam) bulan,“ Pencurian dalam keadaam memberatkan,4 (empat) tahun,11 November 2025,"Aloysius Priharnoto Bayuaji, S.H., M.H.","Dra. Susanti Arsi Wibawani, S.H., M.H.","Ega, S.H.aktiana, S.H., M.H.","Ryan Afrilyansyah, S.H.","Hajita Cahyo Nugroho, S.H",T-2209_Pid.B_2025_PN Sby.txt,pidana,15,13,sebagian,nama_terdakwa_2: dokumen ini tidak mempunyai terdakwa kedua/ketiga; nama_terdakwa_3: dokumen ini tidak mempunyai terdakwa kedua/ketiga
221/Pid.Sus/2018/PN Sby,Bhimo Soenaryo Putro Bin Hendro Tjahyono,-,-,“Menyalahguna Narkotika Golongan I bagi diri sendiri“,-,1 (satu) tahun dan 6 (enam) bulan,“Penyalahguna narkotika Golongan I bagi Diri Sendiri“,1 (satu) tahun,6 Maret 2018,"Pujo Saksono, SH., MH.","Anne Rusiana, SH., M.Hum.","Dwi Purwadi, SH., MH.","Hery Marsudi, SH.","Darwis, SH.",T-221_Pid.Sus_2018_PN SBY.txt,pidana,15,12,sebagian,nama_terdakwa_2: dokumen ini tidak mempunyai terdakwa kedua/ketiga; nama_terdakwa_3: dokumen ini tidak mempunyai terdakwa kedua/ketiga; tuntutan_kuhp: amar Tuntutan nomor 1 tidak memuat Pasal KUHP
222/Pid.Sus/2025/PN Sby,MOCH ROCHMAN bin MOCH YUNUS,-,-,"”Tanpa hak atau melawan hukum menawarkan, menjual, membeli, menerima, ataupun menjadi perantara bahkan menukar menyerahkan narkotika Golongan I”",-,9 (Sembilan) Tahun 3 (tiga) Bulan,“Tanpa hak atau melawan hukum membeli dan menjual Narkotika Golongan I bukan tanaman“,9 (Sembilan) Tahun,10 April 2025,"JAHORAS SIRINGORINGO, S.H., M.H.","DARWANTO, S.H., M.H.","I MADE YULIADA, S.H., M.H.","ROMAULI RITONGA, S.H., M.H.","I GEDE KRISNA WAHYU WIJAYA, S.H.",T-222_Pid.Sus_2025_PN Sby.txt,pidana,15,12,sebagian,nama_terdakwa_2: dokumen ini tidak mempunyai terdakwa kedua/ketiga; nama_terdakwa_3: dokumen ini tidak mempunyai terdakwa kedua/ketiga; tuntutan_kuhp: amar Tuntutan nomor 1 tidak memuat Pasal KUHP
227/Pdt.G/2026/PN Sby,-,-,-,-,-,-,-,-,14 September 2026,"Ega Shaktiana, S.H., M.H.","Aloysius Priharnoto Bayuaji, S.H., M.H.","Sih Yuliarti, S.H.","M.H Sih Yuliarti, S.H.",-,T-227_Pdt.G_2026_PN Sby.txt,gugatan,6,6,lengkap,nama_terdakwa_1: tidak berlaku untuk dokumen gugatan; nama_terdakwa_2: tidak berlaku untuk dokumen gugatan; nama_terdakwa_3: tidak berlaku untuk dokumen gugatan; tuntutan_pidana: tidak berlaku untuk dokumen gugatan; tuntutan_kuhp: tidak berlaku untuk dokumen gugatan; tuntutan_hukuman: tidak berlaku untuk dokumen gugatan; putusan_pidana: tidak berlaku untuk dokumen gugatan; putusan_hukuman: tidak berlaku untuk dokumen gugatan; penuntut_umum: tidak berlaku untuk dokumen gugatan
2289/Pid.Sus/2017/PN SBY,Sutrisno Bin Danawi Alias Bagong,-,-,"secara tanpa haka tau melawan hokum, memiliki, menyimpan, menguasai atau menyediakan narkotika golongan I bukan tanaman",-,9 (Sembilan) Tahun,"tanpa hak atau melawan hukum memiliki, menyimpan, menguasai atau menyediakan narkotika golongan I bukan tanaman",6 (enam) Tahun,5 Oktober 2017,"FX Hanung Dwi Wibowo, S.H., M.H","Sifa’urosidin, SH., MH.","Isjuaedi, S.H., M.H.","Irawan Djatmiko, SH. MH.","Sri Winarni, S.H.",T-2289_Pid.Sus_2017_PN SBY.txt,pidana,15,12,sebagian,nama_terdakwa_2: dokumen ini tidak mempunyai terdakwa kedua/ketiga; nama_terdakwa_3: dokumen ini tidak mempunyai terdakwa kedua/ketiga; tuntutan_kuhp: amar Tuntutan nomor 1 tidak memuat Pasal KUHP
2296/Pdt.P/2026/PN Sby,-,-,-,-,-,-,-,-,4 September 2026,"Mochamad Arif Satiyo Widodo, S.H., M.H.",-,-,"Alarico De Jesus, S.H.",-,T-2296_Pdt.P_2026_PN Sby.txt,permohonan,6,4,sebagian,nama_terdakwa_1: tidak berlaku untuk dokumen permohonan; nama_terdakwa_2: tidak berlaku untuk dokumen permohonan; nama_terdakwa_3: tidak berlaku untuk dokumen permohonan; tuntutan_pidana: tidak berlaku untuk dokumen permohonan; tuntutan_kuhp: tidak berlaku untuk dokumen permohonan; tuntutan_hukuman: tidak berlaku untuk dokumen permohonan; putusan_pidana: tidak berlaku untuk dokumen permohonan; putusan_hukuman: tidak berlaku untuk dokumen permohonan; hakim_anggota_1: daftar 'masing-masing sebagai Hakim Anggota' tidak ditemukan (misalnya hakim tunggal); hakim_anggota_2: anggota kedua tidak ditemukan (misalnya hakim tunggal); penuntut_umum: tidak berlaku untuk dokumen permohonan
22/Pid.B/2018/PN Sby,SURIADI,-,-,-,Pasal 378 KUHP,3 (tiga) tahun 6 (enam) bulan,Penipuan,2 (dua) tahun dan 6 (enam) bulan,28 Februari 2018,"Maxi Sigarlaki, SH.MH.","Rochmad, S.H.","R. Anton Widyopriyono, SH.MH.","Makhfud, SH.MH.","Agung Rokhaniawan, SH.MH.",T-22_Pid.B_2018_PN SBY.txt,pidana,15,12,sebagian,nama_terdakwa_2: dokumen ini tidak mempunyai terdakwa kedua/ketiga; nama_terdakwa_3: dokumen ini tidak mempunyai terdakwa kedua/ketiga; tuntutan_pidana: amar Tuntutan nomor 1 tidak memuat perbuatan yang dapat dipisahkan
2302/Pid.Sus/2017/PN Sby,Moch. Yusuf Susiyanto Bin Soekri Marsaid,-,-,"“tanpa hak atau melawan hukum memiliki, menyimpan, menguasai, atau menyediakan Narkotika Golongan I bukan tanaman jenis sabu-sabu”.",-,5 (lima) tahun,"“tanpa hak atau melawan hukum memiliki, menyimpan, menguasai, atau menyediakan Narkotika Golongan I bukan tanaman jenis sabu-sabu”.",1 (satu) bulan,4 Oktober 2017,"RIFANDARU E. SETIAWAN, SH. MH.","ARI JIWANTARA, SH. MH","H.R UNGGUL WARSO MURTI, SH. MH.","ERVIN A. WULAN, SH., MH.","SAMSU J. EFENDI BANU, SH",T-2302_Pid.Sus_2017_PN SBY.txt,pidana,15,12,sebagian,nama_terdakwa_2: dokumen ini tidak mempunyai terdakwa kedua/ketiga; nama_terdakwa_3: dokumen ini tidak mempunyai terdakwa kedua/ketiga; tuntutan_kuhp: amar Tuntutan nomor 1 tidak memuat Pasal KUHP
2323/Pdt.P/2026/PN Sby,-,-,-,-,-,-,-,-,9 September 2026,"Edi Saputra Pelawi, S.H., M.H.",-,-,"Lina Susiana, SH., MH",-,T-2323_Pdt.P_2026_PN Sby.txt,permohonan,6,4,sebagian,nama_terdakwa_1: tidak berlaku untuk dokumen permohonan; nama_terdakwa_2: tidak berlaku untuk dokumen permohonan; nama_terdakwa_3: tidak berlaku untuk dokumen permohonan; tuntutan_pidana: tidak berlaku untuk dokumen permohonan; tuntutan_kuhp: tidak berlaku untuk dokumen permohonan; tuntutan_hukuman: tidak berlaku untuk dokumen permohonan; putusan_pidana: tidak berlaku untuk dokumen permohonan; putusan_hukuman: tidak berlaku untuk dokumen permohonan; hakim_anggota_1: daftar 'masing-masing sebagai Hakim Anggota' tidak ditemukan (misalnya hakim tunggal); hakim_anggota_2: anggota kedua tidak ditemukan (misalnya hakim tunggal); penuntut_umum: tidak berlaku untuk dokumen permohonan
2340/Pdt.P/2026/PN Sby,-,-,-,-,-,-,-,-,17 September 2026,"S. Pujiono, S.H., M.Hum.",-,-,"Asep Priyatno, S.H., M.H.",-,T-2340_Pdt.P_2026_PN Sby.txt,permohonan,6,4,sebagian,nama_terdakwa_1: tidak berlaku untuk dokumen permohonan; nama_terdakwa_2: tidak berlaku untuk dokumen permohonan; nama_terdakwa_3: tidak berlaku untuk dokumen permohonan; tuntutan_pidana: tidak berlaku untuk dokumen permohonan; tuntutan_kuhp: tidak berlaku untuk dokumen permohonan; tuntutan_hukuman: tidak berlaku untuk dokumen permohonan; putusan_pidana: tidak berlaku untuk dokumen permohonan; putusan_hukuman: tidak berlaku untuk dokumen permohonan; hakim_anggota_1: daftar 'masing-masing sebagai Hakim Anggota' tidak ditemukan (misalnya hakim tunggal); hakim_anggota_2: anggota kedua tidak ditemukan (misalnya hakim tunggal); penuntut_umum: tidak berlaku untuk dokumen permohonan
2364/Pdt.P/2026/PN Sby,-,-,-,-,-,-,-,-,16 September 2026,"Dr. Nur Kholis, S.H., M.H",-,-,"Ryan Afrilyansyah, S.H.",-,T-2364_Pdt.P_2026_PN Sby.txt,permohonan,6,4,sebagian,nama_terdakwa_1: tidak berlaku untuk dokumen permohonan; nama_terdakwa_2: tidak berlaku untuk dokumen permohonan; nama_terdakwa_3: tidak berlaku untuk dokumen permohonan; tuntutan_pidana: tidak berlaku untuk dokumen permohonan; tuntutan_kuhp: tidak berlaku untuk dokumen permohonan; tuntutan_hukuman: tidak berlaku untuk dokumen permohonan; putusan_pidana: tidak berlaku untuk dokumen permohonan; putusan_hukuman: tidak berlaku untuk dokumen permohonan; hakim_anggota_1: daftar 'masing-masing sebagai Hakim Anggota' tidak ditemukan (misalnya hakim tunggal); hakim_anggota_2: anggota kedua tidak ditemukan (misalnya hakim tunggal); penuntut_umum: tidak berlaku untuk dokumen permohonan
2389/Pdt.P/2026/PN Sby,-,-,-,-,-,-,-,-,9 September 2026,"Purnomo Hadiyarto, S.H.",-,-,"Alarico De Jesus, S.H.",-,T-2389_Pdt.P_2026_PN Sby.txt,permohonan,6,4,sebagian,nama_terdakwa_1: tidak berlaku untuk dokumen permohonan; nama_terdakwa_2: tidak berlaku untuk dokumen permohonan; nama_terdakwa_3: tidak berlaku untuk dokumen permohonan; tuntutan_pidana: tidak berlaku untuk dokumen permohonan; tuntutan_kuhp: tidak berlaku untuk dokumen permohonan; tuntutan_hukuman: tidak berlaku untuk dokumen permohonan; putusan_pidana: tidak berlaku untuk dokumen permohonan; putusan_hukuman: tidak berlaku untuk dokumen permohonan; hakim_anggota_1: daftar 'masing-masing sebagai Hakim Anggota' tidak ditemukan (misalnya hakim tunggal); hakim_anggota_2: anggota kedua tidak ditemukan (misalnya hakim tunggal); penuntut_umum: tidak berlaku untuk dokumen permohonan
2394/Pdt.P/2026/PN Sby,-,-,-,-,-,-,-,-,10 September 2026,"Purnomo Hadiyarto, S.H.",-,-,"Suparman, S.H., M.H.",-,T-2394_Pdt.P_2026_PN Sby.txt,permohonan,6,4,sebagian,nama_terdakwa_1: tidak berlaku untuk dokumen permohonan; nama_terdakwa_2: tidak berlaku untuk dokumen permohonan; nama_terdakwa_3: tidak berlaku untuk dokumen permohonan; tuntutan_pidana: tidak berlaku untuk dokumen permohonan; tuntutan_kuhp: tidak berlaku untuk dokumen permohonan; tuntutan_hukuman: tidak berlaku untuk dokumen permohonan; putusan_pidana: tidak berlaku untuk dokumen permohonan; putusan_hukuman: tidak berlaku untuk dokumen permohonan; hakim_anggota_1: daftar 'masing-masing sebagai Hakim Anggota' tidak ditemukan (misalnya hakim tunggal); hakim_anggota_2: anggota kedua tidak ditemukan (misalnya hakim tunggal); penuntut_umum: tidak berlaku untuk dokumen permohonan
2403/Pdt.P/2026/PN Sby,-,-,-,-,-,-,-,-,9 September 2026,"Aloysius Priharnoto Bayuaji, S.H., M.H.",-,-,"Adistya Fansriayu, S.H.",-,T-2403_Pdt.P_2026_PN Sby.txt,permohonan,6,4,sebagian,nama_terdakwa_1: tidak berlaku untuk dokumen permohonan; nama_terdakwa_2: tidak berlaku untuk dokumen permohonan; nama_terdakwa_3: tidak berlaku untuk dokumen permohonan; tuntutan_pidana: tidak berlaku untuk dokumen permohonan; tuntutan_kuhp: tidak berlaku untuk dokumen permohonan; tuntutan_hukuman: tidak berlaku untuk dokumen permohonan; putusan_pidana: tidak berlaku untuk dokumen permohonan; putusan_hukuman: tidak berlaku untuk dokumen permohonan; hakim_anggota_1: daftar 'masing-masing sebagai Hakim Anggota' tidak ditemukan (misalnya hakim tunggal); hakim_anggota_2: anggota kedua tidak ditemukan (misalnya hakim tunggal); penuntut_umum: tidak berlaku untuk dokumen permohonan
2420/Pdt.P/2026/PN Sby,-,-,-,-,-,-,-,-,3 September 2026,"Hj. Satyawati Yun Irianti, S.H., M.Hum.",-,-,"Dhany Eko Prasetyo, SE., SH., MM., M.Hum",-,T-2420_Pdt.P_2026_PN Sby.txt,permohonan,6,4,sebagian,nama_terdakwa_1: tidak berlaku untuk dokumen permohonan; nama_terdakwa_2: tidak berlaku untuk dokumen permohonan; nama_terdakwa_3: tidak berlaku untuk dokumen permohonan; tuntutan_pidana: tidak berlaku untuk dokumen permohonan; tuntutan_kuhp: tidak berlaku untuk dokumen permohonan; tuntutan_hukuman: tidak berlaku untuk dokumen permohonan; putusan_pidana: tidak berlaku untuk dokumen permohonan; putusan_hukuman: tidak berlaku untuk dokumen permohonan; hakim_anggota_1: daftar 'masing-masing sebagai Hakim Anggota' tidak ditemukan (misalnya hakim tunggal); hakim_anggota_2: anggota kedua tidak ditemukan (misalnya hakim tunggal); penuntut_umum: tidak berlaku untuk dokumen permohonan
2423/Pdt.P/2026/PN Sby,-,-,-,-,-,-,-,-,10 September 2026,"Abu Achmad Sidqi Amsya, S.H.",-,-,"Ida Yustianingsih, S.E., S.H.",-,T-2423_Pdt.P_2026_PN Sby.txt,permohonan,6,4,sebagian,nama_terdakwa_1: tidak berlaku untuk dokumen permohonan; nama_terdakwa_2: tidak berlaku untuk dokumen permohonan; nama_terdakwa_3: tidak berlaku untuk dokumen permohonan; tuntutan_pidana: tidak berlaku untuk dokumen permohonan; tuntutan_kuhp: tidak berlaku untuk dokumen permohonan; tuntutan_hukuman: tidak berlaku untuk dokumen permohonan; putusan_pidana: tidak berlaku untuk dokumen permohonan; putusan_hukuman: tidak berlaku untuk dokumen permohonan; hakim_anggota_1: daftar 'masing-masing sebagai Hakim Anggota' tidak ditemukan (misalnya hakim tunggal); hakim_anggota_2: anggota kedua tidak ditemukan (misalnya hakim tunggal); penuntut_umum: tidak berlaku untuk dokumen permohonan
2431/Pdt.P/2025/PN Sby,-,-,-,-,-,-,-,-,11 November 2025,"S. Pujiono, S.H., M.Hum.",-,-,"Lina Susiana, S.H., M.H.",-,T-2431_Pdt.P_2025_PN Sby.txt,permohonan,6,4,sebagian,nama_terdakwa_1: tidak berlaku untuk dokumen permohonan; nama_terdakwa_2: tidak berlaku untuk dokumen permohonan; nama_terdakwa_3: tidak berlaku untuk dokumen permohonan; tuntutan_pidana: tidak berlaku untuk dokumen permohonan; tuntutan_kuhp: tidak berlaku untuk dokumen permohonan; tuntutan_hukuman: tidak berlaku untuk dokumen permohonan; putusan_pidana: tidak berlaku untuk dokumen permohonan; putusan_hukuman: tidak berlaku untuk dokumen permohonan; hakim_anggota_1: daftar 'masing-masing sebagai Hakim Anggota' tidak ditemukan (misalnya hakim tunggal); hakim_anggota_2: anggota kedua tidak ditemukan (misalnya hakim tunggal); penuntut_umum: tidak berlaku untuk dokumen permohonan
2437/Pdt.P/2026/PN Sby,-,-,-,-,-,-,-,-,10 September 2026,"Edi Saputra Pelawi, S.H., M.H.",-,-,"Lina Susiana, SH., MH",-,T-2437_Pdt.P_2026_PN Sby.txt,permohonan,6,4,sebagian,nama_terdakwa_1: tidak berlaku untuk dokumen permohonan; nama_terdakwa_2: tidak berlaku untuk dokumen permohonan; nama_terdakwa_3: tidak berlaku untuk dokumen permohonan; tuntutan_pidana: tidak berlaku untuk dokumen permohonan; tuntutan_kuhp: tidak berlaku untuk dokumen permohonan; tuntutan_hukuman: tidak berlaku untuk dokumen permohonan; putusan_pidana: tidak berlaku untuk dokumen permohonan; putusan_hukuman: tidak berlaku untuk dokumen permohonan; hakim_anggota_1: daftar 'masing-masing sebagai Hakim Anggota' tidak ditemukan (misalnya hakim tunggal); hakim_anggota_2: anggota kedua tidak ditemukan (misalnya hakim tunggal); penuntut_umum: tidak berlaku untuk dokumen permohonan
2441/Pdt.P/2025/PN Sby,-,-,-,-,-,-,-,-,11 November 2025,"Dr. Nur Kholis, S.H., M.H.",-,-,"Lina Susiana, S.H., M.H.",-,T-2441_Pdt.P_2025_PN Sby.txt,permohonan,6,4,sebagian,nama_terdakwa_1: tidak berlaku untuk dokumen permohonan; nama_terdakwa_2: tidak berlaku untuk dokumen permohonan; nama_terdakwa_3: tidak berlaku untuk dokumen permohonan; tuntutan_pidana: tidak berlaku untuk dokumen permohonan; tuntutan_kuhp: tidak berlaku untuk dokumen permohonan; tuntutan_hukuman: tidak berlaku untuk dokumen permohonan; putusan_pidana: tidak berlaku untuk dokumen permohonan; putusan_hukuman: tidak berlaku untuk dokumen permohonan; hakim_anggota_1: daftar 'masing-masing sebagai Hakim Anggota' tidak ditemukan (misalnya hakim tunggal); hakim_anggota_2: anggota kedua tidak ditemukan (misalnya hakim tunggal); penuntut_umum: tidak berlaku untuk dokumen permohonan
2448/Pdt.P/2026/PN Sby,-,-,-,-,-,-,-,-,15 September 2026,"Alex Adam Faisal, S.H., M.H.",-,-,"Ifan Salafi, SH.",-,T-2448_Pdt.P_2026_PN Sby.txt,permohonan,6,4,sebagian,nama_terdakwa_1: tidak berlaku untuk dokumen permohonan; nama_terdakwa_2: tidak berlaku untuk dokumen permohonan; nama_terdakwa_3: tidak berlaku untuk dokumen permohonan; tuntutan_pidana: tidak berlaku untuk dokumen permohonan; tuntutan_kuhp: tidak berlaku untuk dokumen permohonan; tuntutan_hukuman: tidak berlaku untuk dokumen permohonan; putusan_pidana: tidak berlaku untuk dokumen permohonan; putusan_hukuman: tidak berlaku untuk dokumen permohonan; hakim_anggota_1: daftar 'masing-masing sebagai Hakim Anggota' tidak ditemukan (misalnya hakim tunggal); hakim_anggota_2: anggota kedua tidak ditemukan (misalnya hakim tunggal); penuntut_umum: tidak berlaku untuk dokumen permohonan
2455/Pdt.P/2026/PN Sby,-,-,-,-,-,-,-,-,9 September 2026,"Gede Putra Astawa, S.H., M.H.",-,-,"Endang Kusrini, S.H.",-,T-2455_Pdt.P_2026_PN Sby.txt,permohonan,6,4,sebagian,nama_terdakwa_1: tidak berlaku untuk dokumen permohonan; nama_terdakwa_2: tidak berlaku untuk dokumen permohonan; nama_terdakwa_3: tidak berlaku untuk dokumen permohonan; tuntutan_pidana: tidak berlaku untuk dokumen permohonan; tuntutan_kuhp: tidak berlaku untuk dokumen permohonan; tuntutan_hukuman: tidak berlaku untuk dokumen permohonan; putusan_pidana: tidak berlaku untuk dokumen permohonan; putusan_hukuman: tidak berlaku untuk dokumen permohonan; hakim_anggota_1: daftar 'masing-masing sebagai Hakim Anggota' tidak ditemukan (misalnya hakim tunggal); hakim_anggota_2: anggota kedua tidak ditemukan (misalnya hakim tunggal); penuntut_umum: tidak berlaku untuk dokumen permohonan
2463/Pdt.P/2026/PN Sby,-,-,-,-,-,-,-,-,11 September 2026,"Sarlota Marselina Suek, S.H..",-,-,"Dhany Eko Prasetyo, SE., SH., MM., M.Hum.",-,T-2463_Pdt.P_2026_PN Sby.txt,permohonan,6,4,sebagian,nama_terdakwa_1: tidak berlaku untuk dokumen permohonan; nama_terdakwa_2: tidak berlaku untuk dokumen permohonan; nama_terdakwa_3: tidak berlaku untuk dokumen permohonan; tuntutan_pidana: tidak berlaku untuk dokumen permohonan; tuntutan_kuhp: tidak berlaku untuk dokumen permohonan; tuntutan_hukuman: tidak berlaku untuk dokumen permohonan; putusan_pidana: tidak berlaku untuk dokumen permohonan; putusan_hukuman: tidak berlaku untuk dokumen permohonan; hakim_anggota_1: daftar 'masing-masing sebagai Hakim Anggota' tidak ditemukan (misalnya hakim tunggal); hakim_anggota_2: anggota kedua tidak ditemukan (misalnya hakim tunggal); penuntut_umum: tidak berlaku untuk dokumen permohonan
2464/Pdt.P/2026/PN Sby,-,-,-,-,-,-,-,-,10 September 2026,"Aloysius Priharnoto Bayuaji, S.H., M.H.",-,-,"Adistya Fansriayu, S.H.",-,T-2464_Pdt.P_2026_PN Sby.txt,permohonan,6,4,sebagian,nama_terdakwa_1: tidak berlaku untuk dokumen permohonan; nama_terdakwa_2: tidak berlaku untuk dokumen permohonan; nama_terdakwa_3: tidak berlaku untuk dokumen permohonan; tuntutan_pidana: tidak berlaku untuk dokumen permohonan; tuntutan_kuhp: tidak berlaku untuk dokumen permohonan; tuntutan_hukuman: tidak berlaku untuk dokumen permohonan; putusan_pidana: tidak berlaku untuk dokumen permohonan; putusan_hukuman: tidak berlaku untuk dokumen permohonan; hakim_anggota_1: daftar 'masing-masing sebagai Hakim Anggota' tidak ditemukan (misalnya hakim tunggal); hakim_anggota_2: anggota kedua tidak ditemukan (misalnya hakim tunggal); penuntut_umum: tidak berlaku untuk dokumen permohonan
2472/Pdt.P/2026/PN Sby,-,-,-,-,-,-,-,-,9 September 2026,"Purnomo Hadiyarto, S.H.",-,-,"Endang Kusrini, S.H.",-,T-2472_Pdt.P_2026_PN Sby.txt,permohonan,6,4,sebagian,nama_terdakwa_1: tidak berlaku untuk dokumen permohonan; nama_terdakwa_2: tidak berlaku untuk dokumen permohonan; nama_terdakwa_3: tidak berlaku untuk dokumen permohonan; tuntutan_pidana: tidak berlaku untuk dokumen permohonan; tuntutan_kuhp: tidak berlaku untuk dokumen permohonan; tuntutan_hukuman: tidak berlaku untuk dokumen permohonan; putusan_pidana: tidak berlaku untuk dokumen permohonan; putusan_hukuman: tidak berlaku untuk dokumen permohonan; hakim_anggota_1: daftar 'masing-masing sebagai Hakim Anggota' tidak ditemukan (misalnya hakim tunggal); hakim_anggota_2: anggota kedua tidak ditemukan (misalnya hakim tunggal); penuntut_umum: tidak berlaku untuk dokumen permohonan
2475/Pdt.P/2026/PN Sby,-,-,-,-,-,-,-,-,10 September 2026,"Teguh Santoso, S.H.",-,-,"Nurul Evarani, S.H., M.H.",-,T-2475_Pdt.P_2026_PN Sby.txt,permohonan,6,4,sebagian,nama_terdakwa_1: tidak berlaku untuk dokumen permohonan; nama_terdakwa_2: tidak berlaku untuk dokumen permohonan; nama_terdakwa_3: tidak berlaku untuk dokumen permohonan; tuntutan_pidana: tidak berlaku untuk dokumen permohonan; tuntutan_kuhp: tidak berlaku untuk dokumen permohonan; tuntutan_hukuman: tidak berlaku untuk dokumen permohonan; putusan_pidana: tidak berlaku untuk dokumen permohonan; putusan_hukuman: tidak berlaku untuk dokumen permohonan; hakim_anggota_1: daftar 'masing-masing sebagai Hakim Anggota' tidak ditemukan (misalnya hakim tunggal); hakim_anggota_2: anggota kedua tidak ditemukan (misalnya hakim tunggal); penuntut_umum: tidak berlaku untuk dokumen permohonan
2484/Pdt.P/2026/PN Sby,-,-,-,-,-,-,-,-,4 September 2026,"Hj. Satyawati Yun Irianti, S.H., M.Hum.",-,-,"Alarico De Jesus, S.H.",-,T-2484_Pdt.P_2026_PN Sby.txt,permohonan,6,4,sebagian,nama_terdakwa_1: tidak berlaku untuk dokumen permohonan; nama_terdakwa_2: tidak berlaku untuk dokumen permohonan; nama_terdakwa_3: tidak berlaku untuk dokumen permohonan; tuntutan_pidana: tidak berlaku untuk dokumen permohonan; tuntutan_kuhp: tidak berlaku untuk dokumen permohonan; tuntutan_hukuman: tidak berlaku untuk dokumen permohonan; putusan_pidana: tidak berlaku untuk dokumen permohonan; putusan_hukuman: tidak berlaku untuk dokumen permohonan; hakim_anggota_1: daftar 'masing-masing sebagai Hakim Anggota' tidak ditemukan (misalnya hakim tunggal); hakim_anggota_2: anggota kedua tidak ditemukan (misalnya hakim tunggal); penuntut_umum: tidak berlaku untuk dokumen permohonan
2487/Pdt.P/2026/PN Sby,-,-,-,-,-,-,-,-,9 September 2026,"Ida Ayu Widyarini, S.H., M.Hum.",-,-,"Ida Yustianingsih, S.E., S.H.",-,T-2487_Pdt.P_2026_PN Sby.txt,permohonan,6,4,sebagian,nama_terdakwa_1: tidak berlaku untuk dokumen permohonan; nama_terdakwa_2: tidak berlaku untuk dokumen permohonan; nama_terdakwa_3: tidak berlaku untuk dokumen permohonan; tuntutan_pidana: tidak berlaku untuk dokumen permohonan; tuntutan_kuhp: tidak berlaku untuk dokumen permohonan; tuntutan_hukuman: tidak berlaku untuk dokumen permohonan; putusan_pidana: tidak berlaku untuk dokumen permohonan; putusan_hukuman: tidak berlaku untuk dokumen permohonan; hakim_anggota_1: daftar 'masing-masing sebagai Hakim Anggota' tidak ditemukan (misalnya hakim tunggal); hakim_anggota_2: anggota kedua tidak ditemukan (misalnya hakim tunggal); penuntut_umum: tidak berlaku untuk dokumen permohonan
2490/Pdt.P/2026/PN Sby,-,-,-,-,-,-,-,-,10 September 2026,"Ega Shaktiana, S.H., M.H.",-,-,"Adistya Fansriayu, SH.",-,T-2490_Pdt.P_2026_PN Sby.txt,permohonan,6,4,sebagian,nama_terdakwa_1: tidak berlaku untuk dokumen permohonan; nama_terdakwa_2: tidak berlaku untuk dokumen permohonan; nama_terdakwa_3: tidak berlaku untuk dokumen permohonan; tuntutan_pidana: tidak berlaku untuk dokumen permohonan; tuntutan_kuhp: tidak berlaku untuk dokumen permohonan; tuntutan_hukuman: tidak berlaku untuk dokumen permohonan; putusan_pidana: tidak berlaku untuk dokumen permohonan; putusan_hukuman: tidak berlaku untuk dokumen permohonan; hakim_anggota_1: daftar 'masing-masing sebagai Hakim Anggota' tidak ditemukan (misalnya hakim tunggal); hakim_anggota_2: anggota kedua tidak ditemukan (misalnya hakim tunggal); penuntut_umum: tidak berlaku untuk dokumen permohonan
2495/Pdt.P/2026/PN Sby,-,-,-,-,-,-,-,-,3 September 2026,"Betsji Siske Manoe, S.H., M.H.",-,-,"Akhiruli Tridososasi, S.H.",-,T-2495_Pdt.P_2026_PN Sby.txt,permohonan,6,4,sebagian,nama_terdakwa_1: tidak berlaku untuk dokumen permohonan; nama_terdakwa_2: tidak berlaku untuk dokumen permohonan; nama_terdakwa_3: tidak berlaku untuk dokumen permohonan; tuntutan_pidana: tidak berlaku untuk dokumen permohonan; tuntutan_kuhp: tidak berlaku untuk dokumen permohonan; tuntutan_hukuman: tidak berlaku untuk dokumen permohonan; putusan_pidana: tidak berlaku untuk dokumen permohonan; putusan_hukuman: tidak berlaku untuk dokumen permohonan; hakim_anggota_1: daftar 'masing-masing sebagai Hakim Anggota' tidak ditemukan (misalnya hakim tunggal); hakim_anggota_2: anggota kedua tidak ditemukan (misalnya hakim tunggal); penuntut_umum: tidak berlaku untuk dokumen permohonan
2500/Pdt.P/2026/PN Sby,-,-,-,-,-,-,-,-,9 September 2026,"Dr. Nurkholis S.H., M.H.",-,-,"Yanid Indra Harjono, SH",-,T-2500_Pdt.P_2026_PN Sby.txt,permohonan,6,4,sebagian,nama_terdakwa_1: tidak berlaku untuk dokumen permohonan; nama_terdakwa_2: tidak berlaku untuk dokumen permohonan; nama_terdakwa_3: tidak berlaku untuk dokumen permohonan; tuntutan_pidana: tidak berlaku untuk dokumen permohonan; tuntutan_kuhp: tidak berlaku untuk dokumen permohonan; tuntutan_hukuman: tidak berlaku untuk dokumen permohonan; putusan_pidana: tidak berlaku untuk dokumen permohonan; putusan_hukuman: tidak berlaku untuk dokumen permohonan; hakim_anggota_1: daftar 'masing-masing sebagai Hakim Anggota' tidak ditemukan (misalnya hakim tunggal); hakim_anggota_2: anggota kedua tidak ditemukan (misalnya hakim tunggal); penuntut_umum: tidak berlaku untuk dokumen permohonan
2504/Pdt.P/2026/PN Sby,-,-,-,-,-,-,-,-,10 September 2026,"Gede Putra Astawa, S.H., M.H.",-,-,"Alarico De Jesus, S.H.",-,T-2504_Pdt.P_2026_PN Sby.txt,permohonan,6,4,sebagian,nama_terdakwa_1: tidak berlaku untuk dokumen permohonan; nama_terdakwa_2: tidak berlaku untuk dokumen permohonan; nama_terdakwa_3: tidak berlaku untuk dokumen permohonan; tuntutan_pidana: tidak berlaku untuk dokumen permohonan; tuntutan_kuhp: tidak berlaku untuk dokumen permohonan; tuntutan_hukuman: tidak berlaku untuk dokumen permohonan; putusan_pidana: tidak berlaku untuk dokumen permohonan; putusan_hukuman: tidak berlaku untuk dokumen permohonan; hakim_anggota_1: daftar 'masing-masing sebagai Hakim Anggota' tidak ditemukan (misalnya hakim tunggal); hakim_anggota_2: anggota kedua tidak ditemukan (misalnya hakim tunggal); penuntut_umum: tidak berlaku untuk dokumen permohonan
2505/Pdt.P/2026/PN Sby,-,-,-,-,-,-,-,-,9 September 2026,"Sugeng Harsoyo, S.H., M.H",-,-,"Achmad Sofwan Mustafiddin, S.H., M.H",-,T-2505_Pdt.P_2026_PN Sby.txt,permohonan,6,4,sebagian,nama_terdakwa_1: tidak berlaku untuk dokumen permohonan; nama_terdakwa_2: tidak berlaku untuk dokumen permohonan; nama_terdakwa_3: tidak berlaku untuk dokumen permohonan; tuntutan_pidana: tidak berlaku untuk dokumen permohonan; tuntutan_kuhp: tidak berlaku untuk dokumen permohonan; tuntutan_hukuman: tidak berlaku untuk dokumen permohonan; putusan_pidana: tidak berlaku untuk dokumen permohonan; putusan_hukuman: tidak berlaku untuk dokumen permohonan; hakim_anggota_1: daftar 'masing-masing sebagai Hakim Anggota' tidak ditemukan (misalnya hakim tunggal); hakim_anggota_2: anggota kedua tidak ditemukan (misalnya hakim tunggal); penuntut_umum: tidak berlaku untuk dokumen permohonan
2508/PDT.P/2026/PN Sby,-,-,-,-,-,-,-,-,9 September 2026,"MUHAMMAD ZULQARNAIN, S.H., M.H.",-,-,"S, E., S.H.",-,T-2508_Pdt.P_2026_PN Sby.txt,permohonan,6,4,sebagian,nama_terdakwa_1: tidak berlaku untuk dokumen permohonan; nama_terdakwa_2: tidak berlaku untuk dokumen permohonan; nama_terdakwa_3: tidak berlaku untuk dokumen permohonan; tuntutan_pidana: tidak berlaku untuk dokumen permohonan; tuntutan_kuhp: tidak berlaku untuk dokumen permohonan; tuntutan_hukuman: tidak berlaku untuk dokumen permohonan; putusan_pidana: tidak berlaku untuk dokumen permohonan; putusan_hukuman: tidak berlaku untuk dokumen permohonan; hakim_anggota_1: daftar 'masing-masing sebagai Hakim Anggota' tidak ditemukan (misalnya hakim tunggal); hakim_anggota_2: anggota kedua tidak ditemukan (misalnya hakim tunggal); penuntut_umum: tidak berlaku untuk dokumen permohonan
2509/Pdt.P/2026/PN Sby,-,-,-,-,-,-,-,-,9 September 2026,"Aloysius Priharnoto Bayuaji, S.H., M.H.",-,-,"Adistya Fansriayu, S.H.",-,T-2509_Pdt.P_2026_PN Sby.txt,permohonan,6,4,sebagian,nama_terdakwa_1: tidak berlaku untuk dokumen permohonan; nama_terdakwa_2: tidak berlaku untuk dokumen permohonan; nama_terdakwa_3: tidak berlaku untuk dokumen permohonan; tuntutan_pidana: tidak berlaku untuk dokumen permohonan; tuntutan_kuhp: tidak berlaku untuk dokumen permohonan; tuntutan_hukuman: tidak berlaku untuk dokumen permohonan; putusan_pidana: tidak berlaku untuk dokumen permohonan; putusan_hukuman: tidak berlaku untuk dokumen permohonan; hakim_anggota_1: daftar 'masing-masing sebagai Hakim Anggota' tidak ditemukan (misalnya hakim tunggal); hakim_anggota_2: anggota kedua tidak ditemukan (misalnya hakim tunggal); penuntut_umum: tidak berlaku untuk dokumen permohonan
2518/Pdt.P/2026/PN Sby,-,-,-,-,-,-,-,-,10 September 2026,"ALEX ADAM FAISAL, S.H., M.H.",-,-,"IKA YUNIA RATNAWATI, S.H., M.H.",-,T-2518_Pdt.P_2026_PN Sby.txt,permohonan,6,4,sebagian,nama_terdakwa_1: tidak berlaku untuk dokumen permohonan; nama_terdakwa_2: tidak berlaku untuk dokumen permohonan; nama_terdakwa_3: tidak berlaku untuk dokumen permohonan; tuntutan_pidana: tidak berlaku untuk dokumen permohonan; tuntutan_kuhp: tidak berlaku untuk dokumen permohonan; tuntutan_hukuman: tidak berlaku untuk dokumen permohonan; putusan_pidana: tidak berlaku untuk dokumen permohonan; putusan_hukuman: tidak berlaku untuk dokumen permohonan; hakim_anggota_1: daftar 'masing-masing sebagai Hakim Anggota' tidak ditemukan (misalnya hakim tunggal); hakim_anggota_2: anggota kedua tidak ditemukan (misalnya hakim tunggal); penuntut_umum: tidak berlaku untuk dokumen permohonan
2522/Pdt.P/2025/PN Sby,-,-,-,-,-,-,-,-,11 November 2025,"Dr. Nur Kholis, S.H., M.H.",-,-,"Lina Susiana, S.H., M.H.",-,T-2522_Pdt.P_2025_PN Sby.txt,permohonan,6,4,sebagian,nama_terdakwa_1: tidak berlaku untuk dokumen permohonan; nama_terdakwa_2: tidak berlaku untuk dokumen permohonan; nama_terdakwa_3: tidak berlaku untuk dokumen permohonan; tuntutan_pidana: tidak berlaku untuk dokumen permohonan; tuntutan_kuhp: tidak berlaku untuk dokumen permohonan; tuntutan_hukuman: tidak berlaku untuk dokumen permohonan; putusan_pidana: tidak berlaku untuk dokumen permohonan; putusan_hukuman: tidak berlaku untuk dokumen permohonan; hakim_anggota_1: daftar 'masing-masing sebagai Hakim Anggota' tidak ditemukan (misalnya hakim tunggal); hakim_anggota_2: anggota kedua tidak ditemukan (misalnya hakim tunggal); penuntut_umum: tidak berlaku untuk dokumen permohonan
2523/Pdt.P/2026/PN Sby,-,-,-,-,-,-,-,-,14 September 2026,"Edi Saputra Pelawi, S.H., M.H.",-,-,"Sunarah, S.H.",-,T-2523_Pdt.P_2026_PN Sby.txt,permohonan,6,4,sebagian,nama_terdakwa_1: tidak berlaku untuk dokumen permohonan; nama_terdakwa_2: tidak berlaku untuk dokumen permohonan; nama_terdakwa_3: tidak berlaku untuk dokumen permohonan; tuntutan_pidana: tidak berlaku untuk dokumen permohonan; tuntutan_kuhp: tidak berlaku untuk dokumen permohonan; tuntutan_hukuman: tidak berlaku untuk dokumen permohonan; putusan_pidana: tidak berlaku untuk dokumen permohonan; putusan_hukuman: tidak berlaku untuk dokumen permohonan; hakim_anggota_1: daftar 'masing-masing sebagai Hakim Anggota' tidak ditemukan (misalnya hakim tunggal); hakim_anggota_2: anggota kedua tidak ditemukan (misalnya hakim tunggal); penuntut_umum: tidak berlaku untuk dokumen permohonan
2524/Pdt.P/2026/PN Sby,-,-,-,-,-,-,-,-,10 September 2026,"Ira Wati, S.H., M.Kn.",-,-,"Leny Muji Astuti, S.H., M.H.",-,T-2524_Pdt.P_2026_PN Sby.txt,permohonan,6,4,sebagian,nama_terdakwa_1: tidak berlaku untuk dokumen permohonan; nama_terdakwa_2: tidak berlaku untuk dokumen permohonan; nama_terdakwa_3: tidak berlaku untuk dokumen permohonan; tuntutan_pidana: tidak berlaku untuk dokumen permohonan; tuntutan_kuhp: tidak berlaku untuk dokumen permohonan; tuntutan_hukuman: tidak berlaku untuk dokumen permohonan; putusan_pidana: tidak berlaku untuk dokumen permohonan; putusan_hukuman: tidak berlaku untuk dokumen permohonan; hakim_anggota_1: daftar 'masing-masing sebagai Hakim Anggota' tidak ditemukan (misalnya hakim tunggal); hakim_anggota_2: anggota kedua tidak ditemukan (misalnya hakim tunggal); penuntut_umum: tidak berlaku untuk dokumen permohonan
2525/Pdt.P/2026/PN Sby,-,-,-,-,-,-,-,-,9 September 2026,"Hj. Satyawati Yun Irianti, S.H., M.Hum.",-,-,"Alarico De Jesus, S.H..",-,T-2525_Pdt.P_2026_PN Sby.txt,permohonan,6,4,sebagian,nama_terdakwa_1: tidak berlaku untuk dokumen permohonan; nama_terdakwa_2: tidak berlaku untuk dokumen permohonan; nama_terdakwa_3: tidak berlaku untuk dokumen permohonan; tuntutan_pidana: tidak berlaku untuk dokumen permohonan; tuntutan_kuhp: tidak berlaku untuk dokumen permohonan; tuntutan_hukuman: tidak berlaku untuk dokumen permohonan; putusan_pidana: tidak berlaku untuk dokumen permohonan; putusan_hukuman: tidak berlaku untuk dokumen permohonan; hakim_anggota_1: daftar 'masing-masing sebagai Hakim Anggota' tidak ditemukan (misalnya hakim tunggal); hakim_anggota_2: anggota kedua tidak ditemukan (misalnya hakim tunggal); penuntut_umum: tidak berlaku untuk dokumen permohonan
2528/Pdt.P/2026/PN Sby,-,-,-,-,-,-,-,-,9 September 2026,"Mochamad Arif Satiyo Widodo, S.H., M.H.",-,-,"Endang Kusrini, S.H.",-,T-2528_Pdt.P_2026_PN Sby.txt,permohonan,6,4,sebagian,nama_terdakwa_1: tidak berlaku untuk dokumen permohonan; nama_terdakwa_2: tidak berlaku untuk dokumen permohonan; nama_terdakwa_3: tidak berlaku untuk dokumen permohonan; tuntutan_pidana: tidak berlaku untuk dokumen permohonan; tuntutan_kuhp: tidak berlaku untuk dokumen permohonan; tuntutan_hukuman: tidak berlaku untuk dokumen permohonan; putusan_pidana: tidak berlaku untuk dokumen permohonan; putusan_hukuman: tidak berlaku untuk dokumen permohonan; hakim_anggota_1: daftar 'masing-masing sebagai Hakim Anggota' tidak ditemukan (misalnya hakim tunggal); hakim_anggota_2: anggota kedua tidak ditemukan (misalnya hakim tunggal); penuntut_umum: tidak berlaku untuk dokumen permohonan
2534/Pdt.P/2026/PN Sby,-,-,-,-,-,-,-,-,10 September 2026,"Dr. Nur Kholis, S.H., M.H.",-,-,"Maria Nur”aeni, S.H.",-,T-2534_Pdt.P_2026_PN Sby.txt,permohonan,6,4,sebagian,nama_terdakwa_1: tidak berlaku untuk dokumen permohonan; nama_terdakwa_2: tidak berlaku untuk dokumen permohonan; nama_terdakwa_3: tidak berlaku untuk dokumen permohonan; tuntutan_pidana: tidak berlaku untuk dokumen permohonan; tuntutan_kuhp: tidak berlaku untuk dokumen permohonan; tuntutan_hukuman: tidak berlaku untuk dokumen permohonan; putusan_pidana: tidak berlaku untuk dokumen permohonan; putusan_hukuman: tidak berlaku untuk dokumen permohonan; hakim_anggota_1: daftar 'masing-masing sebagai Hakim Anggota' tidak ditemukan (misalnya hakim tunggal); hakim_anggota_2: anggota kedua tidak ditemukan (misalnya hakim tunggal); penuntut_umum: tidak berlaku untuk dokumen permohonan
2535/Pdt.P/2026/PN Sby,-,-,-,-,-,-,-,-,14 September 2026,"Sarlota Marselina Suek, S.H.",-,-,"Diah Eka Purnamasari, S.H., M.H.",-,T-2535_Pdt.P_2026_PN Sby.txt,permohonan,6,4,sebagian,nama_terdakwa_1: tidak berlaku untuk dokumen permohonan; nama_terdakwa_2: tidak berlaku untuk dokumen permohonan; nama_terdakwa_3: tidak berlaku untuk dokumen permohonan; tuntutan_pidana: tidak berlaku untuk dokumen permohonan; tuntutan_kuhp: tidak berlaku untuk dokumen permohonan; tuntutan_hukuman: tidak berlaku untuk dokumen permohonan; putusan_pidana: tidak berlaku untuk dokumen permohonan; putusan_hukuman: tidak berlaku untuk dokumen permohonan; hakim_anggota_1: daftar 'masing-masing sebagai Hakim Anggota' tidak ditemukan (misalnya hakim tunggal); hakim_anggota_2: anggota kedua tidak ditemukan (misalnya hakim tunggal); penuntut_umum: tidak berlaku untuk dokumen permohonan
253/Pdt.G/2026/PN Sby,-,-,-,-,-,-,-,-,31 Agustus 2026,"Ardiani, S.H.","Nyoman Ayu Wulandari, S.H., M.H.","Antyo Harri Susetyo, S.H.","Ika Yunia Ratnawati, S.H., M.H.",-,T-253_Pdt.G_2026_PN Sby.txt,gugatan,6,6,lengkap,nama_terdakwa_1: tidak berlaku untuk dokumen gugatan; nama_terdakwa_2: tidak berlaku untuk dokumen gugatan; nama_terdakwa_3: tidak berlaku untuk dokumen gugatan; tuntutan_pidana: tidak berlaku untuk dokumen gugatan; tuntutan_kuhp: tidak berlaku untuk dokumen gugatan; tuntutan_hukuman: tidak berlaku untuk dokumen gugatan; putusan_pidana: tidak berlaku untuk dokumen gugatan; putusan_hukuman: tidak berlaku untuk dokumen gugatan; penuntut_umum: tidak berlaku untuk dokumen gugatan
2553/Pdt.P/2026/PN Sby,-,-,-,-,-,-,-,-,14 September 2026,"Muhammad Sukamto, S.H., M.H.",-,-,"Diana Syahbani, S.H., M.H.",-,T-2553_Pdt.P_2026_PN Sby.txt,permohonan,6,4,sebagian,nama_terdakwa_1: tidak berlaku untuk dokumen permohonan; nama_terdakwa_2: tidak berlaku untuk dokumen permohonan; nama_terdakwa_3: tidak berlaku untuk dokumen permohonan; tuntutan_pidana: tidak berlaku untuk dokumen permohonan; tuntutan_kuhp: tidak berlaku untuk dokumen permohonan; tuntutan_hukuman: tidak berlaku untuk dokumen permohonan; putusan_pidana: tidak berlaku untuk dokumen permohonan; putusan_hukuman: tidak berlaku untuk dokumen permohonan; hakim_anggota_1: daftar 'masing-masing sebagai Hakim Anggota' tidak ditemukan (misalnya hakim tunggal); hakim_anggota_2: anggota kedua tidak ditemukan (misalnya hakim tunggal); penuntut_umum: tidak berlaku untuk dokumen permohonan
2554/Pdt.P/2026/PN Sby,-,-,-,-,-,-,-,-,16 September 2026,"S.Pujiono, S.H., M.Hum.",-,-,"Sigit Nugroho, S.H.",-,T-2554_Pdt.P_2026_PN Sby.txt,permohonan,6,4,sebagian,nama_terdakwa_1: tidak berlaku untuk dokumen permohonan; nama_terdakwa_2: tidak berlaku untuk dokumen permohonan; nama_terdakwa_3: tidak berlaku untuk dokumen permohonan; tuntutan_pidana: tidak berlaku untuk dokumen permohonan; tuntutan_kuhp: tidak berlaku untuk dokumen permohonan; tuntutan_hukuman: tidak berlaku untuk dokumen permohonan; putusan_pidana: tidak berlaku untuk dokumen permohonan; putusan_hukuman: tidak berlaku untuk dokumen permohonan; hakim_anggota_1: daftar 'masing-masing sebagai Hakim Anggota' tidak ditemukan (misalnya hakim tunggal); hakim_anggota_2: anggota kedua tidak ditemukan (misalnya hakim tunggal); penuntut_umum: tidak berlaku untuk dokumen permohonan
2557/Pdt.P/2026/PN Sby,-,-,-,-,-,-,-,-,9 September 2026,"ARDIANI, S.H.",-,-,"Ika Yunia Ratnawati, S.H., M.H.",-,T-2557_Pdt.P_2026_PN Sby.txt,permohonan,6,4,sebagian,nama_terdakwa_1: tidak berlaku untuk dokumen permohonan; nama_terdakwa_2: tidak berlaku untuk dokumen permohonan; nama_terdakwa_3: tidak berlaku untuk dokumen permohonan; tuntutan_pidana: tidak berlaku untuk dokumen permohonan; tuntutan_kuhp: tidak berlaku untuk dokumen permohonan; tuntutan_hukuman: tidak berlaku untuk dokumen permohonan; putusan_pidana: tidak berlaku untuk dokumen permohonan; putusan_hukuman: tidak berlaku untuk dokumen permohonan; hakim_anggota_1: daftar 'masing-masing sebagai Hakim Anggota' tidak ditemukan (misalnya hakim tunggal); hakim_anggota_2: anggota kedua tidak ditemukan (misalnya hakim tunggal); penuntut_umum: tidak berlaku untuk dokumen permohonan
2558/Pdt.P/2026/PN Sby,-,-,-,-,-,-,-,-,9 September 2026,"Ida Ayu Widyarini, S.H., M.Hum",-,-,"Andi Setyawan, SH",-,T-2558_Pdt.P_2026_PN Sby.txt,permohonan,6,4,sebagian,nama_terdakwa_1: tidak berlaku untuk dokumen permohonan; nama_terdakwa_2: tidak berlaku untuk dokumen permohonan; nama_terdakwa_3: tidak berlaku untuk dokumen permohonan; tuntutan_pidana: tidak berlaku untuk dokumen permohonan; tuntutan_kuhp: tidak berlaku untuk dokumen permohonan; tuntutan_hukuman: tidak berlaku untuk dokumen permohonan; putusan_pidana: tidak berlaku untuk dokumen permohonan; putusan_hukuman: tidak berlaku untuk dokumen permohonan; hakim_anggota_1: daftar 'masing-masing sebagai Hakim Anggota' tidak ditemukan (misalnya hakim tunggal); hakim_anggota_2: anggota kedua tidak ditemukan (misalnya hakim tunggal); penuntut_umum: tidak berlaku untuk dokumen permohonan
2559/Pdt.P/2026/PN Sby,-,-,-,-,-,-,-,-,10 September 2026,"Kami Betsji Siske Manoe, S.H., M.H.",-,-,"Iyut Pandu Risdianto, S.H.",-,T-2559_Pdt.P_2026_PN Sby.txt,permohonan,6,4,sebagian,nama_terdakwa_1: tidak berlaku untuk dokumen permohonan; nama_terdakwa_2: tidak berlaku untuk dokumen permohonan; nama_terdakwa_3: tidak berlaku untuk dokumen permohonan; tuntutan_pidana: tidak berlaku untuk dokumen permohonan; tuntutan_kuhp: tidak berlaku untuk dokumen permohonan; tuntutan_hukuman: tidak berlaku untuk dokumen permohonan; putusan_pidana: tidak berlaku untuk dokumen permohonan; putusan_hukuman: tidak berlaku untuk dokumen permohonan; hakim_anggota_1: daftar 'masing-masing sebagai Hakim Anggota' tidak ditemukan (misalnya hakim tunggal); hakim_anggota_2: anggota kedua tidak ditemukan (misalnya hakim tunggal); penuntut_umum: tidak berlaku untuk dokumen permohonan
2567/Pdt.P/2026/PN Sby,-,-,-,-,-,-,-,-,17 September 2026,"Ratna Dianing Wulansari, S.H., M.H.",-,-,"S.H., M.H.",-,T-2567_Pdt.P_2026_PN Sby.txt,permohonan,6,4,sebagian,nama_terdakwa_1: tidak berlaku untuk dokumen permohonan; nama_terdakwa_2: tidak berlaku untuk dokumen permohonan; nama_terdakwa_3: tidak berlaku untuk dokumen permohonan; tuntutan_pidana: tidak berlaku untuk dokumen permohonan; tuntutan_kuhp: tidak berlaku untuk dokumen permohonan; tuntutan_hukuman: tidak berlaku untuk dokumen permohonan; putusan_pidana: tidak berlaku untuk dokumen permohonan; putusan_hukuman: tidak berlaku untuk dokumen permohonan; hakim_anggota_1: daftar 'masing-masing sebagai Hakim Anggota' tidak ditemukan (misalnya hakim tunggal); hakim_anggota_2: anggota kedua tidak ditemukan (misalnya hakim tunggal); penuntut_umum: tidak berlaku untuk dokumen permohonan
2569/Pdt.P/2026/PN Sby,-,-,-,-,-,-,-,-,10 September 2026,"Sih Yuliarti, S.H.",-,-,"Nurul Evarani, S.H., M.H.",-,T-2569_Pdt.P_2026_PN Sby.txt,permohonan,6,4,sebagian,nama_terdakwa_1: tidak berlaku untuk dokumen permohonan; nama_terdakwa_2: tidak berlaku untuk dokumen permohonan; nama_terdakwa_3: tidak berlaku untuk dokumen permohonan; tuntutan_pidana: tidak berlaku untuk dokumen permohonan; tuntutan_kuhp: tidak berlaku untuk dokumen permohonan; tuntutan_hukuman: tidak berlaku untuk dokumen permohonan; putusan_pidana: tidak berlaku untuk dokumen permohonan; putusan_hukuman: tidak berlaku untuk dokumen permohonan; hakim_anggota_1: daftar 'masing-masing sebagai Hakim Anggota' tidak ditemukan (misalnya hakim tunggal); hakim_anggota_2: anggota kedua tidak ditemukan (misalnya hakim tunggal); penuntut_umum: tidak berlaku untuk dokumen permohonan
2572/Pdt.P/2026/PN Sby,-,-,-,-,-,-,-,-,15 September 2026,"Djulita Tandi Massora S.H., M.H.",-,-,"Kus Tria Palupi, , S., H.M., H., , S., H.M., H.",-,T-2572_Pdt.P_2026_PN Sby.txt,permohonan,6,4,sebagian,nama_terdakwa_1: tidak berlaku untuk dokumen permohonan; nama_terdakwa_2: tidak berlaku untuk dokumen permohonan; nama_terdakwa_3: tidak berlaku untuk dokumen permohonan; tuntutan_pidana: tidak berlaku untuk dokumen permohonan; tuntutan_kuhp: tidak berlaku untuk dokumen permohonan; tuntutan_hukuman: tidak berlaku untuk dokumen permohonan; putusan_pidana: tidak berlaku untuk dokumen permohonan; putusan_hukuman: tidak berlaku untuk dokumen permohonan; hakim_anggota_1: daftar 'masing-masing sebagai Hakim Anggota' tidak ditemukan (misalnya hakim tunggal); hakim_anggota_2: anggota kedua tidak ditemukan (misalnya hakim tunggal); penuntut_umum: tidak berlaku untuk dokumen permohonan
2573/Pdt.P/2026/PN Sby,-,-,-,-,-,-,-,-,9 September 2026,"Ega Shaktiana, S.H., M.H.",-,-,"Rizky Wirianto, S.H., M.H.",-,T-2573_Pdt.P_2026_PN Sby.txt,permohonan,6,4,sebagian,nama_terdakwa_1: tidak berlaku untuk dokumen permohonan; nama_terdakwa_2: tidak berlaku untuk dokumen permohonan; nama_terdakwa_3: tidak berlaku untuk dokumen permohonan; tuntutan_pidana: tidak berlaku untuk dokumen permohonan; tuntutan_kuhp: tidak berlaku untuk dokumen permohonan; tuntutan_hukuman: tidak berlaku untuk dokumen permohonan; putusan_pidana: tidak berlaku untuk dokumen permohonan; putusan_hukuman: tidak berlaku untuk dokumen permohonan; hakim_anggota_1: daftar 'masing-masing sebagai Hakim Anggota' tidak ditemukan (misalnya hakim tunggal); hakim_anggota_2: anggota kedua tidak ditemukan (misalnya hakim tunggal); penuntut_umum: tidak berlaku untuk dokumen permohonan
2577/Pdt.P/2026/PN Sby,-,-,-,-,-,-,-,-,9 September 2026,"Ni Putu Sri Indayani, S.H., M.H.",-,-,"Moch. Taufik Indra Pramana, S.H., M.H.",-,T-2577_Pdt.P_2026_PN Sby.txt,permohonan,6,4,sebagian,nama_terdakwa_1: tidak berlaku untuk dokumen permohonan; nama_terdakwa_2: tidak berlaku untuk dokumen permohonan; nama_terdakwa_3: tidak berlaku untuk dokumen permohonan; tuntutan_pidana: tidak berlaku untuk dokumen permohonan; tuntutan_kuhp: tidak berlaku untuk dokumen permohonan; tuntutan_hukuman: tidak berlaku untuk dokumen permohonan; putusan_pidana: tidak berlaku untuk dokumen permohonan; putusan_hukuman: tidak berlaku untuk dokumen permohonan; hakim_anggota_1: daftar 'masing-masing sebagai Hakim Anggota' tidak ditemukan (misalnya hakim tunggal); hakim_anggota_2: anggota kedua tidak ditemukan (misalnya hakim tunggal); penuntut_umum: tidak berlaku untuk dokumen permohonan
2578/Pdt.P/2026/PN Sby,-,-,-,-,-,-,-,-,10 September 2026,"Sih Yuliarti, S.H.",-,-,"Lina Nurwidiyati, S.H., M.H.",-,T-2578_Pdt.P_2026_PN Sby.txt,permohonan,6,4,sebagian,nama_terdakwa_1: tidak berlaku untuk dokumen permohonan; nama_terdakwa_2: tidak berlaku untuk dokumen permohonan; nama_terdakwa_3: tidak berlaku untuk dokumen permohonan; tuntutan_pidana: tidak berlaku untuk dokumen permohonan; tuntutan_kuhp: tidak berlaku untuk dokumen permohonan; tuntutan_hukuman: tidak berlaku untuk dokumen permohonan; putusan_pidana: tidak berlaku untuk dokumen permohonan; putusan_hukuman: tidak berlaku untuk dokumen permohonan; hakim_anggota_1: daftar 'masing-masing sebagai Hakim Anggota' tidak ditemukan (misalnya hakim tunggal); hakim_anggota_2: anggota kedua tidak ditemukan (misalnya hakim tunggal); penuntut_umum: tidak berlaku untuk dokumen permohonan
2581/Pdt.P/2026/PN Sby,-,-,-,-,-,-,-,-,9 September 2026,"Ega Shaktiana, S.H., M.H.",-,-,"Adistya Fansriayu, SH.",-,T-2581_Pdt.P_2026_PN Sby.txt,permohonan,6,4,sebagian,nama_terdakwa_1: tidak berlaku untuk dokumen permohonan; nama_terdakwa_2: tidak berlaku untuk dokumen permohonan; nama_terdakwa_3: tidak berlaku untuk dokumen permohonan; tuntutan_pidana: tidak berlaku untuk dokumen permohonan; tuntutan_kuhp: tidak berlaku untuk dokumen permohonan; tuntutan_hukuman: tidak berlaku untuk dokumen permohonan; putusan_pidana: tidak berlaku untuk dokumen permohonan; putusan_hukuman: tidak berlaku untuk dokumen permohonan; hakim_anggota_1: daftar 'masing-masing sebagai Hakim Anggota' tidak ditemukan (misalnya hakim tunggal); hakim_anggota_2: anggota kedua tidak ditemukan (misalnya hakim tunggal); penuntut_umum: tidak berlaku untuk dokumen permohonan
2582/Pdt.P/2026/PN Sby,-,-,-,-,-,-,-,-,9 September 2026,"Betsji Siske Manoe, S.H., M.H.",-,-,"Nurul Evarani, S.H., M.H",-,T-2582_Pdt.P_2026_PN Sby.txt,permohonan,6,4,sebagian,nama_terdakwa_1: tidak berlaku untuk dokumen permohonan; nama_terdakwa_2: tidak berlaku untuk dokumen permohonan; nama_terdakwa_3: tidak berlaku untuk dokumen permohonan; tuntutan_pidana: tidak berlaku untuk dokumen permohonan; tuntutan_kuhp: tidak berlaku untuk dokumen permohonan; tuntutan_hukuman: tidak berlaku untuk dokumen permohonan; putusan_pidana: tidak berlaku untuk dokumen permohonan; putusan_hukuman: tidak berlaku untuk dokumen permohonan; hakim_anggota_1: daftar 'masing-masing sebagai Hakim Anggota' tidak ditemukan (misalnya hakim tunggal); hakim_anggota_2: anggota kedua tidak ditemukan (misalnya hakim tunggal); penuntut_umum: tidak berlaku untuk dokumen permohonan
2587/Pdt.P/2026/PN Sby,-,-,-,-,-,-,-,-,10 September 2026,"Ratna Dianing Wulansari, S.H., M.H.",-,-,"Mohammad Heru Gunawan, S.H., M.H.",-,T-2587_Pdt.P_2026_PN Sby.txt,permohonan,6,4,sebagian,nama_terdakwa_1: tidak berlaku untuk dokumen permohonan; nama_terdakwa_2: tidak berlaku untuk dokumen permohonan; nama_terdakwa_3: tidak berlaku untuk dokumen permohonan; tuntutan_pidana: tidak berlaku untuk dokumen permohonan; tuntutan_kuhp: tidak berlaku untuk dokumen permohonan; tuntutan_hukuman: tidak berlaku untuk dokumen permohonan; putusan_pidana: tidak berlaku untuk dokumen permohonan; putusan_hukuman: tidak berlaku untuk dokumen permohonan; hakim_anggota_1: daftar 'masing-masing sebagai Hakim Anggota' tidak ditemukan (misalnya hakim tunggal); hakim_anggota_2: anggota kedua tidak ditemukan (misalnya hakim tunggal); penuntut_umum: tidak berlaku untuk dokumen permohonan
2588/Pdt.P/2026/PN Sby,-,-,-,-,-,-,-,-,17 September 2026,"Djulita Tandi Massora S.H., M.H.",-,-,"Muhammmad Heru, S., H.M., H.",-,T-2588_Pdt.P_2026_PN Sby.txt,permohonan,6,4,sebagian,nama_terdakwa_1: tidak berlaku untuk dokumen permohonan; nama_terdakwa_2: tidak berlaku untuk dokumen permohonan; nama_terdakwa_3: tidak berlaku untuk dokumen permohonan; tuntutan_pidana: tidak berlaku untuk dokumen permohonan; tuntutan_kuhp: tidak berlaku untuk dokumen permohonan; tuntutan_hukuman: tidak berlaku untuk dokumen permohonan; putusan_pidana: tidak berlaku untuk dokumen permohonan; putusan_hukuman: tidak berlaku untuk dokumen permohonan; hakim_anggota_1: daftar 'masing-masing sebagai Hakim Anggota' tidak ditemukan (misalnya hakim tunggal); hakim_anggota_2: anggota kedua tidak ditemukan (misalnya hakim tunggal); penuntut_umum: tidak berlaku untuk dokumen permohonan
2589/Pdt.P/2026/PN Sby,-,-,-,-,-,-,-,-,10 September 2026,"I Made Yuliada, S.H., M.H",-,-,"Mohammad Heru Gunawan, S.H., M.H.",-,T-2589_Pdt.P_2026_PN Sby.txt,permohonan,6,4,sebagian,nama_terdakwa_1: tidak berlaku untuk dokumen permohonan; nama_terdakwa_2: tidak berlaku untuk dokumen permohonan; nama_terdakwa_3: tidak berlaku untuk dokumen permohonan; tuntutan_pidana: tidak berlaku untuk dokumen permohonan; tuntutan_kuhp: tidak berlaku untuk dokumen permohonan; tuntutan_hukuman: tidak berlaku untuk dokumen permohonan; putusan_pidana: tidak berlaku untuk dokumen permohonan; putusan_hukuman: tidak berlaku untuk dokumen permohonan; hakim_anggota_1: daftar 'masing-masing sebagai Hakim Anggota' tidak ditemukan (misalnya hakim tunggal); hakim_anggota_2: anggota kedua tidak ditemukan (misalnya hakim tunggal); penuntut_umum: tidak berlaku untuk dokumen permohonan
2594/Pdt.P/2026/PN Sby,-,-,-,-,-,-,-,-,15 September 2026,"Djulita Tandi Massora, S.H., M.H.",-,-,"Didik Dwi Riyanto, S.H., M.H.",-,T-2594_Pdt.P_2026_PN Sby.txt,permohonan,6,4,sebagian,nama_terdakwa_1: tidak berlaku untuk dokumen permohonan; nama_terdakwa_2: tidak berlaku untuk dokumen permohonan; nama_terdakwa_3: tidak berlaku untuk dokumen permohonan; tuntutan_pidana: tidak berlaku untuk dokumen permohonan; tuntutan_kuhp: tidak berlaku untuk dokumen permohonan; tuntutan_hukuman: tidak berlaku untuk dokumen permohonan; putusan_pidana: tidak berlaku untuk dokumen permohonan; putusan_hukuman: tidak berlaku untuk dokumen permohonan; hakim_anggota_1: daftar 'masing-masing sebagai Hakim Anggota' tidak ditemukan (misalnya hakim tunggal); hakim_anggota_2: anggota kedua tidak ditemukan (misalnya hakim tunggal); penuntut_umum: tidak berlaku untuk dokumen permohonan
2596/Pdt.P/2026/PN Sby,-,-,-,-,-,-,-,-,15 September 2026,"Djulita Tandi Massora S.H., M.H.",-,-,"Dyah Rosdianti, S.H., M.H.",-,T-2596_Pdt.P_2026_PN Sby.txt,permohonan,6,4,sebagian,nama_terdakwa_1: tidak berlaku untuk dokumen permohonan; nama_terdakwa_2: tidak berlaku untuk dokumen permohonan; nama_terdakwa_3: tidak berlaku untuk dokumen permohonan; tuntutan_pidana: tidak berlaku untuk dokumen permohonan; tuntutan_kuhp: tidak berlaku untuk dokumen permohonan; tuntutan_hukuman: tidak berlaku untuk dokumen permohonan; putusan_pidana: tidak berlaku untuk dokumen permohonan; putusan_hukuman: tidak berlaku untuk dokumen permohonan; hakim_anggota_1: daftar 'masing-masing sebagai Hakim Anggota' tidak ditemukan (misalnya hakim tunggal); hakim_anggota_2: anggota kedua tidak ditemukan (misalnya hakim tunggal); penuntut_umum: tidak berlaku untuk dokumen permohonan
2600/Pdt.P/2026/PN Sby,-,-,-,-,-,-,-,-,14 September 2026,"Ernawati Anwar S.H., M.H.",-,-,"Susanawati, SH.MH",-,T-2600_Pdt.P_2026_PN Sby.txt,permohonan,6,4,sebagian,nama_terdakwa_1: tidak berlaku untuk dokumen permohonan; nama_terdakwa_2: tidak berlaku untuk dokumen permohonan; nama_terdakwa_3: tidak berlaku untuk dokumen permohonan; tuntutan_pidana: tidak berlaku untuk dokumen permohonan; tuntutan_kuhp: tidak berlaku untuk dokumen permohonan; tuntutan_hukuman: tidak berlaku untuk dokumen permohonan; putusan_pidana: tidak berlaku untuk dokumen permohonan; putusan_hukuman: tidak berlaku untuk dokumen permohonan; hakim_anggota_1: daftar 'masing-masing sebagai Hakim Anggota' tidak ditemukan (misalnya hakim tunggal); hakim_anggota_2: anggota kedua tidak ditemukan (misalnya hakim tunggal); penuntut_umum: tidak berlaku untuk dokumen permohonan
2604/Pdt.P/2026/PN Sby,-,-,-,-,-,-,-,-,17 September 2026,"Sih Yuliarti, S.H.",-,-,"Sikan, S.Sos, S.H.",-,T-2604_Pdt.P_2026_PN Sby.txt,permohonan,6,4,sebagian,nama_terdakwa_1: tidak berlaku untuk dokumen permohonan; nama_terdakwa_2: tidak berlaku untuk dokumen permohonan; nama_terdakwa_3: tidak berlaku untuk dokumen permohonan; tuntutan_pidana: tidak berlaku untuk dokumen permohonan; tuntutan_kuhp: tidak berlaku untuk dokumen permohonan; tuntutan_hukuman: tidak berlaku untuk dokumen permohonan; putusan_pidana: tidak berlaku untuk dokumen permohonan; putusan_hukuman: tidak berlaku untuk dokumen permohonan; hakim_anggota_1: daftar 'masing-masing sebagai Hakim Anggota' tidak ditemukan (misalnya hakim tunggal); hakim_anggota_2: anggota kedua tidak ditemukan (misalnya hakim tunggal); penuntut_umum: tidak berlaku untuk dokumen permohonan
2607/Pdt.P/2026/PN Sby,-,-,-,-,-,-,-,-,16 September 2026,"Ferdinand Marcus Leander S.H., M.H.",-,-,"Yanid Indra Harjono, SH",-,T-2607_Pdt.P_2026_PN Sby.txt,permohonan,6,4,sebagian,nama_terdakwa_1: tidak berlaku untuk dokumen permohonan; nama_terdakwa_2: tidak berlaku untuk dokumen permohonan; nama_terdakwa_3: tidak berlaku untuk dokumen permohonan; tuntutan_pidana: tidak berlaku untuk dokumen permohonan; tuntutan_kuhp: tidak berlaku untuk dokumen permohonan; tuntutan_hukuman: tidak berlaku untuk dokumen permohonan; putusan_pidana: tidak berlaku untuk dokumen permohonan; putusan_hukuman: tidak berlaku untuk dokumen permohonan; hakim_anggota_1: daftar 'masing-masing sebagai Hakim Anggota' tidak ditemukan (misalnya hakim tunggal); hakim_anggota_2: anggota kedua tidak ditemukan (misalnya hakim tunggal); penuntut_umum: tidak berlaku untuk dokumen permohonan
2608/Pdt.P/2026/PN Sby,-,-,-,-,-,-,-,-,17 September 2026,"Djulita Tandi Massora, S.H., M.H.",-,-,"Susanawati, S.H., M.H.",-,T-2608_Pdt.P_2026_PN Sby.txt,permohonan,6,4,sebagian,nama_terdakwa_1: tidak berlaku untuk dokumen permohonan; nama_terdakwa_2: tidak berlaku untuk dokumen permohonan; nama_terdakwa_3: tidak berlaku untuk dokumen permohonan; tuntutan_pidana: tidak berlaku untuk dokumen permohonan; tuntutan_kuhp: tidak berlaku untuk dokumen permohonan; tuntutan_hukuman: tidak berlaku untuk dokumen permohonan; putusan_pidana: tidak berlaku untuk dokumen permohonan; putusan_hukuman: tidak berlaku untuk dokumen permohonan; hakim_anggota_1: daftar 'masing-masing sebagai Hakim Anggota' tidak ditemukan (misalnya hakim tunggal); hakim_anggota_2: anggota kedua tidak ditemukan (misalnya hakim tunggal); penuntut_umum: tidak berlaku untuk dokumen permohonan
2609/Pdt.P/2026/PN Sby,-,-,-,-,-,-,-,-,10 September 2026,"Ega Shaktiana, S.H., M.H.",-,-,"Rizky Wirianto, S.H., M.H.",-,T-2609_Pdt.P_2026_PN Sby.txt,permohonan,6,4,sebagian,nama_terdakwa_1: tidak berlaku untuk dokumen permohonan; nama_terdakwa_2: tidak berlaku untuk dokumen permohonan; nama_terdakwa_3: tidak berlaku untuk dokumen permohonan; tuntutan_pidana: tidak berlaku untuk dokumen permohonan; tuntutan_kuhp: tidak berlaku untuk dokumen permohonan; tuntutan_hukuman: tidak berlaku untuk dokumen permohonan; putusan_pidana: tidak berlaku untuk dokumen permohonan; putusan_hukuman: tidak berlaku untuk dokumen permohonan; hakim_anggota_1: daftar 'masing-masing sebagai Hakim Anggota' tidak ditemukan (misalnya hakim tunggal); hakim_anggota_2: anggota kedua tidak ditemukan (misalnya hakim tunggal); penuntut_umum: tidak berlaku untuk dokumen permohonan
2610/Pdt.P/2026/PN Sby,-,-,-,-,-,-,-,-,14 September 2026,"Betsji Siske Manoe, S.H., M.H.",-,-,"Diana Syahbani, S.H., M.H.",-,T-2610_Pdt.P_2026_PN Sby.txt,permohonan,6,4,sebagian,nama_terdakwa_1: tidak berlaku untuk dokumen permohonan; nama_terdakwa_2: tidak berlaku untuk dokumen permohonan; nama_terdakwa_3: tidak berlaku untuk dokumen permohonan; tuntutan_pidana: tidak berlaku untuk dokumen permohonan; tuntutan_kuhp: tidak berlaku untuk dokumen permohonan; tuntutan_hukuman: tidak berlaku untuk dokumen permohonan; putusan_pidana: tidak berlaku untuk dokumen permohonan; putusan_hukuman: tidak berlaku untuk dokumen permohonan; hakim_anggota_1: daftar 'masing-masing sebagai Hakim Anggota' tidak ditemukan (misalnya hakim tunggal); hakim_anggota_2: anggota kedua tidak ditemukan (misalnya hakim tunggal); penuntut_umum: tidak berlaku untuk dokumen permohonan
2615/Pdt.P/2026/PN Sby,-,-,-,-,-,-,-,-,14 September 2026,"Sih Yuliarti, S.H.",-,-,"Sikan, S.Sos, S.H.",-,T-2615_Pdt.P_2026_PN Sby.txt,permohonan,6,4,sebagian,nama_terdakwa_1: tidak berlaku untuk dokumen permohonan; nama_terdakwa_2: tidak berlaku untuk dokumen permohonan; nama_terdakwa_3: tidak berlaku untuk dokumen permohonan; tuntutan_pidana: tidak berlaku untuk dokumen permohonan; tuntutan_kuhp: tidak berlaku untuk dokumen permohonan; tuntutan_hukuman: tidak berlaku untuk dokumen permohonan; putusan_pidana: tidak berlaku untuk dokumen permohonan; putusan_hukuman: tidak berlaku untuk dokumen permohonan; hakim_anggota_1: daftar 'masing-masing sebagai Hakim Anggota' tidak ditemukan (misalnya hakim tunggal); hakim_anggota_2: anggota kedua tidak ditemukan (misalnya hakim tunggal); penuntut_umum: tidak berlaku untuk dokumen permohonan
2616/Pdt.P/2026/PN Sby,-,-,-,-,-,-,-,-,10 September 2026,"Muhammad Sukamto, S.H., M.H.",-,-,"Nurul Evarani, S.H., M.H",-,T-2616_Pdt.P_2026_PN Sby.txt,permohonan,6,4,sebagian,nama_terdakwa_1: tidak berlaku untuk dokumen permohonan; nama_terdakwa_2: tidak berlaku untuk dokumen permohonan; nama_terdakwa_3: tidak berlaku untuk dokumen permohonan; tuntutan_pidana: tidak berlaku untuk dokumen permohonan; tuntutan_kuhp: tidak berlaku untuk dokumen permohonan; tuntutan_hukuman: tidak berlaku untuk dokumen permohonan; putusan_pidana: tidak berlaku untuk dokumen permohonan; putusan_hukuman: tidak berlaku untuk dokumen permohonan; hakim_anggota_1: daftar 'masing-masing sebagai Hakim Anggota' tidak ditemukan (misalnya hakim tunggal); hakim_anggota_2: anggota kedua tidak ditemukan (misalnya hakim tunggal); penuntut_umum: tidak berlaku untuk dokumen permohonan
2618/Pdt.P/2026/PN Sby,-,-,-,-,-,-,-,-,11 Agustus 2026,"Ferdinand Marcus Leander, S.H., M.H.",-,-,"Susanawati, SH., MH.",-,T-2618_Pdt.P_2026_PN Sby.txt,permohonan,6,4,sebagian,nama_terdakwa_1: tidak berlaku untuk dokumen permohonan; nama_terdakwa_2: tidak berlaku untuk dokumen permohonan; nama_terdakwa_3: tidak berlaku untuk dokumen permohonan; tuntutan_pidana: tidak berlaku untuk dokumen permohonan; tuntutan_kuhp: tidak berlaku untuk dokumen permohonan; tuntutan_hukuman: tidak berlaku untuk dokumen permohonan; putusan_pidana: tidak berlaku untuk dokumen permohonan; putusan_hukuman: tidak berlaku untuk dokumen permohonan; hakim_anggota_1: daftar 'masing-masing sebagai Hakim Anggota' tidak ditemukan (misalnya hakim tunggal); hakim_anggota_2: anggota kedua tidak ditemukan (misalnya hakim tunggal); penuntut_umum: tidak berlaku untuk dokumen permohonan
2619/Pdt.P/2026/PN Sby,-,-,-,-,-,-,-,-,17 September 2026,"Djulita Tandi Massora S.H., M.H.",-,-,"Rini Susanti, S., H.M., H.",-,T-2619_Pdt.P_2026_PN Sby.txt,permohonan,6,4,sebagian,nama_terdakwa_1: tidak berlaku untuk dokumen permohonan; nama_terdakwa_2: tidak berlaku untuk dokumen permohonan; nama_terdakwa_3: tidak berlaku untuk dokumen permohonan; tuntutan_pidana: tidak berlaku untuk dokumen permohonan; tuntutan_kuhp: tidak berlaku untuk dokumen permohonan; tuntutan_hukuman: tidak berlaku untuk dokumen permohonan; putusan_pidana: tidak berlaku untuk dokumen permohonan; putusan_hukuman: tidak berlaku untuk dokumen permohonan; hakim_anggota_1: daftar 'masing-masing sebagai Hakim Anggota' tidak ditemukan (misalnya hakim tunggal); hakim_anggota_2: anggota kedua tidak ditemukan (misalnya hakim tunggal); penuntut_umum: tidak berlaku untuk dokumen permohonan
2620/Pdt.P/2026/PN Sby,-,-,-,-,-,-,-,-,14 September 2026,"Ega Shaktiana, S.H., M.H",-,-,"Lina Nurwidiyati, S.H., M.H.",-,T-2620_Pdt.P_2026_PN Sby.txt,permohonan,6,4,sebagian,nama_terdakwa_1: tidak berlaku untuk dokumen permohonan; nama_terdakwa_2: tidak berlaku untuk dokumen permohonan; nama_terdakwa_3: tidak berlaku untuk dokumen permohonan; tuntutan_pidana: tidak berlaku untuk dokumen permohonan; tuntutan_kuhp: tidak berlaku untuk dokumen permohonan; tuntutan_hukuman: tidak berlaku untuk dokumen permohonan; putusan_pidana: tidak berlaku untuk dokumen permohonan; putusan_hukuman: tidak berlaku untuk dokumen permohonan; hakim_anggota_1: daftar 'masing-masing sebagai Hakim Anggota' tidak ditemukan (misalnya hakim tunggal); hakim_anggota_2: anggota kedua tidak ditemukan (misalnya hakim tunggal); penuntut_umum: tidak berlaku untuk dokumen permohonan
2624/Pdt.P/2026/PN Sby,-,-,-,-,-,-,-,-,14 September 2026,"Safruddin, S.H., M.H.",-,-,"Dhany Eko Prasetyo, S.E., S.H., M.M., M.Hum.",-,T-2624_Pdt.P_2026_PN Sby.txt,permohonan,6,4,sebagian,nama_terdakwa_1: tidak berlaku untuk dokumen permohonan; nama_terdakwa_2: tidak berlaku untuk dokumen permohonan; nama_terdakwa_3: tidak berlaku untuk dokumen permohonan; tuntutan_pidana: tidak berlaku untuk dokumen permohonan; tuntutan_kuhp: tidak berlaku untuk dokumen permohonan; tuntutan_hukuman: tidak berlaku untuk dokumen permohonan; putusan_pidana: tidak berlaku untuk dokumen permohonan; putusan_hukuman: tidak berlaku untuk dokumen permohonan; hakim_anggota_1: daftar 'masing-masing sebagai Hakim Anggota' tidak ditemukan (misalnya hakim tunggal); hakim_anggota_2: anggota kedua tidak ditemukan (misalnya hakim tunggal); penuntut_umum: tidak berlaku untuk dokumen permohonan
2626/Pdt.P/2026/PN Sby,-,-,-,-,-,-,-,-,15 September 2026,"Safruddin, S.H., M.H.",-,-,"Kristanto Haroan William Budi, S.H.",-,T-2626_Pdt.P_2026_PN Sby.txt,permohonan,6,4,sebagian,nama_terdakwa_1: tidak berlaku untuk dokumen permohonan; nama_terdakwa_2: tidak berlaku untuk dokumen permohonan; nama_terdakwa_3: tidak berlaku untuk dokumen permohonan; tuntutan_pidana: tidak berlaku untuk dokumen permohonan; tuntutan_kuhp: tidak berlaku untuk dokumen permohonan; tuntutan_hukuman: tidak berlaku untuk dokumen permohonan; putusan_pidana: tidak berlaku untuk dokumen permohonan; putusan_hukuman: tidak berlaku untuk dokumen permohonan; hakim_anggota_1: daftar 'masing-masing sebagai Hakim Anggota' tidak ditemukan (misalnya hakim tunggal); hakim_anggota_2: anggota kedua tidak ditemukan (misalnya hakim tunggal); penuntut_umum: tidak berlaku untuk dokumen permohonan
2629/Pdt.P/2026/PN Sby,-,-,-,-,-,-,-,-,18 September 2026,"Rina Indrajanti, S.H., M.H.",-,-,"Diah Eka Purnamasari, S.H.M.H.",-,T-2629_Pdt.P_2026_PN Sby.txt,permohonan,6,4,sebagian,nama_terdakwa_1: tidak berlaku untuk dokumen permohonan; nama_terdakwa_2: tidak berlaku untuk dokumen permohonan; nama_terdakwa_3: tidak berlaku untuk dokumen permohonan; tuntutan_pidana: tidak berlaku untuk dokumen permohonan; tuntutan_kuhp: tidak berlaku untuk dokumen permohonan; tuntutan_hukuman: tidak berlaku untuk dokumen permohonan; putusan_pidana: tidak berlaku untuk dokumen permohonan; putusan_hukuman: tidak berlaku untuk dokumen permohonan; hakim_anggota_1: daftar 'masing-masing sebagai Hakim Anggota' tidak ditemukan (misalnya hakim tunggal); hakim_anggota_2: anggota kedua tidak ditemukan (misalnya hakim tunggal); penuntut_umum: tidak berlaku untuk dokumen permohonan
2631/Pdt.P/2026/PN Sby,-,-,-,-,-,-,-,-,10 September 2026,"Ega Shaktiana, S.H., M.H.",-,-,"Rizky Wirianto, S.H., M.H.",-,T-2631_Pdt.P_2026_PN Sby.txt,permohonan,6,4,sebagian,nama_terdakwa_1: tidak berlaku untuk dokumen permohonan; nama_terdakwa_2: tidak berlaku untuk dokumen permohonan; nama_terdakwa_3: tidak berlaku untuk dokumen permohonan; tuntutan_pidana: tidak berlaku untuk dokumen permohonan; tuntutan_kuhp: tidak berlaku untuk dokumen permohonan; tuntutan_hukuman: tidak berlaku untuk dokumen permohonan; putusan_pidana: tidak berlaku untuk dokumen permohonan; putusan_hukuman: tidak berlaku untuk dokumen permohonan; hakim_anggota_1: daftar 'masing-masing sebagai Hakim Anggota' tidak ditemukan (misalnya hakim tunggal); hakim_anggota_2: anggota kedua tidak ditemukan (misalnya hakim tunggal); penuntut_umum: tidak berlaku untuk dokumen permohonan
2632/Pdt.P/2026/PN Sby,-,-,-,-,-,-,-,-,14 September 2026,"Alex Adam Faisal, S.H., M.H.",-,-,"Ika Yunia Ratnawati, S.H., M.H..",-,T-2632_Pdt.P_2026_PN Sby.txt,permohonan,6,4,sebagian,nama_terdakwa_1: tidak berlaku untuk dokumen permohonan; nama_terdakwa_2: tidak berlaku untuk dokumen permohonan; nama_terdakwa_3: tidak berlaku untuk dokumen permohonan; tuntutan_pidana: tidak berlaku untuk dokumen permohonan; tuntutan_kuhp: tidak berlaku untuk dokumen permohonan; tuntutan_hukuman: tidak berlaku untuk dokumen permohonan; putusan_pidana: tidak berlaku untuk dokumen permohonan; putusan_hukuman: tidak berlaku untuk dokumen permohonan; hakim_anggota_1: daftar 'masing-masing sebagai Hakim Anggota' tidak ditemukan (misalnya hakim tunggal); hakim_anggota_2: anggota kedua tidak ditemukan (misalnya hakim tunggal); penuntut_umum: tidak berlaku untuk dokumen permohonan
2636/Pdt.P/2026/PN Sby,-,-,-,-,-,-,-,-,14 September 2026,"Sih Yuliarti, S.H.",-,-,"Diana Syahbani, S.H., M.H.",-,T-2636_Pdt.P_2026_PN Sby.txt,permohonan,6,4,sebagian,nama_terdakwa_1: tidak berlaku untuk dokumen permohonan; nama_terdakwa_2: tidak berlaku untuk dokumen permohonan; nama_terdakwa_3: tidak berlaku untuk dokumen permohonan; tuntutan_pidana: tidak berlaku untuk dokumen permohonan; tuntutan_kuhp: tidak berlaku untuk dokumen permohonan; tuntutan_hukuman: tidak berlaku untuk dokumen permohonan; putusan_pidana: tidak berlaku untuk dokumen permohonan; putusan_hukuman: tidak berlaku untuk dokumen permohonan; hakim_anggota_1: daftar 'masing-masing sebagai Hakim Anggota' tidak ditemukan (misalnya hakim tunggal); hakim_anggota_2: anggota kedua tidak ditemukan (misalnya hakim tunggal); penuntut_umum: tidak berlaku untuk dokumen permohonan
263/Pdt.G/2026/PN Sby,-,-,-,-,-,-,-,-,10 September 2026,"Dr. Nur Kholis, SH., MH.","Ernawati Anwar, SH., M.H.","Cokia Ana Pontia Opposunggu, S.H., M.H.","Maria Nur’aeni, S.H.",-,T-263_Pdt.G_2026_PN Sby.txt,gugatan,6,6,lengkap,nama_terdakwa_1: tidak berlaku untuk dokumen gugatan; nama_terdakwa_2: tidak berlaku untuk dokumen gugatan; nama_terdakwa_3: tidak berlaku untuk dokumen gugatan; tuntutan_pidana: tidak berlaku untuk dokumen gugatan; tuntutan_kuhp: tidak berlaku untuk dokumen gugatan; tuntutan_hukuman: tidak berlaku untuk dokumen gugatan; putusan_pidana: tidak berlaku untuk dokumen gugatan; putusan_hukuman: tidak berlaku untuk dokumen gugatan; penuntut_umum: tidak berlaku untuk dokumen gugatan
2645/Pdt.P/2026/PN Sby,-,-,-,-,-,-,-,-,16 September 2026,"Ega Shaktiana, S.H, M.H.",-,-,"Nurul Evarani, S.H, M.H.",-,T-2645_Pdt.P_2026_PN Sby.txt,permohonan,6,4,sebagian,nama_terdakwa_1: tidak berlaku untuk dokumen permohonan; nama_terdakwa_2: tidak berlaku untuk dokumen permohonan; nama_terdakwa_3: tidak berlaku untuk dokumen permohonan; tuntutan_pidana: tidak berlaku untuk dokumen permohonan; tuntutan_kuhp: tidak berlaku untuk dokumen permohonan; tuntutan_hukuman: tidak berlaku untuk dokumen permohonan; putusan_pidana: tidak berlaku untuk dokumen permohonan; putusan_hukuman: tidak berlaku untuk dokumen permohonan; hakim_anggota_1: daftar 'masing-masing sebagai Hakim Anggota' tidak ditemukan (misalnya hakim tunggal); hakim_anggota_2: anggota kedua tidak ditemukan (misalnya hakim tunggal); penuntut_umum: tidak berlaku untuk dokumen permohonan
2650/Pdt.P/2026/PN Sby,-,-,-,-,-,-,-,-,10 September 2026,"Ni Putu Sri Indayani, S.H., M.H",-,-,"Achmad Sofwan Mustafiddin, S.H., M.H.",-,T-2650_Pdt.P_2026_PN Sby.txt,permohonan,6,4,sebagian,nama_terdakwa_1: tidak berlaku untuk dokumen permohonan; nama_terdakwa_2: tidak berlaku untuk dokumen permohonan; nama_terdakwa_3: tidak berlaku untuk dokumen permohonan; tuntutan_pidana: tidak berlaku untuk dokumen permohonan; tuntutan_kuhp: tidak berlaku untuk dokumen permohonan; tuntutan_hukuman: tidak berlaku untuk dokumen permohonan; putusan_pidana: tidak berlaku untuk dokumen permohonan; putusan_hukuman: tidak berlaku untuk dokumen permohonan; hakim_anggota_1: daftar 'masing-masing sebagai Hakim Anggota' tidak ditemukan (misalnya hakim tunggal); hakim_anggota_2: anggota kedua tidak ditemukan (misalnya hakim tunggal); penuntut_umum: tidak berlaku untuk dokumen permohonan
2651/Pdt.P/2026/PN Sby,-,-,-,-,-,-,-,-,15 September 2026,"Sih Yuliarti, S.H.",-,-,"Rizky Wirianto, S.H., M.H.",-,T-2651_Pdt.P_2026_PN Sby.txt,permohonan,6,4,sebagian,nama_terdakwa_1: tidak berlaku untuk dokumen permohonan; nama_terdakwa_2: tidak berlaku untuk dokumen permohonan; nama_terdakwa_3: tidak berlaku untuk dokumen permohonan; tuntutan_pidana: tidak berlaku untuk dokumen permohonan; tuntutan_kuhp: tidak berlaku untuk dokumen permohonan; tuntutan_hukuman: tidak berlaku untuk dokumen permohonan; putusan_pidana: tidak berlaku untuk dokumen permohonan; putusan_hukuman: tidak berlaku untuk dokumen permohonan; hakim_anggota_1: daftar 'masing-masing sebagai Hakim Anggota' tidak ditemukan (misalnya hakim tunggal); hakim_anggota_2: anggota kedua tidak ditemukan (misalnya hakim tunggal); penuntut_umum: tidak berlaku untuk dokumen permohonan
2653/Pdt.P/2026/PN Sby,-,-,-,-,-,-,-,-,15 September 2026,"Aloysius Priharnoto Bayuaji, S.H., M.H.",-,-,"Lina Nurwidiyati, S.H., M.H.",-,T-2653_Pdt.P_2026_PN Sby.txt,permohonan,6,4,sebagian,nama_terdakwa_1: tidak berlaku untuk dokumen permohonan; nama_terdakwa_2: tidak berlaku untuk dokumen permohonan; nama_terdakwa_3: tidak berlaku untuk dokumen permohonan; tuntutan_pidana: tidak berlaku untuk dokumen permohonan; tuntutan_kuhp: tidak berlaku untuk dokumen permohonan; tuntutan_hukuman: tidak berlaku untuk dokumen permohonan; putusan_pidana: tidak berlaku untuk dokumen permohonan; putusan_hukuman: tidak berlaku untuk dokumen permohonan; hakim_anggota_1: daftar 'masing-masing sebagai Hakim Anggota' tidak ditemukan (misalnya hakim tunggal); hakim_anggota_2: anggota kedua tidak ditemukan (misalnya hakim tunggal); penuntut_umum: tidak berlaku untuk dokumen permohonan
2654/Pdt.P/2026/PN Sby,-,-,-,-,-,-,-,-,16 September 2026,"Ferdinand Marcus Leander, S.H., M.H.",-,-,"Suparman, S.H.",-,T-2654_Pdt.P_2026_PN Sby.txt,permohonan,6,4,sebagian,nama_terdakwa_1: tidak berlaku untuk dokumen permohonan; nama_terdakwa_2: tidak berlaku untuk dokumen permohonan; nama_terdakwa_3: tidak berlaku untuk dokumen permohonan; tuntutan_pidana: tidak berlaku untuk dokumen permohonan; tuntutan_kuhp: tidak berlaku untuk dokumen permohonan; tuntutan_hukuman: tidak berlaku untuk dokumen permohonan; putusan_pidana: tidak berlaku untuk dokumen permohonan; putusan_hukuman: tidak berlaku untuk dokumen permohonan; hakim_anggota_1: daftar 'masing-masing sebagai Hakim Anggota' tidak ditemukan (misalnya hakim tunggal); hakim_anggota_2: anggota kedua tidak ditemukan (misalnya hakim tunggal); penuntut_umum: tidak berlaku untuk dokumen permohonan
2661/Pdt.P/2026/PN Sby,-,-,-,-,-,-,-,-,17 September 2026,"Irlina, S.H., M.H.",-,-,"Maria Nur`aeni, S.H.",-,T-2661_Pdt.P_2026_PN Sby.txt,permohonan,6,4,sebagian,nama_terdakwa_1: tidak berlaku untuk dokumen permohonan; nama_terdakwa_2: tidak berlaku untuk dokumen permohonan; nama_terdakwa_3: tidak berlaku untuk dokumen permohonan; tuntutan_pidana: tidak berlaku untuk dokumen permohonan; tuntutan_kuhp: tidak berlaku untuk dokumen permohonan; tuntutan_hukuman: tidak berlaku untuk dokumen permohonan; putusan_pidana: tidak berlaku untuk dokumen permohonan; putusan_hukuman: tidak berlaku untuk dokumen permohonan; hakim_anggota_1: daftar 'masing-masing sebagai Hakim Anggota' tidak ditemukan (misalnya hakim tunggal); hakim_anggota_2: anggota kedua tidak ditemukan (misalnya hakim tunggal); penuntut_umum: tidak berlaku untuk dokumen permohonan
2667/Pdt.P/2026/PN Sby,-,-,-,-,-,-,-,-,9 September 2026,"Ni Putu Sri Indayani, S.H., M.H.",-,-,"Achmad Sofwan Mustafiddin, S.H., M.H.",-,T-2667_Pdt.P_2026_PN Sby.txt,permohonan,6,4,sebagian,nama_terdakwa_1: tidak berlaku untuk dokumen permohonan; nama_terdakwa_2: tidak berlaku untuk dokumen permohonan; nama_terdakwa_3: tidak berlaku untuk dokumen permohonan; tuntutan_pidana: tidak berlaku untuk dokumen permohonan; tuntutan_kuhp: tidak berlaku untuk dokumen permohonan; tuntutan_hukuman: tidak berlaku untuk dokumen permohonan; putusan_pidana: tidak berlaku untuk dokumen permohonan; putusan_hukuman: tidak berlaku untuk dokumen permohonan; hakim_anggota_1: daftar 'masing-masing sebagai Hakim Anggota' tidak ditemukan (misalnya hakim tunggal); hakim_anggota_2: anggota kedua tidak ditemukan (misalnya hakim tunggal); penuntut_umum: tidak berlaku untuk dokumen permohonan
2668/Pdt.P/2026/PN Sby,-,-,-,-,-,-,-,-,16 September 2026,"Sih Yuliarti, S.H.",-,-,"Nurul Evarani, S.H., M.H.",-,T-2668_Pdt.P_2026_PN Sby.txt,permohonan,6,4,sebagian,nama_terdakwa_1: tidak berlaku untuk dokumen permohonan; nama_terdakwa_2: tidak berlaku untuk dokumen permohonan; nama_terdakwa_3: tidak berlaku untuk dokumen permohonan; tuntutan_pidana: tidak berlaku untuk dokumen permohonan; tuntutan_kuhp: tidak berlaku untuk dokumen permohonan; tuntutan_hukuman: tidak berlaku untuk dokumen permohonan; putusan_pidana: tidak berlaku untuk dokumen permohonan; putusan_hukuman: tidak berlaku untuk dokumen permohonan; hakim_anggota_1: daftar 'masing-masing sebagai Hakim Anggota' tidak ditemukan (misalnya hakim tunggal); hakim_anggota_2: anggota kedua tidak ditemukan (misalnya hakim tunggal); penuntut_umum: tidak berlaku untuk dokumen permohonan
2671/Pdt.P/2026/PN Sby,-,-,-,-,-,-,-,-,14 September 2026,"Ferdinand Marcus Leander, S.H., M.H.",-,-,"Didik Dwi Riyanto, S.H., M.H.",-,T-2671_Pdt.P_2026_PN Sby.txt,permohonan,6,4,sebagian,nama_terdakwa_1: tidak berlaku untuk dokumen permohonan; nama_terdakwa_2: tidak berlaku untuk dokumen permohonan; nama_terdakwa_3: tidak berlaku untuk dokumen permohonan; tuntutan_pidana: tidak berlaku untuk dokumen permohonan; tuntutan_kuhp: tidak berlaku untuk dokumen permohonan; tuntutan_hukuman: tidak berlaku untuk dokumen permohonan; putusan_pidana: tidak berlaku untuk dokumen permohonan; putusan_hukuman: tidak berlaku untuk dokumen permohonan; hakim_anggota_1: daftar 'masing-masing sebagai Hakim Anggota' tidak ditemukan (misalnya hakim tunggal); hakim_anggota_2: anggota kedua tidak ditemukan (misalnya hakim tunggal); penuntut_umum: tidak berlaku untuk dokumen permohonan
2672/Pdt.P/2026/PN Sby,-,-,-,-,-,-,-,-,16 September 2026,"Agus Cakra Nugraha, S.H., M.H.",-,-,"Diah Eka Purnamasari, S.H., M.H.",-,T-2672_Pdt.P_2026_PN Sby.txt,permohonan,6,4,sebagian,nama_terdakwa_1: tidak berlaku untuk dokumen permohonan; nama_terdakwa_2: tidak berlaku untuk dokumen permohonan; nama_terdakwa_3: tidak berlaku untuk dokumen permohonan; tuntutan_pidana: tidak berlaku untuk dokumen permohonan; tuntutan_kuhp: tidak berlaku untuk dokumen permohonan; tuntutan_hukuman: tidak berlaku untuk dokumen permohonan; putusan_pidana: tidak berlaku untuk dokumen permohonan; putusan_hukuman: tidak berlaku untuk dokumen permohonan; hakim_anggota_1: daftar 'masing-masing sebagai Hakim Anggota' tidak ditemukan (misalnya hakim tunggal); hakim_anggota_2: anggota kedua tidak ditemukan (misalnya hakim tunggal); penuntut_umum: tidak berlaku untuk dokumen permohonan
2674/Pdt.P/2026/PN Sby,-,-,-,-,-,-,-,-,17 September 2026,"TEGUH SANTOSO, S.H.",-,-,"NURUL EVARANI, S.H., M.H.",-,T-2674_Pdt.P_2026_PN Sby.txt,permohonan,6,4,sebagian,nama_terdakwa_1: tidak berlaku untuk dokumen permohonan; nama_terdakwa_2: tidak berlaku untuk dokumen permohonan; nama_terdakwa_3: tidak berlaku untuk dokumen permohonan; tuntutan_pidana: tidak berlaku untuk dokumen permohonan; tuntutan_kuhp: tidak berlaku untuk dokumen permohonan; tuntutan_hukuman: tidak berlaku untuk dokumen permohonan; putusan_pidana: tidak berlaku untuk dokumen permohonan; putusan_hukuman: tidak berlaku untuk dokumen permohonan; hakim_anggota_1: daftar 'masing-masing sebagai Hakim Anggota' tidak ditemukan (misalnya hakim tunggal); hakim_anggota_2: anggota kedua tidak ditemukan (misalnya hakim tunggal); penuntut_umum: tidak berlaku untuk dokumen permohonan
2675/Pdt.P/2026/PN Sby,-,-,-,-,-,-,-,-,17 September 2026,"Ega Shaktiana, S.H., M.H.",-,-,"Rizky Wirianto, S.H., M.H.",-,T-2675_Pdt.P_2026_PN Sby.txt,permohonan,6,4,sebagian,nama_terdakwa_1: tidak berlaku untuk dokumen permohonan; nama_terdakwa_2: tidak berlaku untuk dokumen permohonan; nama_terdakwa_3: tidak berlaku untuk dokumen permohonan; tuntutan_pidana: tidak berlaku untuk dokumen permohonan; tuntutan_kuhp: tidak berlaku untuk dokumen permohonan; tuntutan_hukuman: tidak berlaku untuk dokumen permohonan; putusan_pidana: tidak berlaku untuk dokumen permohonan; putusan_hukuman: tidak berlaku untuk dokumen permohonan; hakim_anggota_1: daftar 'masing-masing sebagai Hakim Anggota' tidak ditemukan (misalnya hakim tunggal); hakim_anggota_2: anggota kedua tidak ditemukan (misalnya hakim tunggal); penuntut_umum: tidak berlaku untuk dokumen permohonan
2695/Pdt.P/2026/PN Sby,-,-,-,-,-,-,-,-,11 September 2026,"Ferdinand Marcus Leander, S.H., M.H.",-,-,"Rini Susanti, S.E., S.H., M.H.",-,T-2695_Pdt.P_2026_PN Sby.txt,permohonan,6,4,sebagian,nama_terdakwa_1: tidak berlaku untuk dokumen permohonan; nama_terdakwa_2: tidak berlaku untuk dokumen permohonan; nama_terdakwa_3: tidak berlaku untuk dokumen permohonan; tuntutan_pidana: tidak berlaku untuk dokumen permohonan; tuntutan_kuhp: tidak berlaku untuk dokumen permohonan; tuntutan_hukuman: tidak berlaku untuk dokumen permohonan; putusan_pidana: tidak berlaku untuk dokumen permohonan; putusan_hukuman: tidak berlaku untuk dokumen permohonan; hakim_anggota_1: daftar 'masing-masing sebagai Hakim Anggota' tidak ditemukan (misalnya hakim tunggal); hakim_anggota_2: anggota kedua tidak ditemukan (misalnya hakim tunggal); penuntut_umum: tidak berlaku untuk dokumen permohonan
2696/Pdt.P/2026/PN Sby,-,-,-,-,-,-,-,-,11 September 2026,"Ferdinand Marcus Leander, S.H., M.H.",-,-,"Rini Susanti, S.E., S.H., M.H.",-,T-2696_Pdt.P_2026_PN Sby.txt,permohonan,6,4,sebagian,nama_terdakwa_1: tidak berlaku untuk dokumen permohonan; nama_terdakwa_2: tidak berlaku untuk dokumen permohonan; nama_terdakwa_3: tidak berlaku untuk dokumen permohonan; tuntutan_pidana: tidak berlaku untuk dokumen permohonan; tuntutan_kuhp: tidak berlaku untuk dokumen permohonan; tuntutan_hukuman: tidak berlaku untuk dokumen permohonan; putusan_pidana: tidak berlaku untuk dokumen permohonan; putusan_hukuman: tidak berlaku untuk dokumen permohonan; hakim_anggota_1: daftar 'masing-masing sebagai Hakim Anggota' tidak ditemukan (misalnya hakim tunggal); hakim_anggota_2: anggota kedua tidak ditemukan (misalnya hakim tunggal); penuntut_umum: tidak berlaku untuk dokumen permohonan
2697/Pdt.P/2026/PN Sby,-,-,-,-,-,-,-,-,11 September 2026,"Ferdinand Marcus Leander, S.H., M.H.",-,-,"Rini Susanti, S.E., S.H., M.H.",-,T-2697_Pdt.P_2026_PN Sby.txt,permohonan,6,4,sebagian,nama_terdakwa_1: tidak berlaku untuk dokumen permohonan; nama_terdakwa_2: tidak berlaku untuk dokumen permohonan; nama_terdakwa_3: tidak berlaku untuk dokumen permohonan; tuntutan_pidana: tidak berlaku untuk dokumen permohonan; tuntutan_kuhp: tidak berlaku untuk dokumen permohonan; tuntutan_hukuman: tidak berlaku untuk dokumen permohonan; putusan_pidana: tidak berlaku untuk dokumen permohonan; putusan_hukuman: tidak berlaku untuk dokumen permohonan; hakim_anggota_1: daftar 'masing-masing sebagai Hakim Anggota' tidak ditemukan (misalnya hakim tunggal); hakim_anggota_2: anggota kedua tidak ditemukan (misalnya hakim tunggal); penuntut_umum: tidak berlaku untuk dokumen permohonan
2699/Pdt.P/2026/PN Sby,-,-,-,-,-,-,-,-,11 September 2026,"Ferdinand Marcus Leander, S.H., M.H.",-,-,"Rini Susanti, S.E., S.H., M.H.",-,T-2699_Pdt.P_2026_PN Sby.txt,permohonan,6,4,sebagian,nama_terdakwa_1: tidak berlaku untuk dokumen permohonan; nama_terdakwa_2: tidak berlaku untuk dokumen permohonan; nama_terdakwa_3: tidak berlaku untuk dokumen permohonan; tuntutan_pidana: tidak berlaku untuk dokumen permohonan; tuntutan_kuhp: tidak berlaku untuk dokumen permohonan; tuntutan_hukuman: tidak berlaku untuk dokumen permohonan; putusan_pidana: tidak berlaku untuk dokumen permohonan; putusan_hukuman: tidak berlaku untuk dokumen permohonan; hakim_anggota_1: daftar 'masing-masing sebagai Hakim Anggota' tidak ditemukan (misalnya hakim tunggal); hakim_anggota_2: anggota kedua tidak ditemukan (misalnya hakim tunggal); penuntut_umum: tidak berlaku untuk dokumen permohonan
26/Pid.Sus/2018/PN SBY,PAIMAH ALIMAWATI binti ANWAR,-,-,-,-,-,"telah melakukan percobaan atau permufakatan jahat secara tanpa hak atau melawan hukum menawarkan untuk dijual, menjual, membeli, menerima, menjadi perantara dalam jual beli, menukar atau menyerahkan Narkotika Golongan I (satu) bukan tanaman",5 (lima) tahun dan 6 (enam) bulan,21 Februari 2018,"Dewi Iswani, SH.MH.","Maxi Sigarlaki, SH.MH.","Rochmad, S.H.","Makhfud, SH.MH.","Adhiem Widigdo, SH.",T-26_Pid.Sus_2018_PN SBY.txt,pidana,15,10,sebagian,nama_terdakwa_2: dokumen ini tidak mempunyai terdakwa kedua/ketiga; nama_terdakwa_3: dokumen ini tidak mempunyai terdakwa kedua/ketiga; tuntutan_pidana: amar Tuntutan nomor 1 tidak memuat perbuatan yang dapat dipisahkan; tuntutan_kuhp: amar Tuntutan nomor 1 tidak memuat Pasal KUHP; tuntutan_hukuman: amar Tuntutan nomor 2 tidak memuat durasi sesudah 'selama'
2700/Pdt.P/2026/PN Sby,-,-,-,-,-,-,-,-,11 September 2026,"Ferdinand Marcus Leander, S.H., M.H.",-,-,"Rini Susanti, S.E., S.H., M.H.",-,T-2700_Pdt.P_2026_PN Sby.txt,permohonan,6,4,sebagian,nama_terdakwa_1: tidak berlaku untuk dokumen permohonan; nama_terdakwa_2: tidak berlaku untuk dokumen permohonan; nama_terdakwa_3: tidak berlaku untuk dokumen permohonan; tuntutan_pidana: tidak berlaku untuk dokumen permohonan; tuntutan_kuhp: tidak berlaku untuk dokumen permohonan; tuntutan_hukuman: tidak berlaku untuk dokumen permohonan; putusan_pidana: tidak berlaku untuk dokumen permohonan; putusan_hukuman: tidak berlaku untuk dokumen permohonan; hakim_anggota_1: daftar 'masing-masing sebagai Hakim Anggota' tidak ditemukan (misalnya hakim tunggal); hakim_anggota_2: anggota kedua tidak ditemukan (misalnya hakim tunggal); penuntut_umum: tidak berlaku untuk dokumen permohonan
2702/Pdt.P/2026/PN Sby,-,-,-,-,-,-,-,-,11 September 2026,"Ferdinand Marcus Leander, S.H., M.H.",-,-,"Rini Susanti, S.E., S.H., M.H.",-,T-2702_Pdt.P_2026_PN Sby.txt,permohonan,6,4,sebagian,nama_terdakwa_1: tidak berlaku untuk dokumen permohonan; nama_terdakwa_2: tidak berlaku untuk dokumen permohonan; nama_terdakwa_3: tidak berlaku untuk dokumen permohonan; tuntutan_pidana: tidak berlaku untuk dokumen permohonan; tuntutan_kuhp: tidak berlaku untuk dokumen permohonan; tuntutan_hukuman: tidak berlaku untuk dokumen permohonan; putusan_pidana: tidak berlaku untuk dokumen permohonan; putusan_hukuman: tidak berlaku untuk dokumen permohonan; hakim_anggota_1: daftar 'masing-masing sebagai Hakim Anggota' tidak ditemukan (misalnya hakim tunggal); hakim_anggota_2: anggota kedua tidak ditemukan (misalnya hakim tunggal); penuntut_umum: tidak berlaku untuk dokumen permohonan
2711/Pdt.P/2026/PN Sby,-,-,-,-,-,-,-,-,18 September 2026,"Ernawati Anwar S.H., M.H.",-,-,"Moch. Taufik Indra Pramana, S.H., M.H",-,T-2711_Pdt.P_2026_PN Sby.txt,permohonan,6,4,sebagian,nama_terdakwa_1: tidak berlaku untuk dokumen permohonan; nama_terdakwa_2: tidak berlaku untuk dokumen permohonan; nama_terdakwa_3: tidak berlaku untuk dokumen permohonan; tuntutan_pidana: tidak berlaku untuk dokumen permohonan; tuntutan_kuhp: tidak berlaku untuk dokumen permohonan; tuntutan_hukuman: tidak berlaku untuk dokumen permohonan; putusan_pidana: tidak berlaku untuk dokumen permohonan; putusan_hukuman: tidak berlaku untuk dokumen permohonan; hakim_anggota_1: daftar 'masing-masing sebagai Hakim Anggota' tidak ditemukan (misalnya hakim tunggal); hakim_anggota_2: anggota kedua tidak ditemukan (misalnya hakim tunggal); penuntut_umum: tidak berlaku untuk dokumen permohonan
2724/Pdt.P/2026/PN Sby,-,-,-,-,-,-,-,-,18 September 2026,"Ernawati Anwar S.H., M.H.",-,-,"Yanid Indra Harjono, SH.MH",-,T-2724_Pdt.P_2026_PN Sby.txt,permohonan,6,4,sebagian,nama_terdakwa_1: tidak berlaku untuk dokumen permohonan; nama_terdakwa_2: tidak berlaku untuk dokumen permohonan; nama_terdakwa_3: tidak berlaku untuk dokumen permohonan; tuntutan_pidana: tidak berlaku untuk dokumen permohonan; tuntutan_kuhp: tidak berlaku untuk dokumen permohonan; tuntutan_hukuman: tidak berlaku untuk dokumen permohonan; putusan_pidana: tidak berlaku untuk dokumen permohonan; putusan_hukuman: tidak berlaku untuk dokumen permohonan; hakim_anggota_1: daftar 'masing-masing sebagai Hakim Anggota' tidak ditemukan (misalnya hakim tunggal); hakim_anggota_2: anggota kedua tidak ditemukan (misalnya hakim tunggal); penuntut_umum: tidak berlaku untuk dokumen permohonan
2738/Pdt.P/2026/PN Sby,-,-,-,-,-,-,-,-,18 September 2026,"Ernawati Anwar S.H., M.H.",-,-,"Maria Nur`Aeni, S.H",-,T-2738_Pdt.P_2026_PN Sby.txt,permohonan,6,4,sebagian,nama_terdakwa_1: tidak berlaku untuk dokumen permohonan; nama_terdakwa_2: tidak berlaku untuk dokumen permohonan; nama_terdakwa_3: tidak berlaku untuk dokumen permohonan; tuntutan_pidana: tidak berlaku untuk dokumen permohonan; tuntutan_kuhp: tidak berlaku untuk dokumen permohonan; tuntutan_hukuman: tidak berlaku untuk dokumen permohonan; putusan_pidana: tidak berlaku untuk dokumen permohonan; putusan_hukuman: tidak berlaku untuk dokumen permohonan; hakim_anggota_1: daftar 'masing-masing sebagai Hakim Anggota' tidak ditemukan (misalnya hakim tunggal); hakim_anggota_2: anggota kedua tidak ditemukan (misalnya hakim tunggal); penuntut_umum: tidak berlaku untuk dokumen permohonan
2753/Pdt.P/2026/PN Sby,-,-,-,-,-,-,-,-,18 September 2026,"Ernawati Anwar S.H., M.H.",-,-,"Yanid Indra Harjono, SH.MH",-,T-2753_Pdt.P_2026_PN Sby.txt,permohonan,6,4,sebagian,nama_terdakwa_1: tidak berlaku untuk dokumen permohonan; nama_terdakwa_2: tidak berlaku untuk dokumen permohonan; nama_terdakwa_3: tidak berlaku untuk dokumen permohonan; tuntutan_pidana: tidak berlaku untuk dokumen permohonan; tuntutan_kuhp: tidak berlaku untuk dokumen permohonan; tuntutan_hukuman: tidak berlaku untuk dokumen permohonan; putusan_pidana: tidak berlaku untuk dokumen permohonan; putusan_hukuman: tidak berlaku untuk dokumen permohonan; hakim_anggota_1: daftar 'masing-masing sebagai Hakim Anggota' tidak ditemukan (misalnya hakim tunggal); hakim_anggota_2: anggota kedua tidak ditemukan (misalnya hakim tunggal); penuntut_umum: tidak berlaku untuk dokumen permohonan
2779/Pid.B/2017/PN Sby,AMIR FATA BIN MATHURI,-,-,pencurian dengan kekerasan,-,10 (sepuluh) tahun,pencurian dengan kekerasan,7 (tujuh) tahun,30 November 2017,"FX HANUNG DWI WIBOWO, SH., MH.","ISJUAEDI, SH., MH.","AGUS HAMZAH, SH., MH.","YANID INDRA HARJONO, SH., MH.","IRENE ULFA, SH.",T-2779_Pid.B_2017_PN SBY.txt,pidana,15,12,sebagian,nama_terdakwa_2: dokumen ini tidak mempunyai terdakwa kedua/ketiga; nama_terdakwa_3: dokumen ini tidak mempunyai terdakwa kedua/ketiga; tuntutan_kuhp: amar Tuntutan nomor 1 tidak memuat Pasal KUHP
2782/Pid.Sus/2017/PN SBY,Mohamad Ali Bin Taip Alm.,-,-,Narkotika,-,7 (tujuh) Tahun 6 (enam) Bulan,"tanpa hak atau melawan hukum memiliki, menyimpan, menguasai atau menyediakan narkotika golongan I bukan tanaman",5 (lima) Tahun dan 6 (enam) Bulan,5 Desember 2017,"FX Hanung Dwi Wibowo, SH., MH.","Isjuaedi, SH., MH.","Agus Hamzah, SH., MH.","Irawan Djatmiko, SH., MH.","Didik Yudha A, SH.",T-2782_Pid.Sus_2017_PN SBY.txt,pidana,15,12,sebagian,nama_terdakwa_2: dokumen ini tidak mempunyai terdakwa kedua/ketiga; nama_terdakwa_3: dokumen ini tidak mempunyai terdakwa kedua/ketiga; tuntutan_kuhp: amar Tuntutan nomor 1 tidak memuat Pasal KUHP
2857/Pid.B/2017/PN Sby,SAIFUL ARIFIN alias SIPUL Bin H. BURI,-,-,Pencurian dengan kekerasan secara bersama-sama yang mengakibatkan luka berat atau kematian dan Pencurian dengan kekerasan secara bersama-sama,Pasal 365 ayat (4) KUHP,20 (dua puluh) Tahun,Pencurian dengan kekerasan secara bersama-sama yang mengakibatkan luka berat atau kematian Dan Pencurian dengan kekerasan secara bersama-sama,12 (dua belas) Tahun,27 November 2017,"ARI JIWANTARA, SH., MHum.","H.R. UNGGUL WARSO MURTI, SH., MH.","TIMUR PRADOKO, SH.","H. SUTRISNO, SH., MH.","P. MANULLANG, SH.",T-2857_Pid.B_2017_PN SBY.txt,pidana,15,13,sebagian,nama_terdakwa_2: dokumen ini tidak mempunyai terdakwa kedua/ketiga; nama_terdakwa_3: dokumen ini tidak mempunyai terdakwa kedua/ketiga
2864/Pid.B/2017/PN SBY,Teddy Darmawan Setya Budi Bin Budiantoro,-,-,pencurian yang,pasal 362 KUHP,10 (sepuluh) bulan,pencurian,7 (tujuh) Bulan,26 Oktober 2017,"Sifa’urosidin, SH., MH.","Isjuaedi, SH., MH.","Agus Hamzah, S.H., M.H.","Irawan Djatmiko, SH., MH.","Linda B Karundeng, SH.",T-2864_Pid.B_2017_PN SBY.txt,pidana,15,13,sebagian,nama_terdakwa_2: dokumen ini tidak mempunyai terdakwa kedua/ketiga; nama_terdakwa_3: dokumen ini tidak mempunyai terdakwa kedua/ketiga
28/Pid.Pra/2026/PN Sby,-,-,-,-,-,-,-,-,9 September 2026,"Purnomo Hadiyarto, S.H.",-,-,"Dhany Eko Prasetyo, S.E., S.H., M.M., M.Hum.",-,T-28_Pid.Pra_2026_PN Sby.txt,praperadilan,6,4,sebagian,nama_terdakwa_1: tidak berlaku untuk dokumen praperadilan; nama_terdakwa_2: tidak berlaku untuk dokumen praperadilan; nama_terdakwa_3: tidak berlaku untuk dokumen praperadilan; tuntutan_pidana: tidak berlaku untuk dokumen praperadilan; tuntutan_kuhp: tidak berlaku untuk dokumen praperadilan; tuntutan_hukuman: tidak berlaku untuk dokumen praperadilan; putusan_pidana: tidak berlaku untuk dokumen praperadilan; putusan_hukuman: tidak berlaku untuk dokumen praperadilan; hakim_anggota_1: daftar 'masing-masing sebagai Hakim Anggota' tidak ditemukan (misalnya hakim tunggal); hakim_anggota_2: anggota kedua tidak ditemukan (misalnya hakim tunggal); penuntut_umum: tidak berlaku untuk dokumen praperadilan
291/Pid.Sus/2018/PN Sby,AFRIYAN VERNANDO PRATAMA Bin SUDI SLAMET RIYANTO,-,-,-,-,-,"“ tanpa hak atau melawan hukum melakukan percobaan atau permufakatan jahat menjadi perantara dalam jual beli, atau menyerahkan narkotika golongan I dalam bentuk bukan tanaman “",5 (lima) tahun,6 Maret 2018,"ANNE RUSIANA, SH.MHum.","PUJO SAKSONO, SH.MH","DWI PURWADI, SH.MH.","DIAS SUROYO, SH. MH","DEDDY ARISANDI, SH",T-291_Pid.Sus_2018_PN SBY.txt,pidana,15,10,sebagian,nama_terdakwa_2: dokumen ini tidak mempunyai terdakwa kedua/ketiga; nama_terdakwa_3: dokumen ini tidak mempunyai terdakwa kedua/ketiga; tuntutan_pidana: amar Tuntutan nomor 1 tidak memuat perbuatan yang dapat dipisahkan; tuntutan_kuhp: amar Tuntutan nomor 1 tidak memuat Pasal KUHP; tuntutan_hukuman: amar Tuntutan nomor 2 tidak memuat durasi sesudah 'selama'
3058/Pid.B/2017/PN Sby,SYAMSUL HAKIM ARIEF Bin MOCH. THOYIB ANIS,-,-,Pencurian dengan kekerasan,Pasal 365 ayat (1) KUHP,2 (Dua) tahun,“Pencurian dengan kekerasan“,1 (Satu) tahun dan 3 (Tiga) bulan,11 Desember 2017,"PPH SITORUS, SH.MHum.","HARIJANTO, SH.MH.","SIGIT SUTRIONO, SH.MHum","HARIYANTO, SH.MH.","WILHELMINA MANUHUTU, SH.",T-3058_Pid.B_2017_PN SBY.txt,pidana,15,13,sebagian,nama_terdakwa_2: dokumen ini tidak mempunyai terdakwa kedua/ketiga; nama_terdakwa_3: dokumen ini tidak mempunyai terdakwa kedua/ketiga
3080/Pid.Sus/2017/PN SBY,Agus Junaedi Bin Kamim Tohari,Mila Indriani Santoso Binti Suroso Santoso,-,"percobaan atau permufakatan jahat melakukan tindak pidana narkotika atau prekusor narkotika secara tanpa haka tau melawan hokum memiliki, menyimpan, menguasai atau menyediakan narkotika golongan I bukan tanaman",-,7 (tujuh) tahun dan 6 (enam) bulan,".Melakukan permufakatan jahat untuk melakukan tindak pidana tanpa hak atau melawan hukum memiliki, menyimpan menguasai atau menyediakan Narkotika golongan I bukan tanaman",6 (enam) Tahun,16 Januari 2018,"Isjuaedi, S.H., M.H","Sifa’urosidin, S.H., M.H.","FX Hanung Dwi Wibowo, S.H., M.H.","Irawan Djatmiko, SH. MH.","Farkhan Junaedi, S.H.",T-3080_Pid.Sus_2017_PN SBY.txt,pidana,15,13,sebagian,nama_terdakwa_3: dokumen ini tidak mempunyai terdakwa kedua/ketiga; tuntutan_kuhp: amar Tuntutan nomor 1 tidak memuat Pasal KUHP
3089/Pid.B/2017/PN SBY,CHOIRUL WAHID Alias IRUL,HARTOYO ALIAS TOYO,RATMAJI Alias AMBON,Pencurian Dengan Kekerasan,Pasal 365 ayat (2) ke 1 dan ke 2 KUHP,11 (sebelas) tahun,“ Pencurian dengan kekerasan dalam keadaan memberatkan “,7 (tujuh) tahun 6 (enam) bulan,7 Februari 2018,"I WAYAN SOSIAWAN, SH., MH","PUJO SAKSONO, SH., MH.","H HISBULLAH IDRIS, SH., MHum.","SLAMET SURIPTA, SH., MH","RIRIN INDRAWATI, SH",T-3089_Pid.B_2017_PN SBY.txt,pidana,15,15,lengkap,semua entitas yang berlaku terisi
3099/Pid.B/2017/PN Sby,"AGUS HALIM, SE, MM",-,-,-,-,-,“ Penipuan dan menggunakan surat palsu atau yang dipalsukan “,1 (satu) tahun,16 Januari 2018,"DWI PURWADI, SH.MH.","ANNE RUSIANA, SH.MHum.","PUJO SAKSONO, SH.MH.","DIAS SUROYO, SH. MH.",Jaksa,T-3099_Pid.B_2017_PN SBY.txt,pidana,15,10,sebagian,nama_terdakwa_2: dokumen ini tidak mempunyai terdakwa kedua/ketiga; nama_terdakwa_3: dokumen ini tidak mempunyai terdakwa kedua/ketiga; tuntutan_pidana: amar Tuntutan nomor 1 tidak memuat perbuatan yang dapat dipisahkan; tuntutan_kuhp: amar Tuntutan nomor 1 tidak memuat Pasal KUHP; tuntutan_hukuman: amar Tuntutan nomor 2 tidak memuat durasi sesudah 'selama'
3107/Pid.Sus/2017/PN Sby,SAPUTRA HIDAYAT BIN SUMARJO,-,-,"secara tanpa hak menawarkan untuk dijual, menjual, membeli, menerima, menjadi perantara dalam jual beli, menukar atau menyerahkan Narkotika Golongan I bukan tanaman",-,8 (DELAPAN) TAHUN,"tanpa hak atau melawan hukum menawarkan untuk dijual, menjual, membeli, menerima, menjadi perantara dalam jual beli, menukar, atau menyerahkan Narkotika golongan I bukan tanaman",6 (enam) tahun,24 Januari 2018,"AGUS HAMZAH, SH., MH.","FX. HANUNG DWI WIBOWO, SH., MH.","SIFA’UROSIDIN, SH., MH.","YANID INDRA HARJONO, SH., MH.","NI MADE SRI ASTRI UTAMA, SH.",T-3107_Pid.Sus_2017_PN SBY.txt,pidana,15,12,sebagian,nama_terdakwa_2: dokumen ini tidak mempunyai terdakwa kedua/ketiga; nama_terdakwa_3: dokumen ini tidak mempunyai terdakwa kedua/ketiga; tuntutan_kuhp: amar Tuntutan nomor 1 tidak memuat Pasal KUHP
3116/Pid.B/2017/PN Sby,MASHURI,-,-,Perjudian yang,Pasal 303 Bis ayat (1) ke-2 KUHP,1 (satu) tahun,tindak pidana: Perjudian,10 (sepuluh) bulan,15 Februari 2018,"AGUS HAMZAH, S.H., M.H.","FX. HANUNG DWI WIBOWO, S.H., M.H.","SIFA’ UROSIDIN, S.H., M.H.","AGUS WIDODO, S.H., M.H.","Hasanuddin Tandiholo, SH.",T-3116_Pid.B_2017_PN SBY.txt,pidana,15,13,sebagian,nama_terdakwa_2: dokumen ini tidak mempunyai terdakwa kedua/ketiga; nama_terdakwa_3: dokumen ini tidak mempunyai terdakwa kedua/ketiga
3119/Pid.Sus/2017/PN SBY,Angga Prastiya Bin Alm. Sumargono,Haryono Bin Wage Isyanto,-,"melakukan percobaan atau permufakatan jahat untuk melakukan tindak pidana Narkotika dan Prekursor Narkotika, secara tanpa hak atau nielawan hukum memiliki, menyimpan, menguasai, atau menyediakan Narkotika Golongan I bukan tanaman",-,-,"“Tanpa hak atau melawan hukum memiliki, menyimpan dan menguasai Narkotika Golongan I bukan tanaman",5 (lima) tahun,14 Desember 2017,"R Anton Widyopriyono, S.H.., M.H.","Maxi Sigarlaki, S.H.., M.H.","Dewi Iswani, S.H.., M.H..","H. SEHUDI HARTONO, SH., MH.","Ni Made Sri Astri Utami, S.H.",T-3119_Pid.Sus_2017_PN SBY.txt,pidana,15,12,sebagian,nama_terdakwa_3: dokumen ini tidak mempunyai terdakwa kedua/ketiga; tuntutan_kuhp: amar Tuntutan nomor 1 tidak memuat Pasal KUHP; tuntutan_hukuman: amar Tuntutan nomor 2 tidak memuat durasi sesudah 'selama'
3120/Pdt.P/2025/PN Sby,-,-,-,-,-,-,-,-,8 Januari 2026,"Ida Ayu Widyarini, S.H., M.Hum.",-,-,"Mohamad Saeran, S.H., M.H.",-,T-3120_Pdt.P_2025_PN Sby.txt,permohonan,6,4,sebagian,nama_terdakwa_1: tidak berlaku untuk dokumen permohonan; nama_terdakwa_2: tidak berlaku untuk dokumen permohonan; nama_terdakwa_3: tidak berlaku untuk dokumen permohonan; tuntutan_pidana: tidak berlaku untuk dokumen permohonan; tuntutan_kuhp: tidak berlaku untuk dokumen permohonan; tuntutan_hukuman: tidak berlaku untuk dokumen permohonan; putusan_pidana: tidak berlaku untuk dokumen permohonan; putusan_hukuman: tidak berlaku untuk dokumen permohonan; hakim_anggota_1: daftar 'masing-masing sebagai Hakim Anggota' tidak ditemukan (misalnya hakim tunggal); hakim_anggota_2: anggota kedua tidak ditemukan (misalnya hakim tunggal); penuntut_umum: tidak berlaku untuk dokumen permohonan
318/Pdt.Bth/2026/PN Sby,-,-,-,-,-,-,-,-,7 September 2026,"Wiyanto, S.H., M.H.","Alex Adam Faisal, S.H., M.H.","Erly Soelistyarini, S.H., M.Hum.","Leny Muji Astuti, S.H., M.H.",-,T-318_Pdt.Bth_2026_PN Sby.txt,bantahan,6,6,lengkap,nama_terdakwa_1: tidak berlaku untuk dokumen bantahan; nama_terdakwa_2: tidak berlaku untuk dokumen bantahan; nama_terdakwa_3: tidak berlaku untuk dokumen bantahan; tuntutan_pidana: tidak berlaku untuk dokumen bantahan; tuntutan_kuhp: tidak berlaku untuk dokumen bantahan; tuntutan_hukuman: tidak berlaku untuk dokumen bantahan; putusan_pidana: tidak berlaku untuk dokumen bantahan; putusan_hukuman: tidak berlaku untuk dokumen bantahan; penuntut_umum: tidak berlaku untuk dokumen bantahan
31/Pid.Sus/2018/PN SBY,DAHLAN Bin MOCHAMAD (Alm),-,-,-,-,-,"Tanpa hak atau melawan hukum menawarkan untuk dijual, menjual, membeli, menerima, menjadi perantara dalam jual beli, menukar atau menyerahkan Narkotika Golongan I bukan tanaman berupa sabu",12 (dua belas) tahun,21 Februari 2018,"Dewi Iswani, SH.MH.","Maxi Sigarlaki, SH.MH.","Rochmad, S.H.","Makhfud, SH.MH.","Didik Yudha Aribusono, SH.",T-31_Pid.Sus_2018_PN SBY.txt,pidana,15,10,sebagian,nama_terdakwa_2: dokumen ini tidak mempunyai terdakwa kedua/ketiga; nama_terdakwa_3: dokumen ini tidak mempunyai terdakwa kedua/ketiga; tuntutan_pidana: amar Tuntutan nomor 1 tidak memuat perbuatan yang dapat dipisahkan; tuntutan_kuhp: amar Tuntutan nomor 1 tidak memuat Pasal KUHP; tuntutan_hukuman: amar Tuntutan nomor 2 tidak memuat durasi sesudah 'selama'
3278/Pid.Sus/2017/PN Sby,NORLISA,-,-,tanpa hak atau melawan hukum mengimpor narkotika golongan I yang dalam bentuk bukan tanaman beratnya 5 (lima) gram,-,15 (lima belas) tahun,tindak pidana: “Tanpa hak atau melawan hukum mengimpor Narkotika Golongan I bukan tanaman beratnya 5 (lima) gram”,15 (limabelas) tahun,20 Desember 2017,"AGUS HAMZAH, S.H., M.H.","FX. HANUNG DWI WIBOWO, S.H., M.H.","ISJUAEDI, S.H., M.H.","AGUS WIDODO, S.H., M.H.","SUCI ANGGRAENI, S.H.",T-3278_Pid.Sus_2017_PN SBY.txt,pidana,15,12,sebagian,nama_terdakwa_2: dokumen ini tidak mempunyai terdakwa kedua/ketiga; nama_terdakwa_3: dokumen ini tidak mempunyai terdakwa kedua/ketiga; tuntutan_kuhp: amar Tuntutan nomor 1 tidak memuat Pasal KUHP
3485/Pid.B/2017/PN Sby,ZAINAL ARIFIN,-,-,penipuan secara berlanjut,Pasal 378 KUHP,2 (dua) tahun,Penipuan yang berlanjut,1 (satu) tahun dan 3 (tiga) bulan,6 Februari 2018,"ISJUAEDI, SH., MH.","FX. HANUNG DWI WIBOWO, SH., MH.","AGUS HAMZAH, SH., MH.","YANID INDRA HARJONO, SH., MH.","DUTA MELLIA, SH.",T-3485_Pid.B_2017_PN SBY.txt,pidana,15,13,sebagian,nama_terdakwa_2: dokumen ini tidak mempunyai terdakwa kedua/ketiga; nama_terdakwa_3: dokumen ini tidak mempunyai terdakwa kedua/ketiga
3502/Pid.Sus/2017/PN SBY,Abd. Azis Bin Abd Rohman,-,-,"“permufakatan jahat secara tana haka tau melawan hukum menerima, menjadi perantara dalam jual beli, menukar atau menyerahkan narkotika golongan I",-,14 (empat belas) tahun,"permufakatan jahat tanpa hak atau melawan hukum menerima, menjadi perantara dalam jual beli, menukar atau menyerahkan narkotika golongan I bukan tanaman yang beratnya melebihi 5 (lima) gram",8 (delapan) Tahun,24 Januari 2018,"Agus Hamzah, S.H., M.H.","FX Hanung Dwi Wibowo, SH., MH.","Dan Sifa’urosidin, SH., MH.","Irawan Djatmiko, SH., MH.","Sri Winarni, SH.",T-3502_Pid.Sus_2017_PN SBY.txt,pidana,15,12,sebagian,nama_terdakwa_2: dokumen ini tidak mempunyai terdakwa kedua/ketiga; nama_terdakwa_3: dokumen ini tidak mempunyai terdakwa kedua/ketiga; tuntutan_kuhp: amar Tuntutan nomor 1 tidak memuat Pasal KUHP
3518/Pid.B/2017/PN Sby,DJAMALUDIN ALIAS UDIN BIN AHMAD NUR,-,-,"DALAM HAL PERBARENGAN BEBERAPA PERBUATAN YANG HARUS DIPANDANG SEBAGAI PERBUATAN YANG BERDIRI SENDIRI SEHINGGA MERUPAKAN BEBERAPA KEJAHATAN. MENGAMBIL BARANG SESUATU YANG SELURUHNYA ATAU SEBAGIAN KEPUNYAAN ORANG LAIN. DENGAN MAKSUD UNTUK DIMILIKI SECARA MELAWAN HUKUM. DIWAKTU MALAM DALAM SEBUAH RUMAH, YANG DILAKUKAN OLEH ORANG YANG ADA DISITU TIDAK DIKETAHUI ATAU TIDAK DIKEHENDAKI OLEH YANG BERHAK. YANG UNTUK MASUK KE TEMPAT MELAKUKAN KEJAHATAN ATAU UNTUK SAMPAI PADA BARANG YANG DIAMBIL. DILAKUKAN DENGAN MERUSAK. MEMOTONG ATAU MEMANJAT. ATAU MEMAKAI ANAK KUNCI PALSU. PERINTAH PALSU ATAU PAKAIAN JABATAN PALSU","pasal 363 ayat (1) ke-3, 5 KUHP",4 (empat) tahun,Pencurian dalam keadaan keadaan memberatkan,2 (dua) tahun dan 6 (enam) bulan,22 Februari 2018,"Maxi Sigarlaki, SH.MH.","Rochmad, S.H.","R. Anton Widyopriyono, SH.MH.","Makhfud, SH.MH.","Mochamad Solton, SH.MH.",T-3518_Pid.B_2017_PN SBY.txt,pidana,15,13,sebagian,nama_terdakwa_2: dokumen ini tidak mempunyai terdakwa kedua/ketiga; nama_terdakwa_3: dokumen ini tidak mempunyai terdakwa kedua/ketiga
3524/Pid.B/2017/PN Sby,Eko Yayak Nugroho Bin Maryunan (Alm),-,-,Penggelapan sebagimana,Pasal 372 KUHP,-,tindak pidana: Penggelapan,6 (enam) bulan,12 Februari 2018,"AGUS HAMZAH, S.H., M.H.","FX. HANUNG DWI WIBOWO, S.H., M.H.","SIFA’ UROSIDIN, S.H., M.H.","AGUS WIDODO, S.H., M.H.","Linda B Karundeng, SH.",T-3524_Pid.B_2017_PN SBY.txt,pidana,15,12,sebagian,nama_terdakwa_2: dokumen ini tidak mempunyai terdakwa kedua/ketiga; nama_terdakwa_3: dokumen ini tidak mempunyai terdakwa kedua/ketiga; tuntutan_hukuman: amar Tuntutan nomor 2 tidak memuat durasi sesudah 'selama'
354/Pdt.Bth/2026/PN Sby,-,-,-,-,-,-,-,-,2 September 2026,"Antyo Harri Susetyo, S.H.","Hj. Ardiani, S.H.","Ira Wati, S.H., M.Kn.","Leny Muji Astuti, S.H., M.H.",-,T-354_Pdt.Bth_2026_PN Sby.txt,bantahan,6,6,lengkap,nama_terdakwa_1: tidak berlaku untuk dokumen bantahan; nama_terdakwa_2: tidak berlaku untuk dokumen bantahan; nama_terdakwa_3: tidak berlaku untuk dokumen bantahan; tuntutan_pidana: tidak berlaku untuk dokumen bantahan; tuntutan_kuhp: tidak berlaku untuk dokumen bantahan; tuntutan_hukuman: tidak berlaku untuk dokumen bantahan; putusan_pidana: tidak berlaku untuk dokumen bantahan; putusan_hukuman: tidak berlaku untuk dokumen bantahan; penuntut_umum: tidak berlaku untuk dokumen bantahan
3569/Pid.Sus/2017/PN SBY,PENTANO IRGI SATRIA RAMADHANI Bin BAMBANG HADI PURNOMO,MUHAMMAD EDO FATTHURAHMAN Bin EDI SUSANTO,-,-,-,-,"Tanpa hak atau melawan hukum memiliki, menyimpan, menguasai, atau menyediakan Narkotika Golongan I (satu) bukan tanaman",4 (empat) tahun,7 Februari 2018,"Maxi Sigarlaki, SH.MH.","Rochmad, S.H.","R. Anton Widyopriyono, SH.MH.","Makhfud, SH.MH.","Yusuf Akbar Amin, SH.MH.",T-3569_Pid.Sus_2017_PN SBY.txt,pidana,15,11,sebagian,nama_terdakwa_3: dokumen ini tidak mempunyai terdakwa kedua/ketiga; tuntutan_pidana: amar Tuntutan nomor 1 tidak memuat perbuatan yang dapat dipisahkan; tuntutan_kuhp: amar Tuntutan nomor 1 tidak memuat Pasal KUHP; tuntutan_hukuman: amar Tuntutan nomor 2 tidak memuat durasi sesudah 'selama'
3626/Pid.Sus/2017/PN Sby,TEGAR PUTRA SYAFAATULLAH Bin ARIFIN USMAN,-,-,"“bermufakat jahat melawan hukum memiliki, menguasai narkotika golongan I bukan tanaman “",-,7 (tujuh) tahun dan 6 (enam) bulan,"“bermufakat jahat melawan hukum memiliki, menguasai Narkotika golongan I bukan tanaman“",5 (Lima) tahun,7 Maret 2018,"YULISAR, SH.MH.","SIGIT SUTRIONO, SH.MHum.","PPH SITORUS, SH.MHum","HARIYANTO, SH.MH.","RIRIN INDRAWATI, SH.",T-3626_Pid.Sus_2017_PN SBY.txt,pidana,15,12,sebagian,nama_terdakwa_2: dokumen ini tidak mempunyai terdakwa kedua/ketiga; nama_terdakwa_3: dokumen ini tidak mempunyai terdakwa kedua/ketiga; tuntutan_kuhp: amar Tuntutan nomor 1 tidak memuat Pasal KUHP
3628/Pid.Sus/2017/PN SBY,Heri Sutrisno Bin Senawi Alm.,-,-,"secara tak haka tau melawan hukum, memiliki, menyimpan, menguasai atau menyediakan narkotika golongan I bukan tanaman”",-,7 (tujuh) tahun 6 (enam) bulan,"tanpa hak atau melawan hukum memiliki, menyimpan, menguasai atau menyediakan Narkotika golongan I bukan tanaman",5 (lima) Tahun dan 6 (enam) Bulan,22 Januari 2018,"Sifa’urosidin, S.H., M.H","FX Hanung Dwi Wibowo, S.H., M.H.","Agus Hamzah, SH., MH.","Irawan Djatmiko, SH. MH.","Katrin Sunita, S.H.",T-3628_Pid.Sus_2017_PN SBY.txt,pidana,15,12,sebagian,nama_terdakwa_2: dokumen ini tidak mempunyai terdakwa kedua/ketiga; nama_terdakwa_3: dokumen ini tidak mempunyai terdakwa kedua/ketiga; tuntutan_kuhp: amar Tuntutan nomor 1 tidak memuat Pasal KUHP
3686/Pid.B/2017/PN SBY,Mochammad Ja'Far Bin Hasim,-,-,“DENGAN TERANG-TERANGAN DAN DENGAN TENAGA BERSAMA MENGGUNAKAN KEKERASAN TERHADAP ORANG YANG MENGAKIBATKAN MATINYA ORANG” sesuai,-,10 (sepuluh) tahun,dimuka umum secara bersama sama melakukan kekerasan terhadap orang yang menyebabkan matinya orang,10 (sepuluh) tahun,26 Februari 2018,"Sifa'urosidin, S.H.., M.H.","Isjuaedi, S.H.., M.H.","Agus Hamzah, S.H., M.H.","Yanid Indra Harjono, SH., MH.","Irene Ulfa, S.H.",T-3686_Pid.B_2017_PN SBY.txt,pidana,15,12,sebagian,nama_terdakwa_2: dokumen ini tidak mempunyai terdakwa kedua/ketiga; nama_terdakwa_3: dokumen ini tidak mempunyai terdakwa kedua/ketiga; tuntutan_kuhp: amar Tuntutan nomor 1 tidak memuat Pasal KUHP
3689/Pid.Sus/2017/PN Sby,IWAN,ELISA alias IWAN,-,"Percobaan atau permufakatan jahat Tanpa hak atau melawan hukum memiliki, menyimpan, menguasai, atau menyediakan Narkotika Golongan I bukan tanaman yang",-,6 (enam) tahun dan 6 (enam) bulan,tindak pidana: “Permufakatan jahat tanpa hak menguasai Narkotika Golongan I bukan tanaman”,5 (lima) tahun,26 Februari 2018,"SIFA’ UROSIDIN, S.H., M.H.","FX. HANUNG DWI WIBOWO, S.H., M.H.","AGUS HAMZAH, S.H., M.H.","AGUS WIDODO, S.H., M.H.","Anggraini, SH.",T-3689_Pid.Sus_2017_PN SBY.txt,pidana,15,13,sebagian,nama_terdakwa_3: dokumen ini tidak mempunyai terdakwa kedua/ketiga; tuntutan_kuhp: amar Tuntutan nomor 1 tidak memuat Pasal KUHP
3708/Pid.B/2017/PN Sby,Kholil Bin Abdul Hasan,-,-,"mengambil barang sesuatu, yang seluruhnya atau sebagian kepunyaan orang lain, dengan maksud untuk dimiliki secara melawan hukum, pada waktu malam dalam sebuah rumah atau pekarangan tertutup yang ada rumahnya, yang dilakukan oleh orang yang ada disitu tidak diketahui atau tidak dikehendaki oleh yang berhak",Pasal 363 ayat (1) ke-3 KUHP,10 (sepuluh) bulan,"mengambil barang sesuatu, yang seluruhnya atau sebagian kepunyaan orang lain, dengan maksud untuk dimiliki secara melawan hukum, pada waktu malam dalam sebuah rumah atau pekarangan tertutup yang ada rumahnya, yang dilakukan oleh orang yang ada disitu tidak diketahui atau tidak dikehendaki oleh yang berhak",7 (tujuh) bulan,21 Februari 2018,"Sarwedi, SH., MH.","Jan Manoppo, SH., MH.","Slamet Riadi, SH., MH.","Suwarningsih, SH., MHum.","Suparlan H, SH.",T-3708_Pid.B_2017_PN SBY.txt,pidana,15,13,sebagian,nama_terdakwa_2: dokumen ini tidak mempunyai terdakwa kedua/ketiga; nama_terdakwa_3: dokumen ini tidak mempunyai terdakwa kedua/ketiga
370/Pdt.G/2026/PN Sby,-,-,-,-,-,-,-,-,3 September 2026,"Ratna Dianing Wulansari, S.H., M.H.","Ni Putu Sri Indayani, S.H., M.H.","I Made Yuliada, S.H., M.H.","S.H., M.H.",-,T-370_Pdt.G_2026_PN Sby.txt,gugatan,6,6,lengkap,nama_terdakwa_1: tidak berlaku untuk dokumen gugatan; nama_terdakwa_2: tidak berlaku untuk dokumen gugatan; nama_terdakwa_3: tidak berlaku untuk dokumen gugatan; tuntutan_pidana: tidak berlaku untuk dokumen gugatan; tuntutan_kuhp: tidak berlaku untuk dokumen gugatan; tuntutan_hukuman: tidak berlaku untuk dokumen gugatan; putusan_pidana: tidak berlaku untuk dokumen gugatan; putusan_hukuman: tidak berlaku untuk dokumen gugatan; penuntut_umum: tidak berlaku untuk dokumen gugatan
3730/Pid.B/2017/PN Sby,SUYADI,-,-,Perjudian Togel Online,Pasal 303 ayat (1) ke-2 KUHPidana,1 (satu) tahun 2 (dua) bulan,"Ikut serta main judi di jalan umum atau dipinggir jalan umum di tempat yang dapat dikunjungi oleh umum, kecuali kalau ada izin dari penguasa yang berwenang yang telah memberi izin untuk mengadakan perjudian itu",8 (delapan) bulan,22 Februari 2018,"R. Anton Widyopriyono, SH.MH.","Maxi Sigarlaki, SH.MH.","Dewi Iswani, SH.MH.","Makhfud, SH.MH.","Oki Muji Astuti, SH.",T-3730_Pid.B_2017_PN SBY.txt,pidana,15,13,sebagian,nama_terdakwa_2: dokumen ini tidak mempunyai terdakwa kedua/ketiga; nama_terdakwa_3: dokumen ini tidak mempunyai terdakwa kedua/ketiga
374/Pdt.G/2017/PN Sby,-,-,-,-,-,-,-,-,7 Februari 2018,"R. ANTON WIDYOPRIYONO, SH.MH.","MAXI SIGARLAKI, SH., MH.","ROCHMAD, SH.","ROCHMAD, SH.",-,T-374_Pdt.G_2017_PN SBY.txt,gugatan,6,6,lengkap,nama_terdakwa_1: tidak berlaku untuk dokumen gugatan; nama_terdakwa_2: tidak berlaku untuk dokumen gugatan; nama_terdakwa_3: tidak berlaku untuk dokumen gugatan; tuntutan_pidana: tidak berlaku untuk dokumen gugatan; tuntutan_kuhp: tidak berlaku untuk dokumen gugatan; tuntutan_hukuman: tidak berlaku untuk dokumen gugatan; putusan_pidana: tidak berlaku untuk dokumen gugatan; putusan_hukuman: tidak berlaku untuk dokumen gugatan; penuntut_umum: tidak berlaku untuk dokumen gugatan
3751/Pid.B/2017/PN Sby,Elwin Fransisco Belli,-,-,Penggelapan,Pasal 372 KUH Pidana,1 (satu) tahun dan 6 (enam) bulan,tindak pidana: Penggelapan,1 (satu) tahun dan 4 (empat) bulan,26 Februari 2018,"SIFA’ UROSIDIN, S.H., M.H.","FX. HANUNG DWI WIBOWO, S.H., M.H.","AGUS HAMZAH, S.H., M.H.","AGUS WIDODO, S.H., M.H.","Sukisno, SH.",T-3751_Pid.B_2017_PN SBY.txt,pidana,15,13,sebagian,nama_terdakwa_2: dokumen ini tidak mempunyai terdakwa kedua/ketiga; nama_terdakwa_3: dokumen ini tidak mempunyai terdakwa kedua/ketiga
376/Pdt.G/2026/PN Sby,-,-,-,-,-,-,-,-,2 September 2026,"Ernawati Anwar, S.H., M.H.","Cokia Ana Pontia Oppusunggu, S.H., M.H.","Irlina, S.H., M.H.","Susanawati, SH., MH",-,T-376_Pdt.G_2026_PN Sby.txt,gugatan,6,6,lengkap,nama_terdakwa_1: tidak berlaku untuk dokumen gugatan; nama_terdakwa_2: tidak berlaku untuk dokumen gugatan; nama_terdakwa_3: tidak berlaku untuk dokumen gugatan; tuntutan_pidana: tidak berlaku untuk dokumen gugatan; tuntutan_kuhp: tidak berlaku untuk dokumen gugatan; tuntutan_hukuman: tidak berlaku untuk dokumen gugatan; putusan_pidana: tidak berlaku untuk dokumen gugatan; putusan_hukuman: tidak berlaku untuk dokumen gugatan; penuntut_umum: tidak berlaku untuk dokumen gugatan
3784/Pid.Sus/2017/PN SBY,NI MADE TITIN INDRAYANTI Bin DIDIK,-,-,“ mengemudikan kendaraan bermotor yang,-,2 (dua tahun),mengemudikan kendaraan bermotor yang,1 (satu) tahun dan 2 (dua) bulan,8 Februari 2018,"PUJO SAKSONO, SH., MH","I WAYAN SOSIAWAN, SH., MH","H HISBULLAH IDRIS, SH., MH","SLAMET SURIPTA, SH.","SUPARLAN, SH",T-3784_Pid.Sus_2017_PN SBY.txt,pidana,15,12,sebagian,nama_terdakwa_2: dokumen ini tidak mempunyai terdakwa kedua/ketiga; nama_terdakwa_3: dokumen ini tidak mempunyai terdakwa kedua/ketiga; tuntutan_kuhp: amar Tuntutan nomor 1 tidak memuat Pasal KUHP
3824/Pid.B/2017/PN Sby,JANATIN Binti KASDI,-,-,-,-,-,“ Pencurian “,5 (lima) bulan,24 Januari 2018,"SIFA’UROSIDIN, SH., MH.","HANUNG DWI W., SH.MH.","AGUS HAMZAH, SH.MH.","ARIS ANDRIANA, SH.MH.","RINY NT, SH.",T-3824_Pid.B_2017_PN SBY.txt,pidana,15,10,sebagian,nama_terdakwa_2: dokumen ini tidak mempunyai terdakwa kedua/ketiga; nama_terdakwa_3: dokumen ini tidak mempunyai terdakwa kedua/ketiga; tuntutan_pidana: amar Tuntutan nomor 1 tidak memuat perbuatan yang dapat dipisahkan; tuntutan_kuhp: amar Tuntutan nomor 1 tidak memuat Pasal KUHP; tuntutan_hukuman: amar Tuntutan nomor 2 tidak memuat durasi sesudah 'selama'
3825/Pid.B/2017/PN Sby,HADI SUPRIYADI Als. KEPIK Bin SUPARDI,HAMZAH EFFENDI Bin SUWARNO,-,pencurian,Pasal 363 ayat (1) ke-4 KUHP,1 (satu) tahun dan 6 (enam) bulan,tindak pidana: Pencurian dalam keadaan memberatkan,1 (satu) tahun dan 4 (empat) bulan,29 Januari 2018,"SIFA’ UROSIDIN, S.H., M.H.","ISJUAEDI, S.H., M.H.","AGUS HAMZAH, S.H., M.H.","AGUS WIDODO, S.H., M.H.","Riny NT, SH.",T-3825_Pid.B_2017_PN SBY.txt,pidana,15,14,sebagian,nama_terdakwa_3: dokumen ini tidak mempunyai terdakwa kedua/ketiga
3828/Pid.Sus/2017/PN Sby,ARI IRWANTO BIN MISTARI,-,-,"tanpa hak atau melawan hukum memiliki, menyimpan atau mengyediakan narkotika golongan 1 (satu) bukan tanaman",-,7 (tujuh) tahun,"tanpa hak atau melawan hukum menawarkan untuk dijual, menjual, membeli, menerima, menjadi perantara dalam jual beli, menukar, atau menyerahkan Narkotika golongan I bukan tanaman",5 (lima) tahun 6 (enam) bulan,6 Februari 2018,"SIFA’UROSIDIN, SH., MH.","ISJUAEDI, SH., MH.","AGUS HAMZAH, SH., MH.","YANID INDRA HARJONO, SH., MH.","RINY NT, SH.",T-3828_Pid.Sus_2017_PN SBY.txt,pidana,15,12,sebagian,nama_terdakwa_2: dokumen ini tidak mempunyai terdakwa kedua/ketiga; nama_terdakwa_3: dokumen ini tidak mempunyai terdakwa kedua/ketiga; tuntutan_kuhp: amar Tuntutan nomor 1 tidak memuat Pasal KUHP
3882/Pid.B/2017/PN Sby,EKA SETIO Binti WARSITO,YESSI NANDA MAHERITA Binti ERIAN SANTOSO,-,-,-,7 (tujuh) tahun 6 (enam) bulan,"Tanpa Hak dan melawan hukum melakukan percobaan atau permufakatan jahat untuk melakukan tindak pidana narkotika dan prekusor narkotika memiliki, menyimpan, menguasai , atau menyediakan narkotika Golongan I bukan tanaman berupa sabu",5 (Lima) tahun,15 Februari 2018,DEWI ISWANI SH.MH,"ROCHMAD, SH.","R. ANTON WIDYOPRIONO, SH.","YUNAWATI, SH","SATYA WIRAWAN , SH",T-3882_Pid.Sus_2017_PN SBY.txt,pidana,15,12,sebagian,nama_terdakwa_3: dokumen ini tidak mempunyai terdakwa kedua/ketiga; tuntutan_pidana: amar Tuntutan nomor 1 tidak memuat perbuatan yang dapat dipisahkan; tuntutan_kuhp: amar Tuntutan nomor 1 tidak memuat Pasal KUHP
3886/Pid.B/2017/PN Sby,MUHAMMAD ARIFIN BIN MOCH HASAN,-,-,pencurian dengan pemberatan,-,8 (delapan) tahun,pencurian dengan pemberatan,4 (empat) tahun,30 Januari 2018,"R. ANTON WIDYOPRIONO, SH., MH.","ROCHMAD, SH., MH.","DEWI ISWANI. SH. , MH.","FARKHAN JUNAEDI, SH.","FARKHAN JUNAEDI, SH.",T-3886_Pid.B_2017_PN SBY.txt,pidana,15,12,sebagian,nama_terdakwa_2: dokumen ini tidak mempunyai terdakwa kedua/ketiga; nama_terdakwa_3: dokumen ini tidak mempunyai terdakwa kedua/ketiga; tuntutan_kuhp: amar Tuntutan nomor 1 tidak memuat Pasal KUHP
3906/Pid.Sus/2017/PN Sby,M. Wanto Bin Sueb,-,-,"melakukan percobaan atau permufakatan jahat secara tanpa hak atau melawan hukum memiliki, menyimpan, menguasai atau menyediakan Narkotika Golongan I bukan tanaman",-,5 (lima) tahun,"tindak pidana: Secara tanpa hak memiliki, menyimpan, menguasai, atau menyediakan Narkotika Golongan I bukan tanaman",4 (empat) tahun,5 Februari 2018,"SIFA’ UROSIDIN, S.H., M.H.","ISJUAEDI, S.H., M.H.","FX. HANUNG DWI WIBOWO, S.H., M.H.","AGUS WIDODO, S.H., M.H.","Ali Prakosa, SH.",T-3906_Pid.Sus_2017_PN SBY.txt,pidana,15,12,sebagian,nama_terdakwa_2: dokumen ini tidak mempunyai terdakwa kedua/ketiga; nama_terdakwa_3: dokumen ini tidak mempunyai terdakwa kedua/ketiga; tuntutan_kuhp: amar Tuntutan nomor 1 tidak memuat Pasal KUHP
397/Pdt.G/2017/PN SBY,-,-,-,-,-,-,-,-,13 Desember 2017,"Jihad Arkanuddin, SH. MH","Sarwedi, SH. MH","Jan Manoppo, SH. MH","Hj. Erna Puji Lestari, SH. MH",-,T-397_Pdt.G_2017_PN SBY.txt,gugatan,6,6,lengkap,nama_terdakwa_1: tidak berlaku untuk dokumen gugatan; nama_terdakwa_2: tidak berlaku untuk dokumen gugatan; nama_terdakwa_3: tidak berlaku untuk dokumen gugatan; tuntutan_pidana: tidak berlaku untuk dokumen gugatan; tuntutan_kuhp: tidak berlaku untuk dokumen gugatan; tuntutan_hukuman: tidak berlaku untuk dokumen gugatan; putusan_pidana: tidak berlaku untuk dokumen gugatan; putusan_hukuman: tidak berlaku untuk dokumen gugatan; penuntut_umum: tidak berlaku untuk dokumen gugatan
424/Pid.Sus/2018/PN Sby,IMAM ROSADAH ARIFIN Bin M. SAID,-,-,-,-,7 (tujuh) tahun,"“Tanpa hak atau melawan hukum memiliki, menyimpan, menguasai atau menyediakan Narkotika Golongan I bukan tanaman“",5 (Lima) tahun,8 Maret 2018,"SIGIT SUTRIONO, SH.MHum.","HARIJANTO, SH.MH","PPH SITORUS, SH.MHum.","HARIYANTO, SH.MH.","NELDY D, SH.",T-424_Pid.Sus_2018_PN SBY.txt,pidana,15,11,sebagian,nama_terdakwa_2: dokumen ini tidak mempunyai terdakwa kedua/ketiga; nama_terdakwa_3: dokumen ini tidak mempunyai terdakwa kedua/ketiga; tuntutan_pidana: amar Tuntutan nomor 1 tidak memuat perbuatan yang dapat dipisahkan; tuntutan_kuhp: amar Tuntutan nomor 1 tidak memuat Pasal KUHP
456/Pdt.G/2026/PN Sby,-,-,-,-,-,-,-,-,2 September 2026,"Gede Putra Astawa, S.H., M.H","Agus Cakra Nugraha, S.H., M.H.","Mochamad Arif Satiyo Widodo, S.H., M.H.","Dhany Eko Prasetyo, SE., SH., MM., M.Hum",-,T-456_Pdt.G_2026_PN Sby.txt,gugatan,6,6,lengkap,nama_terdakwa_1: tidak berlaku untuk dokumen gugatan; nama_terdakwa_2: tidak berlaku untuk dokumen gugatan; nama_terdakwa_3: tidak berlaku untuk dokumen gugatan; tuntutan_pidana: tidak berlaku untuk dokumen gugatan; tuntutan_kuhp: tidak berlaku untuk dokumen gugatan; tuntutan_hukuman: tidak berlaku untuk dokumen gugatan; putusan_pidana: tidak berlaku untuk dokumen gugatan; putusan_hukuman: tidak berlaku untuk dokumen gugatan; penuntut_umum: tidak berlaku untuk dokumen gugatan
45/Pdt.G/2026/PN Sby,-,-,-,-,-,-,-,-,10 September 2026,"Aloysius Priharnoto Bayuaji, S.H., M.H.","Sih Yuliarti, S.H.","Ega Shaktiana, SH., MH","Adistya Fansriayu, S.H.",-,T-45_Pdt.G_2026_PN Sby.txt,gugatan,6,6,lengkap,nama_terdakwa_1: tidak berlaku untuk dokumen gugatan; nama_terdakwa_2: tidak berlaku untuk dokumen gugatan; nama_terdakwa_3: tidak berlaku untuk dokumen gugatan; tuntutan_pidana: tidak berlaku untuk dokumen gugatan; tuntutan_kuhp: tidak berlaku untuk dokumen gugatan; tuntutan_hukuman: tidak berlaku untuk dokumen gugatan; putusan_pidana: tidak berlaku untuk dokumen gugatan; putusan_hukuman: tidak berlaku untuk dokumen gugatan; penuntut_umum: tidak berlaku untuk dokumen gugatan
515/Pdt.G/2026/PN Sby,-,-,-,-,-,-,-,-,9 September 2026,"Irlina, S.H., M.H.","Sugeng Harsoyo, S.H., M.H.","Dr. Nur Kholis, S.H., M.H.","Susanawati, S.H., M.H.",-,T-515_Pdt.G_2026_PN Sby.txt,gugatan,6,6,lengkap,nama_terdakwa_1: tidak berlaku untuk dokumen gugatan; nama_terdakwa_2: tidak berlaku untuk dokumen gugatan; nama_terdakwa_3: tidak berlaku untuk dokumen gugatan; tuntutan_pidana: tidak berlaku untuk dokumen gugatan; tuntutan_kuhp: tidak berlaku untuk dokumen gugatan; tuntutan_hukuman: tidak berlaku untuk dokumen gugatan; putusan_pidana: tidak berlaku untuk dokumen gugatan; putusan_hukuman: tidak berlaku untuk dokumen gugatan; penuntut_umum: tidak berlaku untuk dokumen gugatan
527/Pdt.G/2017/PN Sby,-,-,-,-,-,-,-,-,15 Januari 2018,"R. ANTON WIDYOPRIONO, S.H., M.H","ROCHMAD, S.H.","DEWI ISWANI, S.H., MH.","WAHYU WIBAWATI, SH.",-,T-527_Pdt.G_2017_PN SBY.txt,gugatan,6,6,lengkap,nama_terdakwa_1: tidak berlaku untuk dokumen gugatan; nama_terdakwa_2: tidak berlaku untuk dokumen gugatan; nama_terdakwa_3: tidak berlaku untuk dokumen gugatan; tuntutan_pidana: tidak berlaku untuk dokumen gugatan; tuntutan_kuhp: tidak berlaku untuk dokumen gugatan; tuntutan_hukuman: tidak berlaku untuk dokumen gugatan; putusan_pidana: tidak berlaku untuk dokumen gugatan; putusan_hukuman: tidak berlaku untuk dokumen gugatan; penuntut_umum: tidak berlaku untuk dokumen gugatan
538/Pdt.Bth/2026/PN Sby,-,-,-,-,-,-,-,-,7 September 2026,"Dr. Nurnaningsih Amriani, S.H., M.H.","Muhammad Zulqarnain, S.H., M.H.","Rida Nur Karima, S.H., M.Hum.","Mohamad Saeran., S.H., M.H.",-,T-538_Pdt.Bth_2026_PN Sby.txt,bantahan,6,6,lengkap,nama_terdakwa_1: tidak berlaku untuk dokumen bantahan; nama_terdakwa_2: tidak berlaku untuk dokumen bantahan; nama_terdakwa_3: tidak berlaku untuk dokumen bantahan; tuntutan_pidana: tidak berlaku untuk dokumen bantahan; tuntutan_kuhp: tidak berlaku untuk dokumen bantahan; tuntutan_hukuman: tidak berlaku untuk dokumen bantahan; putusan_pidana: tidak berlaku untuk dokumen bantahan; putusan_hukuman: tidak berlaku untuk dokumen bantahan; penuntut_umum: tidak berlaku untuk dokumen bantahan
551/Pdt.G/2026/PN Sby,-,-,-,-,-,-,-,-,3 September 2026,"Erly Soelistyarini, S.H., M.Hum.","Alex Adam Faisal, S.H., M.H.","Meilia Christina Mulyaningrum, S.H.","Ervin Aprillianing Wulan, S.H., M.H.",-,T-551_Pdt.G_2026_PN Sby.txt,gugatan,6,6,lengkap,nama_terdakwa_1: tidak berlaku untuk dokumen gugatan; nama_terdakwa_2: tidak berlaku untuk dokumen gugatan; nama_terdakwa_3: tidak berlaku untuk dokumen gugatan; tuntutan_pidana: tidak berlaku untuk dokumen gugatan; tuntutan_kuhp: tidak berlaku untuk dokumen gugatan; tuntutan_hukuman: tidak berlaku untuk dokumen gugatan; putusan_pidana: tidak berlaku untuk dokumen gugatan; putusan_hukuman: tidak berlaku untuk dokumen gugatan; penuntut_umum: tidak berlaku untuk dokumen gugatan
55/Pid.Sus-TPK/2026/PN Sby,AMIN ARIF SANTOSO,-,-,"Secara melawan hukum melakukan perbuatan memperkaya diri sendiri, orang lain, atau korporasi yang merugikan keuangan negara atau perekonomian negara",-,5 (lima) Tahun,-,3 (tiga) tahun 6 (enam) bulan,10 Agustus 2026,"Ni Putu Sri Indayani, S.H., M.H.","Athoillah, S.H.","Ibnu Abas Ali, S.H., M.H.","Nurul Evarani, S.H., M.H.",-,T-55_Pid.Sus-TPK_2026_PN Sby.txt,pidana,15,10,sebagian,nama_terdakwa_2: dokumen ini tidak mempunyai terdakwa kedua/ketiga; nama_terdakwa_3: dokumen ini tidak mempunyai terdakwa kedua/ketiga; tuntutan_kuhp: amar Tuntutan nomor 1 tidak memuat Pasal KUHP; putusan_pidana: amar MENGADILI nomor 1 tidak memuat perbuatan yang dapat dipisahkan; penuntut_umum: nama sebelum 'Penuntut Umum' tidak ditemukan di penutup
56/Pdt.GS/2026/PN Sby,-,-,-,-,-,-,-,-,9 September 2026,"Rina Indrajanti, S.H., M.H.",-,-,"Endang Kusrini, S.H.",-,T-56_Pdt.G.S_2026_PN Sby.txt,gugatan-sederhana,6,4,sebagian,nama_terdakwa_1: tidak berlaku untuk dokumen gugatan-sederhana; nama_terdakwa_2: tidak berlaku untuk dokumen gugatan-sederhana; nama_terdakwa_3: tidak berlaku untuk dokumen gugatan-sederhana; tuntutan_pidana: tidak berlaku untuk dokumen gugatan-sederhana; tuntutan_kuhp: tidak berlaku untuk dokumen gugatan-sederhana; tuntutan_hukuman: tidak berlaku untuk dokumen gugatan-sederhana; putusan_pidana: tidak berlaku untuk dokumen gugatan-sederhana; putusan_hukuman: tidak berlaku untuk dokumen gugatan-sederhana; hakim_anggota_1: daftar 'masing-masing sebagai Hakim Anggota' tidak ditemukan (misalnya hakim tunggal); hakim_anggota_2: anggota kedua tidak ditemukan (misalnya hakim tunggal); penuntut_umum: tidak berlaku untuk dokumen gugatan-sederhana
57/Pdt.G.S/2026/PN Sby,-,-,-,-,-,-,-,-,10 September 2026,"Dr. Nurnaningsih Amriani, SH.MH.",-,-,"Achmad Fajarisman, S.Kom.S.H.M.H.",-,T-57_Pdt.G.S_2026_PN Sby.txt,gugatan-sederhana,6,4,sebagian,nama_terdakwa_1: tidak berlaku untuk dokumen gugatan-sederhana; nama_terdakwa_2: tidak berlaku untuk dokumen gugatan-sederhana; nama_terdakwa_3: tidak berlaku untuk dokumen gugatan-sederhana; tuntutan_pidana: tidak berlaku untuk dokumen gugatan-sederhana; tuntutan_kuhp: tidak berlaku untuk dokumen gugatan-sederhana; tuntutan_hukuman: tidak berlaku untuk dokumen gugatan-sederhana; putusan_pidana: tidak berlaku untuk dokumen gugatan-sederhana; putusan_hukuman: tidak berlaku untuk dokumen gugatan-sederhana; hakim_anggota_1: daftar 'masing-masing sebagai Hakim Anggota' tidak ditemukan (misalnya hakim tunggal); hakim_anggota_2: anggota kedua tidak ditemukan (misalnya hakim tunggal); penuntut_umum: tidak berlaku untuk dokumen gugatan-sederhana
58/Pdt.G/2026/PN Sby,-,-,-,-,-,-,-,-,9 September 2026,"Wiyanto, S.H., M.H.","Meilia ChristinaMulyaningrum, S.H","Alex Adam Faisal, S.H.M.H","Lukman Hakim, S.H., M.H",-,T-58_Pdt.G_2026_PN Sby.txt,gugatan,6,6,lengkap,nama_terdakwa_1: tidak berlaku untuk dokumen gugatan; nama_terdakwa_2: tidak berlaku untuk dokumen gugatan; nama_terdakwa_3: tidak berlaku untuk dokumen gugatan; tuntutan_pidana: tidak berlaku untuk dokumen gugatan; tuntutan_kuhp: tidak berlaku untuk dokumen gugatan; tuntutan_hukuman: tidak berlaku untuk dokumen gugatan; putusan_pidana: tidak berlaku untuk dokumen gugatan; putusan_hukuman: tidak berlaku untuk dokumen gugatan; penuntut_umum: tidak berlaku untuk dokumen gugatan
594/Pdt.P/2026/PN Sby,-,-,-,-,-,-,-,-,11 Maret 2026,"Hakim, Dr.",-,-,"Muliani Buraera, S.H.",-,T-594_Pdt.P_2026_PN Sby.txt,permohonan,6,4,sebagian,nama_terdakwa_1: tidak berlaku untuk dokumen permohonan; nama_terdakwa_2: tidak berlaku untuk dokumen permohonan; nama_terdakwa_3: tidak berlaku untuk dokumen permohonan; tuntutan_pidana: tidak berlaku untuk dokumen permohonan; tuntutan_kuhp: tidak berlaku untuk dokumen permohonan; tuntutan_hukuman: tidak berlaku untuk dokumen permohonan; putusan_pidana: tidak berlaku untuk dokumen permohonan; putusan_hukuman: tidak berlaku untuk dokumen permohonan; hakim_anggota_1: daftar 'masing-masing sebagai Hakim Anggota' tidak ditemukan (misalnya hakim tunggal); hakim_anggota_2: anggota kedua tidak ditemukan (misalnya hakim tunggal); penuntut_umum: tidak berlaku untuk dokumen permohonan
611/Pdt.G/2017/PN SBY,-,-,-,-,-,-,-,-,6 November 2017,"HARIJANTO, SH., MH.","SIGIT SUTRIONO, SH., MHum.","PESTA PARTOGI HS., SH.MHum.","BUDI MULYONO, SH.",-,T-611_Pdt.G_2017_PN SBY.txt,gugatan,6,6,lengkap,nama_terdakwa_1: tidak berlaku untuk dokumen gugatan; nama_terdakwa_2: tidak berlaku untuk dokumen gugatan; nama_terdakwa_3: tidak berlaku untuk dokumen gugatan; tuntutan_pidana: tidak berlaku untuk dokumen gugatan; tuntutan_kuhp: tidak berlaku untuk dokumen gugatan; tuntutan_hukuman: tidak berlaku untuk dokumen gugatan; putusan_pidana: tidak berlaku untuk dokumen gugatan; putusan_hukuman: tidak berlaku untuk dokumen gugatan; penuntut_umum: tidak berlaku untuk dokumen gugatan
62/Pdt.Sus-PHI/2026/PN Sby,-,-,-,-,-,-,-,-,9 September 2026,"Abu Achmad Sidqi Amsya, S.H.","Eko Sukaryanto, S.H., M.H.","Nursalam, S.H., M.H.","Nursalam, S.H, M.H",-,T-62_Pdt.Sus-PHI_2026_PN Sby.txt,phi,6,6,lengkap,nama_terdakwa_1: tidak berlaku untuk dokumen phi; nama_terdakwa_2: tidak berlaku untuk dokumen phi; nama_terdakwa_3: tidak berlaku untuk dokumen phi; tuntutan_pidana: tidak berlaku untuk dokumen phi; tuntutan_kuhp: tidak berlaku untuk dokumen phi; tuntutan_hukuman: tidak berlaku untuk dokumen phi; putusan_pidana: tidak berlaku untuk dokumen phi; putusan_hukuman: tidak berlaku untuk dokumen phi; penuntut_umum: tidak berlaku untuk dokumen phi
62/Pdt.Sus-PKPU/2025,-,-,-,-,-,-,-,-,7 September 2026,"Betsji Siske Manoe, S.H., M.H.","Aloysius Priharnoto Bayuaji, S.H., M.H.","Ega Shaktiana, S.H.MH","Akhiruli Tri Dososasi, S.H.",-,T-62_Pdt.Sus-PKPU_2025_PN Niaga Sby.txt,pailit-pkpu,6,6,lengkap,nama_terdakwa_1: tidak berlaku untuk dokumen pailit-pkpu; nama_terdakwa_2: tidak berlaku untuk dokumen pailit-pkpu; nama_terdakwa_3: tidak berlaku untuk dokumen pailit-pkpu; tuntutan_pidana: tidak berlaku untuk dokumen pailit-pkpu; tuntutan_kuhp: tidak berlaku untuk dokumen pailit-pkpu; tuntutan_hukuman: tidak berlaku untuk dokumen pailit-pkpu; putusan_pidana: tidak berlaku untuk dokumen pailit-pkpu; putusan_hukuman: tidak berlaku untuk dokumen pailit-pkpu; penuntut_umum: tidak berlaku untuk dokumen pailit-pkpu
62/Pdt.Sus-PKPU/2026/PN Niaga Sby,-,-,-,-,-,-,-,-,16 September 2026,"Aloysius Prihamoto Bayuaji, S.H., M.H","Ega Shaktiana, S.H., M.H.","Sih Yuliarti, S.H.","Nurul Evarani, S.H., M.H.",-,T-62_Pdt.Sus-PKPU_2026_PN Niaga Sby.txt,pailit-pkpu,6,6,lengkap,nama_terdakwa_1: tidak berlaku untuk dokumen pailit-pkpu; nama_terdakwa_2: tidak berlaku untuk dokumen pailit-pkpu; nama_terdakwa_3: tidak berlaku untuk dokumen pailit-pkpu; tuntutan_pidana: tidak berlaku untuk dokumen pailit-pkpu; tuntutan_kuhp: tidak berlaku untuk dokumen pailit-pkpu; tuntutan_hukuman: tidak berlaku untuk dokumen pailit-pkpu; putusan_pidana: tidak berlaku untuk dokumen pailit-pkpu; putusan_hukuman: tidak berlaku untuk dokumen pailit-pkpu; penuntut_umum: tidak berlaku untuk dokumen pailit-pkpu
630/Pdt.G/2026/PN Sby,-,-,-,-,-,-,-,-,8 September 2026,"Ega Shaktiana, S.H., M.H.","Aloysius Priharnoto Bayuaji, S.H., M.H.","Sih Yuliarti, S.H","Lina Nurwidiyati, S.H.M.H",-,T-630_Pdt.G_2026_PN Sby.txt,gugatan,6,6,lengkap,nama_terdakwa_1: tidak berlaku untuk dokumen gugatan; nama_terdakwa_2: tidak berlaku untuk dokumen gugatan; nama_terdakwa_3: tidak berlaku untuk dokumen gugatan; tuntutan_pidana: tidak berlaku untuk dokumen gugatan; tuntutan_kuhp: tidak berlaku untuk dokumen gugatan; tuntutan_hukuman: tidak berlaku untuk dokumen gugatan; putusan_pidana: tidak berlaku untuk dokumen gugatan; putusan_hukuman: tidak berlaku untuk dokumen gugatan; penuntut_umum: tidak berlaku untuk dokumen gugatan
64/Pdt.Sus-PHI/2026/PN Sby,-,-,-,-,-,-,-,-,9 September 2026,"Muhammad Zulqarnaen, S.H., M.H.","Eko Sukaryanto, S.H., M.H.","Nursalam, S.H., M.H","M.H. Nursalam, S.H., M.H.",-,T-64_Pdt.Sus-PHI_2026_PN Sby.txt,phi,6,6,lengkap,nama_terdakwa_1: tidak berlaku untuk dokumen phi; nama_terdakwa_2: tidak berlaku untuk dokumen phi; nama_terdakwa_3: tidak berlaku untuk dokumen phi; tuntutan_pidana: tidak berlaku untuk dokumen phi; tuntutan_kuhp: tidak berlaku untuk dokumen phi; tuntutan_hukuman: tidak berlaku untuk dokumen phi; putusan_pidana: tidak berlaku untuk dokumen phi; putusan_hukuman: tidak berlaku untuk dokumen phi; penuntut_umum: tidak berlaku untuk dokumen phi
652/Pdt.G/2026/PN Sby,-,-,-,-,-,-,-,-,10 September 2026,"Alex Adam Faisal, S.H., M.H.","Erly Soelistyarini, S.H., M.Hum.","Meilia Christina Mulyaningrum, S.H.","M.H. Meilia Christina Mulyaningrum, S.H.",-,T-652_Pdt.G_2026_PN Sby.txt,gugatan,6,6,lengkap,nama_terdakwa_1: tidak berlaku untuk dokumen gugatan; nama_terdakwa_2: tidak berlaku untuk dokumen gugatan; nama_terdakwa_3: tidak berlaku untuk dokumen gugatan; tuntutan_pidana: tidak berlaku untuk dokumen gugatan; tuntutan_kuhp: tidak berlaku untuk dokumen gugatan; tuntutan_hukuman: tidak berlaku untuk dokumen gugatan; putusan_pidana: tidak berlaku untuk dokumen gugatan; putusan_hukuman: tidak berlaku untuk dokumen gugatan; penuntut_umum: tidak berlaku untuk dokumen gugatan
665/PDT/G/2017/PN Sby,-,-,-,-,-,-,-,-,28 Januari 2018,"ARI JIWANTARA, SH.M.Hum",H. R. UNGGUL WARSO MURTI SH MH,"RIFANDARU E SETIAWAN, SH",Didik Dwi Riyanto SH MH,-,T-665_Pdt.G_2017_PN SBY.txt,gugatan,6,6,lengkap,nama_terdakwa_1: tidak berlaku untuk dokumen gugatan; nama_terdakwa_2: tidak berlaku untuk dokumen gugatan; nama_terdakwa_3: tidak berlaku untuk dokumen gugatan; tuntutan_pidana: tidak berlaku untuk dokumen gugatan; tuntutan_kuhp: tidak berlaku untuk dokumen gugatan; tuntutan_hukuman: tidak berlaku untuk dokumen gugatan; putusan_pidana: tidak berlaku untuk dokumen gugatan; putusan_hukuman: tidak berlaku untuk dokumen gugatan; penuntut_umum: tidak berlaku untuk dokumen gugatan
66/Pdt.G.S/2017/PN Sby,-,-,-,-,-,-,-,-,19 Desember 2017,"SIGIT SUTRIONO , S.H., M.Hum.",-,-,"HARIYANTO, S.H., M.H.",-,T-66_Pdt.G.S_2017_PN SBY.txt,gugatan-sederhana,6,4,sebagian,nama_terdakwa_1: tidak berlaku untuk dokumen gugatan-sederhana; nama_terdakwa_2: tidak berlaku untuk dokumen gugatan-sederhana; nama_terdakwa_3: tidak berlaku untuk dokumen gugatan-sederhana; tuntutan_pidana: tidak berlaku untuk dokumen gugatan-sederhana; tuntutan_kuhp: tidak berlaku untuk dokumen gugatan-sederhana; tuntutan_hukuman: tidak berlaku untuk dokumen gugatan-sederhana; putusan_pidana: tidak berlaku untuk dokumen gugatan-sederhana; putusan_hukuman: tidak berlaku untuk dokumen gugatan-sederhana; hakim_anggota_1: daftar 'masing-masing sebagai Hakim Anggota' tidak ditemukan (misalnya hakim tunggal); hakim_anggota_2: anggota kedua tidak ditemukan (misalnya hakim tunggal); penuntut_umum: tidak berlaku untuk dokumen gugatan-sederhana
66/Pdt.Sus-PKPU/2026/PN Niaga Sby,-,-,-,-,-,-,-,-,3 September 2026,"Sih Yuliarti, S.H.","Aloysius Priharnoto Bayuaji, S.H., M.H.","Ega Shaktiana, S.H, M.H.","S.H. Ega Shaktiana, S.H, M.H.",-,T-66_Pdt.Sus-PKPU_2026_PN Niaga Sby.txt,pailit-pkpu,6,6,lengkap,nama_terdakwa_1: tidak berlaku untuk dokumen pailit-pkpu; nama_terdakwa_2: tidak berlaku untuk dokumen pailit-pkpu; nama_terdakwa_3: tidak berlaku untuk dokumen pailit-pkpu; tuntutan_pidana: tidak berlaku untuk dokumen pailit-pkpu; tuntutan_kuhp: tidak berlaku untuk dokumen pailit-pkpu; tuntutan_hukuman: tidak berlaku untuk dokumen pailit-pkpu; putusan_pidana: tidak berlaku untuk dokumen pailit-pkpu; putusan_hukuman: tidak berlaku untuk dokumen pailit-pkpu; penuntut_umum: tidak berlaku untuk dokumen pailit-pkpu
69/Pdt.Sus-PKPU/2025/PN Niaga Sby,-,-,-,-,-,-,-,-,7 September 2026,"Ega Shaktiana, S.H., M.H.","Betsji Siske Manoe, S.H., M.H.","Aloysius Prihamoto Bayuaji, S.H.","Nurul Evarani, S.H., M.H.",-,T-69_Pdt.Sus-PKPU_2025_PN Niaga Sby.txt,pailit-pkpu,6,6,lengkap,nama_terdakwa_1: tidak berlaku untuk dokumen pailit-pkpu; nama_terdakwa_2: tidak berlaku untuk dokumen pailit-pkpu; nama_terdakwa_3: tidak berlaku untuk dokumen pailit-pkpu; tuntutan_pidana: tidak berlaku untuk dokumen pailit-pkpu; tuntutan_kuhp: tidak berlaku untuk dokumen pailit-pkpu; tuntutan_hukuman: tidak berlaku untuk dokumen pailit-pkpu; putusan_pidana: tidak berlaku untuk dokumen pailit-pkpu; putusan_hukuman: tidak berlaku untuk dokumen pailit-pkpu; penuntut_umum: tidak berlaku untuk dokumen pailit-pkpu
6/Pdt.Sus-HKI/Merek/2026/PN Niaga Sby,-,-,-,-,-,-,-,-,16 September 2026,"Muhammad Sukamto, S.H., M.H.","Betsji Siske Manoe, S.H., M.H.","Teguh Santoso, S.H.","M.H. Teguh Santoso, S.H.",-,T-6_Pdt.Sus-HKI_Merek_2026_PN Niaga Sby.txt,hki-merek,6,6,lengkap,nama_terdakwa_1: tidak berlaku untuk dokumen hki-merek; nama_terdakwa_2: tidak berlaku untuk dokumen hki-merek; nama_terdakwa_3: tidak berlaku untuk dokumen hki-merek; tuntutan_pidana: tidak berlaku untuk dokumen hki-merek; tuntutan_kuhp: tidak berlaku untuk dokumen hki-merek; tuntutan_hukuman: tidak berlaku untuk dokumen hki-merek; putusan_pidana: tidak berlaku untuk dokumen hki-merek; putusan_hukuman: tidak berlaku untuk dokumen hki-merek; penuntut_umum: tidak berlaku untuk dokumen hki-merek
713/Pdt.G/2026/PN Sby,-,-,-,-,-,-,-,-,9 September 2026,"Erly Soelistyarini, SH. M.Hum","Meilia Chrstina Mulyaningrum, S.H.","Alex Adam Faisal, S.H., M.H.","Leny Muji Astuti S.H., M.H.",-,T-713_Pdt.G_2026_PN Sby.txt,gugatan,6,6,lengkap,nama_terdakwa_1: tidak berlaku untuk dokumen gugatan; nama_terdakwa_2: tidak berlaku untuk dokumen gugatan; nama_terdakwa_3: tidak berlaku untuk dokumen gugatan; tuntutan_pidana: tidak berlaku untuk dokumen gugatan; tuntutan_kuhp: tidak berlaku untuk dokumen gugatan; tuntutan_hukuman: tidak berlaku untuk dokumen gugatan; putusan_pidana: tidak berlaku untuk dokumen gugatan; putusan_hukuman: tidak berlaku untuk dokumen gugatan; penuntut_umum: tidak berlaku untuk dokumen gugatan
71/Pdt.Sus-PHI/2026/PN Sby,-,-,-,-,-,-,-,-,2 September 2026,"Muhammad Zulqarnain, S.H., M.H.","Eko Sukaryanto, S.H., M.H.","Nursalam, S.H., M.H.",Adistya Fansriayu S.H.,-,T-71_Pdt.Sus-PHI_2026_PN Sby.txt,phi,6,6,lengkap,nama_terdakwa_1: tidak berlaku untuk dokumen phi; nama_terdakwa_2: tidak berlaku untuk dokumen phi; nama_terdakwa_3: tidak berlaku untuk dokumen phi; tuntutan_pidana: tidak berlaku untuk dokumen phi; tuntutan_kuhp: tidak berlaku untuk dokumen phi; tuntutan_hukuman: tidak berlaku untuk dokumen phi; putusan_pidana: tidak berlaku untuk dokumen phi; putusan_hukuman: tidak berlaku untuk dokumen phi; penuntut_umum: tidak berlaku untuk dokumen phi
71/Pdt.Sus-PKPU/2026/PN Niaga Sby,-,-,-,-,-,-,-,-,14 September 2026,"Betsji Siske Manoe, S.H., M.H.","Teguh Santoso, S.H.","Muhammad Sukamto, S.H., M.H.","Lina Nurwidiyati, S.H., M.H.",-,T-71_Pdt.Sus-PKPU_2026_PN Niaga Sby.txt,pailit-pkpu,6,6,lengkap,nama_terdakwa_1: tidak berlaku untuk dokumen pailit-pkpu; nama_terdakwa_2: tidak berlaku untuk dokumen pailit-pkpu; nama_terdakwa_3: tidak berlaku untuk dokumen pailit-pkpu; tuntutan_pidana: tidak berlaku untuk dokumen pailit-pkpu; tuntutan_kuhp: tidak berlaku untuk dokumen pailit-pkpu; tuntutan_hukuman: tidak berlaku untuk dokumen pailit-pkpu; putusan_pidana: tidak berlaku untuk dokumen pailit-pkpu; putusan_hukuman: tidak berlaku untuk dokumen pailit-pkpu; penuntut_umum: tidak berlaku untuk dokumen pailit-pkpu
721/Pid.Sus/2026/PN Sby,WAWAN PURDIANTO ALIAS CEBOL BIN SAMI’AN,-,-,"“menempatkan, membayarkan atau membelanjakan, menitipkan, menukarkan, menyembunyikan atau menyamarkan, menginvestasikan, menyimpan, menghibahkan, mewariskan, dan/atau mentransfer uang, harta, dan benda atau aset baik dalam bentuk benda bergerak maupun tidak bergerak, berwujud atau tidak berwujud yang berasal dari tindak pidana Narkotika dan/atau tindak pidana Prekursor Narkotika “",-,10 (sepuluh) tahun,"Menempatkan, membayarkan, menyamarkan, dan mentransfer uang, harta yang berasal dari tindak pidana Narkotika",7 (tujuh) Tahun,9 September 2026,"Antyo Harri Susetyo, S.H.","Nyoman Ayu Wulandari, S.H., M.H.","Ira Wati, S.H., M.Kn.","Leny Muji Astuti, S.H., M.H.","Yusup, S.H.., M.H.um",T-721_Pid.Sus_2026_PN Sby.txt,pidana,15,12,sebagian,nama_terdakwa_2: dokumen ini tidak mempunyai terdakwa kedua/ketiga; nama_terdakwa_3: dokumen ini tidak mempunyai terdakwa kedua/ketiga; tuntutan_kuhp: amar Tuntutan nomor 1 tidak memuat Pasal KUHP
72/Pdt.Sus-PHI/2026/PN Sby,-,-,-,-,-,-,-,-,2 September 2026,"Muhammad Zulqarnain, S.H., M.H.","Eko Sukaryanto, S.H., M.H.","Nursalam, S.H., M.H.",Adistya Fansriayu S.H.,-,T-72_Pdt.Sus-PHI_2026_PN Sby.txt,phi,6,6,lengkap,nama_terdakwa_1: tidak berlaku untuk dokumen phi; nama_terdakwa_2: tidak berlaku untuk dokumen phi; nama_terdakwa_3: tidak berlaku untuk dokumen phi; tuntutan_pidana: tidak berlaku untuk dokumen phi; tuntutan_kuhp: tidak berlaku untuk dokumen phi; tuntutan_hukuman: tidak berlaku untuk dokumen phi; putusan_pidana: tidak berlaku untuk dokumen phi; putusan_hukuman: tidak berlaku untuk dokumen phi; penuntut_umum: tidak berlaku untuk dokumen phi
738/Pdt.G/2026/PN Sby,-,-,-,-,-,-,-,-,3 September 2026,"Teguh Santoso, S.H.","Muhammad Sukamto, S.H., M.H.","Betsji Siske Manoe, S.H., M.H.","Rizky Wirianto, S.H., M.H.",-,T-738_Pdt.G_2026_PN Sby.txt,gugatan,6,6,lengkap,nama_terdakwa_1: tidak berlaku untuk dokumen gugatan; nama_terdakwa_2: tidak berlaku untuk dokumen gugatan; nama_terdakwa_3: tidak berlaku untuk dokumen gugatan; tuntutan_pidana: tidak berlaku untuk dokumen gugatan; tuntutan_kuhp: tidak berlaku untuk dokumen gugatan; tuntutan_hukuman: tidak berlaku untuk dokumen gugatan; putusan_pidana: tidak berlaku untuk dokumen gugatan; putusan_hukuman: tidak berlaku untuk dokumen gugatan; penuntut_umum: tidak berlaku untuk dokumen gugatan
73/Pdt.Sus-PHI/2026/PN Sby,-,-,-,-,-,-,-,-,7 September 2026,"Hj. Satyawati Yun Irianti, S.H., M.Hum.","Nursalam, S.H., M.H.","Erfan Jamil, S.H., M.H.","Lukman Hakim, S.H., M.H.",-,T-73_Pdt.Sus-PHI_2026_PN Sby.txt,phi,6,6,lengkap,nama_terdakwa_1: tidak berlaku untuk dokumen phi; nama_terdakwa_2: tidak berlaku untuk dokumen phi; nama_terdakwa_3: tidak berlaku untuk dokumen phi; tuntutan_pidana: tidak berlaku untuk dokumen phi; tuntutan_kuhp: tidak berlaku untuk dokumen phi; tuntutan_hukuman: tidak berlaku untuk dokumen phi; putusan_pidana: tidak berlaku untuk dokumen phi; putusan_hukuman: tidak berlaku untuk dokumen phi; penuntut_umum: tidak berlaku untuk dokumen phi
75/Pid.Sus/2018/PN Sby,M. Arif Rahman Alias Kingkong Bin Suwarno,Rendy Umam Alias Keceng Bin Rois Sururi,-,"melakukan percobaan atau permufakatan jahat, tanpa hak atau melawan hukum memiliki, menyimpan, menguasai atau menyediakan Narkotika Golongan I bukan tanaman jenis Sabu",-,6 (enam) tahun,tindak pidana: “Permufakatan jahat tanpa hak menguasai Narkotika Golongan I bukan tanaman”,4 (empat) tahun dan 6 (enam) bulan,19 Februari 2018,"SIFA’ UROSIDIN, S.H., M.H.","FX. HANUNG DWI WIBOWO, S.H., M.H.","AGUS HAMZAH, S.H., M.H.","AGUS WIDODO, S.H., M.H.","Deddy Arisandi, SH.",T-75_Pid.Sus_2018_PN SBY.txt,pidana,15,13,sebagian,nama_terdakwa_3: dokumen ini tidak mempunyai terdakwa kedua/ketiga; tuntutan_kuhp: amar Tuntutan nomor 1 tidak memuat Pasal KUHP
76/Pdt.Sus-PKPU/2025/PN Niaga Sby,-,-,-,-,-,-,-,-,9 September 2026,"Ega Shaktiana, S.H., M.H.","Betsji Siske Manoe, S.H., M.H.","Aloysius Priharnoto Bayuaji, S.H., M.H.","M.H. Aloysius Priharnoto Bayuaji, S.H., M.H.",-,T-76_Pdt.Sus-PKPU_2025_PN Niaga Sby.txt,pailit-pkpu,6,6,lengkap,nama_terdakwa_1: tidak berlaku untuk dokumen pailit-pkpu; nama_terdakwa_2: tidak berlaku untuk dokumen pailit-pkpu; nama_terdakwa_3: tidak berlaku untuk dokumen pailit-pkpu; tuntutan_pidana: tidak berlaku untuk dokumen pailit-pkpu; tuntutan_kuhp: tidak berlaku untuk dokumen pailit-pkpu; tuntutan_hukuman: tidak berlaku untuk dokumen pailit-pkpu; putusan_pidana: tidak berlaku untuk dokumen pailit-pkpu; putusan_hukuman: tidak berlaku untuk dokumen pailit-pkpu; penuntut_umum: tidak berlaku untuk dokumen pailit-pkpu
772/Pdt.G/2026/PN Sby,-,-,-,-,-,-,-,-,3 September 2026,"Rina Indrajanti, S.H., M.H.","Hj. Satyawati Yun Irianti, S.H., M.Hum.","Safruddin, S.H., M.H.","Alarico De Jesus, S.H.",-,T-772_Pdt.G_2026_PN Sby.txt,gugatan,6,6,lengkap,nama_terdakwa_1: tidak berlaku untuk dokumen gugatan; nama_terdakwa_2: tidak berlaku untuk dokumen gugatan; nama_terdakwa_3: tidak berlaku untuk dokumen gugatan; tuntutan_pidana: tidak berlaku untuk dokumen gugatan; tuntutan_kuhp: tidak berlaku untuk dokumen gugatan; tuntutan_hukuman: tidak berlaku untuk dokumen gugatan; putusan_pidana: tidak berlaku untuk dokumen gugatan; putusan_hukuman: tidak berlaku untuk dokumen gugatan; penuntut_umum: tidak berlaku untuk dokumen gugatan
77/Pdt.Sus-PKPU/2026/PN Niaga Sby,-,-,-,-,-,-,-,-,7 September 2026,"Teguh Santoso, S.H.","Betsji Siske Manoe, S.H., M.H.","Muhammad Sukamto, S.H., M.H.","Dhany Eko Prasetyo, S.E., S.H., M.M., M.Hum.",-,T-77_Pdt.Sus-PKPU_2026_PN Niaga Sby.txt,pailit-pkpu,6,6,lengkap,nama_terdakwa_1: tidak berlaku untuk dokumen pailit-pkpu; nama_terdakwa_2: tidak berlaku untuk dokumen pailit-pkpu; nama_terdakwa_3: tidak berlaku untuk dokumen pailit-pkpu; tuntutan_pidana: tidak berlaku untuk dokumen pailit-pkpu; tuntutan_kuhp: tidak berlaku untuk dokumen pailit-pkpu; tuntutan_hukuman: tidak berlaku untuk dokumen pailit-pkpu; putusan_pidana: tidak berlaku untuk dokumen pailit-pkpu; putusan_hukuman: tidak berlaku untuk dokumen pailit-pkpu; penuntut_umum: tidak berlaku untuk dokumen pailit-pkpu
790/Pdt.G/2026/PN Sby,-,-,-,-,-,-,-,-,9 September 2026,-,-,-,"S.H., M.H.",-,T-790_Pdt.G_2026_PN Sby.txt,gugatan,6,3,sebagian,nama_terdakwa_1: tidak berlaku untuk dokumen gugatan; nama_terdakwa_2: tidak berlaku untuk dokumen gugatan; nama_terdakwa_3: tidak berlaku untuk dokumen gugatan; tuntutan_pidana: tidak berlaku untuk dokumen gugatan; tuntutan_kuhp: tidak berlaku untuk dokumen gugatan; tuntutan_hukuman: tidak berlaku untuk dokumen gugatan; putusan_pidana: tidak berlaku untuk dokumen gugatan; putusan_hukuman: tidak berlaku untuk dokumen gugatan; hakim_ketua: nama sebelum 'Hakim Ketua' tidak ditemukan di penutup; hakim_anggota_1: daftar 'masing-masing sebagai Hakim Anggota' tidak ditemukan (misalnya hakim tunggal); hakim_anggota_2: anggota kedua tidak ditemukan (misalnya hakim tunggal); penuntut_umum: tidak berlaku untuk dokumen gugatan
816/Pdt.G/2026/PN Sby,-,-,-,-,-,-,-,-,9 September 2026,"Dr. Nur Kholis, S.H., M.H.","Sugeng Harsoyo, S.H., M.H.","Cokia Ana Pontia Oppusunggu, S.H., M.H.","Achmad Sofwan Mustafiddin, S.H., M.H",-,T-816_Pdt.G_2026_PN Sby.txt,gugatan,6,6,lengkap,nama_terdakwa_1: tidak berlaku untuk dokumen gugatan; nama_terdakwa_2: tidak berlaku untuk dokumen gugatan; nama_terdakwa_3: tidak berlaku untuk dokumen gugatan; tuntutan_pidana: tidak berlaku untuk dokumen gugatan; tuntutan_kuhp: tidak berlaku untuk dokumen gugatan; tuntutan_hukuman: tidak berlaku untuk dokumen gugatan; putusan_pidana: tidak berlaku untuk dokumen gugatan; putusan_hukuman: tidak berlaku untuk dokumen gugatan; penuntut_umum: tidak berlaku untuk dokumen gugatan
818/Pdt.G/2026/PN Sby,-,-,-,-,-,-,-,-,10 September 2026,"Purnomo Hadiyarto, S.H.","Rina Indrajanti, S.H., M.H.","Ristanti Rahim, S.H., M.H.","Dhany Eko Prasetyo, S.E., S.H., M.M., M.Hum.",-,T-818_Pdt.G_2026_PN Sby.txt,gugatan,6,6,lengkap,nama_terdakwa_1: tidak berlaku untuk dokumen gugatan; nama_terdakwa_2: tidak berlaku untuk dokumen gugatan; nama_terdakwa_3: tidak berlaku untuk dokumen gugatan; tuntutan_pidana: tidak berlaku untuk dokumen gugatan; tuntutan_kuhp: tidak berlaku untuk dokumen gugatan; tuntutan_hukuman: tidak berlaku untuk dokumen gugatan; putusan_pidana: tidak berlaku untuk dokumen gugatan; putusan_hukuman: tidak berlaku untuk dokumen gugatan; penuntut_umum: tidak berlaku untuk dokumen gugatan
826/Pdt.G/2026/PN Sby,-,-,-,-,-,-,-,-,9 September 2026,"Ega Shaktiana, S.H., M.H.","Sih Yuliarti, S.H","Aloysius Priharnoto Bayuaji, S.H., M.H.","Adistya Fansriayu, S.H.",-,T-826_Pdt.G_2026_PN Sby.txt,gugatan,6,6,lengkap,nama_terdakwa_1: tidak berlaku untuk dokumen gugatan; nama_terdakwa_2: tidak berlaku untuk dokumen gugatan; nama_terdakwa_3: tidak berlaku untuk dokumen gugatan; tuntutan_pidana: tidak berlaku untuk dokumen gugatan; tuntutan_kuhp: tidak berlaku untuk dokumen gugatan; tuntutan_hukuman: tidak berlaku untuk dokumen gugatan; putusan_pidana: tidak berlaku untuk dokumen gugatan; putusan_hukuman: tidak berlaku untuk dokumen gugatan; penuntut_umum: tidak berlaku untuk dokumen gugatan
82/Pdt.Bth/2026/PN Sby,-,-,-,-,-,-,-,-,9 September 2026,"Ernawati Anwar, S.H., M.H.","Cokia Ana Pontia Oppusunggu, S.H., M.H.","Dr. Nur Kholis, S.H., M.H.","Rini Susanti, SE S.H., M.H.",-,T-82_Pdt.Bth_2026_PN Sby.txt,bantahan,6,6,lengkap,nama_terdakwa_1: tidak berlaku untuk dokumen bantahan; nama_terdakwa_2: tidak berlaku untuk dokumen bantahan; nama_terdakwa_3: tidak berlaku untuk dokumen bantahan; tuntutan_pidana: tidak berlaku untuk dokumen bantahan; tuntutan_kuhp: tidak berlaku untuk dokumen bantahan; tuntutan_hukuman: tidak berlaku untuk dokumen bantahan; putusan_pidana: tidak berlaku untuk dokumen bantahan; putusan_hukuman: tidak berlaku untuk dokumen bantahan; penuntut_umum: tidak berlaku untuk dokumen bantahan
834/Pdt.G/2026/PN Sby,-,-,-,-,-,-,-,-,10 September 2026,"Abu Achmad Sidqi Amsya, S.H.","Dr. Nurnaningsih Amriani, S.H., M.H.","Muhammad Zulqarnain, S.H., M.H.","Yusril Nasrullah, S.H.",-,T-834_Pdt.G_2026_PN Sby.txt,gugatan,6,6,lengkap,nama_terdakwa_1: tidak berlaku untuk dokumen gugatan; nama_terdakwa_2: tidak berlaku untuk dokumen gugatan; nama_terdakwa_3: tidak berlaku untuk dokumen gugatan; tuntutan_pidana: tidak berlaku untuk dokumen gugatan; tuntutan_kuhp: tidak berlaku untuk dokumen gugatan; tuntutan_hukuman: tidak berlaku untuk dokumen gugatan; putusan_pidana: tidak berlaku untuk dokumen gugatan; putusan_hukuman: tidak berlaku untuk dokumen gugatan; penuntut_umum: tidak berlaku untuk dokumen gugatan
83/Pdt.Sus-PHI/2025/PN Sby,-,-,-,-,-,-,-,-,11 November 2025,"Muhammad Zulqarnain, S.H., M.H.","Erfan Jamil, S.H., M.H.","Mistianah, S.H., M.H.","H. Suparman, S.H.",-,T-83_Pdt.Sus-PHI_2025_PN Sby.txt,phi,6,6,lengkap,nama_terdakwa_1: tidak berlaku untuk dokumen phi; nama_terdakwa_2: tidak berlaku untuk dokumen phi; nama_terdakwa_3: tidak berlaku untuk dokumen phi; tuntutan_pidana: tidak berlaku untuk dokumen phi; tuntutan_kuhp: tidak berlaku untuk dokumen phi; tuntutan_hukuman: tidak berlaku untuk dokumen phi; putusan_pidana: tidak berlaku untuk dokumen phi; putusan_hukuman: tidak berlaku untuk dokumen phi; penuntut_umum: tidak berlaku untuk dokumen phi
861/Pdt.G/2017/PN Sby,-,-,-,-,-,-,-,-,21 Februari 2018,"Slamet Riadi, SH. MH","Jihad Arkanuddin, SH. MH","Jan Manoppo, SH. MH","Hj. Erna Puji Lestari, SH. MH",-,T-861_Pdt.G_2017_PN SBY.txt,gugatan,6,6,lengkap,nama_terdakwa_1: tidak berlaku untuk dokumen gugatan; nama_terdakwa_2: tidak berlaku untuk dokumen gugatan; nama_terdakwa_3: tidak berlaku untuk dokumen gugatan; tuntutan_pidana: tidak berlaku untuk dokumen gugatan; tuntutan_kuhp: tidak berlaku untuk dokumen gugatan; tuntutan_hukuman: tidak berlaku untuk dokumen gugatan; putusan_pidana: tidak berlaku untuk dokumen gugatan; putusan_hukuman: tidak berlaku untuk dokumen gugatan; penuntut_umum: tidak berlaku untuk dokumen gugatan
883/Pdt.G/2026/PN Sby,-,-,-,-,-,-,-,-,8 September 2026,"Hj. Satyawati Yun Irianti, S.H., M.Hum.","Rina Indrajanti, S.H, M.H.","Safruddin, S.H., M.H.","Endang Kusrini, S.H.",-,T-883_Pdt.G_2026_PN Sby.txt,gugatan,6,6,lengkap,nama_terdakwa_1: tidak berlaku untuk dokumen gugatan; nama_terdakwa_2: tidak berlaku untuk dokumen gugatan; nama_terdakwa_3: tidak berlaku untuk dokumen gugatan; tuntutan_pidana: tidak berlaku untuk dokumen gugatan; tuntutan_kuhp: tidak berlaku untuk dokumen gugatan; tuntutan_hukuman: tidak berlaku untuk dokumen gugatan; putusan_pidana: tidak berlaku untuk dokumen gugatan; putusan_hukuman: tidak berlaku untuk dokumen gugatan; penuntut_umum: tidak berlaku untuk dokumen gugatan
898/Pdt.P/2017/PN Sby,-,-,-,-,-,-,-,-,13 Desember 2017,"Dede Suryaman, S.H., M.H",-,-,"Matheus Dwi Susantohery, S.H., M.H",-,T-898_Pdt.P_2017_PN SBY.txt,permohonan,6,4,sebagian,nama_terdakwa_1: tidak berlaku untuk dokumen permohonan; nama_terdakwa_2: tidak berlaku untuk dokumen permohonan; nama_terdakwa_3: tidak berlaku untuk dokumen permohonan; tuntutan_pidana: tidak berlaku untuk dokumen permohonan; tuntutan_kuhp: tidak berlaku untuk dokumen permohonan; tuntutan_hukuman: tidak berlaku untuk dokumen permohonan; putusan_pidana: tidak berlaku untuk dokumen permohonan; putusan_hukuman: tidak berlaku untuk dokumen permohonan; hakim_anggota_1: daftar 'masing-masing sebagai Hakim Anggota' tidak ditemukan (misalnya hakim tunggal); hakim_anggota_2: anggota kedua tidak ditemukan (misalnya hakim tunggal); penuntut_umum: tidak berlaku untuk dokumen permohonan
8/Pdt.Sus-Renvoi Prosedur/2026/PN Niaga Sby,-,-,-,-,-,-,-,-,14 September 2026,"Aloysius Priharnoto Bayuaji, S.H., M.H.","Alex Adam Faisal, S.H., MH","Shaktiana, S.H., M.H.","Lukman Hakim, SH., MH.",-,T-8_Pdt.Sus-Renvoi Prosedur_2026_PN.Niaga Sby.txt,renvoi,6,6,lengkap,nama_terdakwa_1: tidak berlaku untuk dokumen renvoi; nama_terdakwa_2: tidak berlaku untuk dokumen renvoi; nama_terdakwa_3: tidak berlaku untuk dokumen renvoi; tuntutan_pidana: tidak berlaku untuk dokumen renvoi; tuntutan_kuhp: tidak berlaku untuk dokumen renvoi; tuntutan_hukuman: tidak berlaku untuk dokumen renvoi; putusan_pidana: tidak berlaku untuk dokumen renvoi; putusan_hukuman: tidak berlaku untuk dokumen renvoi; penuntut_umum: tidak berlaku untuk dokumen renvoi
932/Pdt.G/2017/PN Sby,-,-,-,-,-,-,-,-,6 Maret 2018,"TIMUR PRADOKO, SH.","DEDI FARDIMAN, SH., MH.","DWI WINARKO, SH., MH..","TAKIYAT, SH.",-,T-932_Pdt.G_2017_PN SBY.txt,gugatan,6,6,lengkap,nama_terdakwa_1: tidak berlaku untuk dokumen gugatan; nama_terdakwa_2: tidak berlaku untuk dokumen gugatan; nama_terdakwa_3: tidak berlaku untuk dokumen gugatan; tuntutan_pidana: tidak berlaku untuk dokumen gugatan; tuntutan_kuhp: tidak berlaku untuk dokumen gugatan; tuntutan_hukuman: tidak berlaku untuk dokumen gugatan; putusan_pidana: tidak berlaku untuk dokumen gugatan; putusan_hukuman: tidak berlaku untuk dokumen gugatan; penuntut_umum: tidak berlaku untuk dokumen gugatan
938/Pid.Sus/2026/PN Sby,MOCH. ALI TOPAN ADIANSYAH BIN MOCH. HOLIL,MOCH. SAMSURI BIN HATIP,-,"”pemufakatan jahat yang tanpa hak atau melawan hukum menawarkan untuk dijual, menjual, membeli, menerima, menjadi perantara dalam jual beli, menukar, atau menyerahkan Narkotika Golongan I”",-,3 (tiga) Tahun 6 (enam) bulan,“Permufakatan jahat secara tanpa hak dan melawan hukum membeli dan menjual narkotika golongan I,3 (tiga) tahun dan 4 (empat) bulan,16 September 2026,"Muhammad Yusuf Karim, S.H., M.Hum.","S. Pujiono, S.H., M.Hum.","Sagung Bunga Mayasaputri Antara, S.H.","Asep Priyatno, S.H., M.H.","Angelo Emanuel Flavio Seac, S.H.",T-938_Pid.Sus_2026_PN Sby.txt,pidana,15,13,sebagian,nama_terdakwa_3: dokumen ini tidak mempunyai terdakwa kedua/ketiga; tuntutan_kuhp: amar Tuntutan nomor 1 tidak memuat Pasal KUHP
-,-,-,-,-,-,-,-,-,30 Oktober 2025,-,-,-,"SH., MH.",-,T-946_Pdt.G_2025_PN Sby.txt,gugatan,6,2,sebagian,nomor_putusan: nomor tidak terbaca pada judul dokumen; nama_terdakwa_1: tidak berlaku untuk dokumen gugatan; nama_terdakwa_2: tidak berlaku untuk dokumen gugatan; nama_terdakwa_3: tidak berlaku untuk dokumen gugatan; tuntutan_pidana: tidak berlaku untuk dokumen gugatan; tuntutan_kuhp: tidak berlaku untuk dokumen gugatan; tuntutan_hukuman: tidak berlaku untuk dokumen gugatan; putusan_pidana: tidak berlaku untuk dokumen gugatan; putusan_hukuman: tidak berlaku untuk dokumen gugatan; hakim_ketua: nama sebelum 'Hakim Ketua' tidak ditemukan di penutup; hakim_anggota_1: daftar 'masing-masing sebagai Hakim Anggota' tidak ditemukan (misalnya hakim tunggal); hakim_anggota_2: anggota kedua tidak ditemukan (misalnya hakim tunggal); penuntut_umum: tidak berlaku untuk dokumen gugatan
982/Pid.Sus/2026/PN Sby,IRAWAN VIRGIANTO BIN WALOEYO (ALM),-,-,"“tanpa hak atau melawan hukum menawarkan untuk dijual, narkotika menjual, membeli, menerima, menjadi perantara dalam jual beli, tau menyerahkan Narkotika Golongan I” menukar, a",-,2 (dua) tahun dan 8 (delapan) bulan,membeli dan menjual Narkotika Golongan I,2 (dua) tahun,17 September 2026,"Muhammad Sukamto, S.H., M.H.","Teguh Santoso, S.H.","Betsji Siske Manoe, S.H., M.H.","Rizky Wirianto, S.H., M.H.","Ni Putu Wimar Maharani, S.H.",T-982_Pid.Sus_2026_PN Sby.txt,pidana,15,12,sebagian,nama_terdakwa_2: dokumen ini tidak mempunyai terdakwa kedua/ketiga; nama_terdakwa_3: dokumen ini tidak mempunyai terdakwa kedua/ketiga; tuntutan_kuhp: amar Tuntutan nomor 1 tidak memuat Pasal KUHP
985/Pdt.G/2026/PN Sby,-,-,-,-,-,-,-,-,16 September 2026,"Muhammad Sukamto, S.H., M.H.","Betsji Siske Manoe, S.H., M.H.","Teguh Santoso, S.H.","Sikan, S.Sos., S.H.",-,T-985_Pdt.G_2026_PN Sby.txt,gugatan,6,6,lengkap,nama_terdakwa_1: tidak berlaku untuk dokumen gugatan; nama_terdakwa_2: tidak berlaku untuk dokumen gugatan; nama_terdakwa_3: tidak berlaku untuk dokumen gugatan; tuntutan_pidana: tidak berlaku untuk dokumen gugatan; tuntutan_kuhp: tidak berlaku untuk dokumen gugatan; tuntutan_hukuman: tidak berlaku untuk dokumen gugatan; putusan_pidana: tidak berlaku untuk dokumen gugatan; putusan_hukuman: tidak berlaku untuk dokumen gugatan; penuntut_umum: tidak berlaku untuk dokumen gugatan
995/Pid.Sus/2026/PN Sby,JIMMY WIRAWAN ANAK DARI TONY KUNCORO,-,-,"tanpa hak atau melawan hukum, menawarkan untuk dijual, menjual, membeli, menerima, menjadi perantara dalam jual beli, menukar atau menyerahkan Narkotika Golongan I",-,7 (tujuh) Tahun,"membeli, menerima, menjual, dan menyerahkan Narkotika Golongan I",5 (lima) tahun,15 September 2026,"Muhammad Sukamto, S.H., M.H.","Betsji Siske Manoe, S.H., M.H.","Teguh Santoso, S.H.","Akhiruli Tridososasi, S.H.","Vinza Buananda Wijayanti, S.H.",T-995_Pid.Sus_2026_PN Sby.txt,pidana,15,12,sebagian,nama_terdakwa_2: dokumen ini tidak mempunyai terdakwa kedua/ketiga; nama_terdakwa_3: dokumen ini tidak mempunyai terdakwa kedua/ketiga; tuntutan_kuhp: amar Tuntutan nomor 1 tidak memuat Pasal KUHP
