Nama File Input,Jenis Perkara,Nomor Putusan,Nama Terdakwa 1,Nama Terdakwa 2,Nama Terdakwa 3,Tuntutan Pidana,Tuntutan KUHP,Tuntutan Hukuman,Putusan Pidana,Putusan Hukuman,Tanggal Putusan,Hakim Ketua,Hakim Anggota 1,Hakim Anggota 2,Panitera,Penuntut Umum
T-1002_Pid.Sus-LH_2026_PN Sby.txt,,"1002/Pid.Sus-LH/2026/PN Sby
DEMI KEADILAN BERDASARKAN KETUHANAN YANG MAHA ESA
Pengadilan Negeri Surabaya yang mengadili perkara pidana dengan
acara pemeriksaan biasa dalam tingkat pertama menjatuhkan putusan sebagai
berikut dalam perkara Terdakwa",1. Nama lengkap,ditangkap sejak tanggal 17 April 2026 sampai dengan tanggal,ditahan dalam tahanan Rumah Tahanan Negara oleh,,,,,selama 1 (satu) Tahun dan 6 (enam),17 April 2026,"Alex
Adam Faisal","Alex
Adam Faisal, S.H., M.H","yang
diucapkan dalam sidang terbuka untuk umum pada hari Kamis , tanggal 03
September 2026 oleh","Alex
Adam Faisal, S.H., M.H","Hakim Ketua dengan didampingi para
terse"
T-1013_Pid.B_2026_PN Sby.txt,Pid.B,"1013/Pid.B/2026/PN Sby
DEMI KEADILAN BERDASARKAN KETUHANAN YANG MAHA ESA
Pengadilan Negeri Surabaya yang mengadili perkara pidana dengan
acara pemeriksaan biasa dalam tingkat pertama menjatuhkan putusan sebagai
berikut dalam perkara Terdakwa",1. Nama lengkap,ditangkap sejak tanggal 15 April 2026 sampai dengan tanggal,ditahan dalam tahanan Rumah Tahanan Negara oleh,,,,,,15 April 2026,Sarlota Marse,"Sarlota Marselina Suek, S.H","yang diucapkan dalam sidang terbuka untuk umum pada hari dan
tanggal itu juga oleh","Sarlota Marselina Suek, S.H","Hakim Ketua dengan didampingi para
terse"
T-1016_Pid.B_2026_PN Sby.txt,Pid.B,"1016/Pid.B/2026/PN Sby
DEMI KEADILAN BERDASARKAN KETUHANAN YANG MAHA ESA
Pengadilan Negeri Surabaya yang mengadili perkara pidana dengan
acara pemeriksaan biasa pada tingkat pertama telah menjatuhkan Putusan
sebagai berikut dalam perkara Terdakwa",Nama lengkap : Vicky Dubes Borty Bin M Irfan Wijaya;,ditahan dalam Rumah Tahanan RUTAN oleh,"didampingi oleh Penasihat Hukum Frendika Suda Utama, S.H",,,,“yang secara melawan hukum memiliki suatu barang yang sebagian,selama 1 (satu) tahun dan 1 (satu) bulan,15 Maret 2026,"Demikianlah diputuskan dalam musyawarah Majelis
Negeri Surabaya pada hari Rabu tanggal 2 September 2026, oleh Edi Saputra
Pelawi","oleh Edi Saputra
Pelawi, S.H., M.H., se","yang diucapkan dalam sidang yang terbuka untuk umum pada hari dan tanggal itu
juga oleh","oleh Edi Saputra
Pelawi, S.H., M.H., se","Edi Saputra
Pelawi, S.H., M.H., se"
T-1021_Pid.Sus_2026_PN Sby.txt,Pid.Sus,"1021/Pid.Sus/2026/PN Sby
DEMI KEADILAN BERDASARKAN KETUHANAN YANG MAHA ESA
Pengadilan Negeri Surabaya yang mengadili perkara pidana dengan
acara pemeriksaan biasa dalam tingkat pertama menjatuhkan putusan sebagai
berikut dalam perkara Terdakwa",1. Nama lengkap : Mochammad Maulid Irhas Bin Namin,Mochammad Maulid Irhas Bin Namin ditahan dalam tahanan rutan,dalam perkara ini didampingi oleh Advokatnya Endang,,,,"“ yang tanpa hak atau melawan hukum menawarkan untuk dijual,",selama 190 (seratus sembilan puluh) hari,4 Maret 2026,"Demikianlah diputuskan dalam sidang permusyawaratan Majelis
Pengadilan Negeri Surabaya, pada hari Kamis, tanggal 03 September 2026, oleh
kami, Teguh Santoso","Teguh Santoso, S.H., se",yang diucapkan dalam sidang terbuka untuk umum pada hari Se,"Teguh Santoso, S.H., se","Teguh Santoso, S.H., se"
T-1050_Pid.Sus_2026_PN Sby.txt,Pid.Sus,"1050/Pid.Sus/2026/PN Sby
DEMI KEADILAN BERDASARKAN KETUHANAN YANG MAHA ESA
Pengadilan Negeri Surabaya yang mengadili perkara pidana dengan
acara pemeriksaan biasa dalam tingkat pertama menjatuhkan putusan sebagai
berikut dalam perkara Terdakwa",1. Nama lengkap : IDAM MAULANA BIN NIWI;,Idam Maulana Bin Niwi ditahan dalam tahanan Rutan oleh,didampingi oleh Advokat dari Lembaga Bantuan Hukum Jaka,,,,Narkotika “ tanpa hak atau melawan hukum menawarkan untuk,selama 9 (Sembilan) tahun dan,13 April 2026,"Demikianlah diputuskan dalam sidang permusyawaratan Majelis
Pengadilan Negeri Surabaya, pada hari Kamis tanggal 10 September 2026 oleh
kami, Aloysius Priharnoto Bayuaji","dan
tanggal terse",,"dan
tanggal tersebut diatas oleh
Anggota terse","Hakim Ketua dengan didampingi para
Anggota terse"
T-1052_Pid.Sus_2026_PN Sby.txt,Pid.Sus,"1052/Pid.Sus/2026/PN Sby
DEMI KEADILAN BERDASARKAN KETUHANAN YANG MAHA ESA
Pengadilan Negeri Surabaya yang mengadili perkara pidana dengan
acara pemeriksaan biasa dalam tingkat pertama menjatuhkan putusan sebagai
berikut dalam perkara Terdakwa",1. Nama lengkap : BAHAR AGUNG WIJAYA;,ditangkap sejak tanggal 26 Februari 2026;,ditahan dalam tahanan Rumah Tahanan Negara oleh,,,,,selama 1,26 Februari 2026,Sagung Bunga Mayasaputri Antara,"PN Sby
Halaman 21
M.Hum. dan Edi Saputra Pelawi","yang diucapkan dalam sidang terbuka untuk umum pada hari Rabu
tanggal 09 September 2026 juga oleh","M.Hum. dan Edi Saputra Pelawi, S.H., M.H",Hakim Ketua dengan didampingi para
T-1053_Pid.Sus_2026_PN Sby.txt,Pid.Sus,"1053/Pid.Sus/2026/PN Sby
DEMI KEADILAN BERDASARKAN KETUHANAN YANG MAHA ESA
Pengadilan Negeri Surabaya yang mengadili perkara pidana dengan
acara pemeriksaan biasa dalam tingkat pertama menjatuhkan putusan sebagai
berikut dalam perkara Terdakwa",1. Nama lengkap : M. ALFADIN JAYAMAHENDRA;,ditangkap sejak tanggal 26 Februari 2026;,ditahan dalam tahanan Rumah Tahanan Negara oleh,,,,,selama 1,26 Februari 2026,Sagung Bunga Mayasaputri Antara,"Sagung Bunga Mayasaputri Antara, S.H., se","PN Sby
Halaman 24",Hakim Anggota terse,"Sunarah, S.H"
T-1057_Pid.B_2026_PN Sby.txt,Pid.B,"1057/Pid.B/2026/PN Sby
DEMI KEADILAN BERDASARKAN KETUHANAN YANG MAHA ESA
Pengadilan Negeri Surabaya yang mengadili perkara pidana dengan
acara pemeriksaan biasa dalam tingkat pertama menjatuhkan putusan sebagai
berikut dalam perkara Para Terdakwa",Terdakwa I,ACHMAD ABDUL MAJID als MAMAD bin,II,,,,,selama 1,14 Maret 2026,Safruddin,"Safruddin, S.H., M.H., se","yang diucapkan dalam sidang terbuka untuk umum pada hari itu juga oleh
Ketua dengan didampingi para","Safruddin, S.H., M.H., se","Hakim
Ketua dengan didampingi para"
T-1067_Pid.B_2026_PN Sby.txt,Pid.B,"1067/Pid.B/2026/PN Sby
DEMI KEADILAN BERDASARKAN KETUHANAN YANG MAHA ESA
Pengadilan Negeri Surabaya yang mengadili perkara pidana dengan
acara pemeriksaan biasa dalam tingkat pertama menjatuhkan putusan sebagai
berikut dalam perkara Terdakwa",Nama Lengkap : SALOMO BILL RENATO Anak laki-laki dari,ditangkap pada tanggal 21 April 2026;,ditahan dalam Tahanan Rutan oleh,,,,,selama 1 (satu) tahun dan 10,21 April 2026,"Demikianlah diputuskan dalam sidang permusyawaratan Majelis
Pengadilan Negeri Surabaya, pada hari Kamis, tanggal 10 September 2026, oleh
kami, Cokia Ana Pontia O","Cokia Ana Pontia O, S.H., M.H., se","yang diucapkan dalam sidang terbuka untuk umum pada hari dan
tanggal itu juga oleh","Cokia Ana Pontia O, S.H., M.H., se",oleh Galih Riana Putra Intaran
T-1074_Pid.Sus-LH_2026_PN Sby.txt,,"1074/Pid.Sus-LH/2026/PN Sby
tanggal 02 Juli 2026 tentang penetapan hari sidang",Terdakwa I,Dimas Dwi Hermawan Bin Suyono;,II,,Pasal 55 Undang-Undang No,selama 1 (satu) Tahun dan 10 (sepuluh) bulan,,selama 1 (satu) Tahun dan 10 (sepuluh) bulan,16 April 2026,"PN Sby
Halaman 37
Demikianlah diputuskan dalam Sidang permusyawaratan Majelis
Pengadilan Negeri Surabaya pada hari Kamis, tanggal 17 September 2026 , oleh
Ega","oleh
Ega Shaktiana, S.H., M.H., se",,"oleh
Ega Shaktiana, S.H., M.H., se","Ega Shaktiana, S.H., M.H., se"
T-108_Pdt.G_2026_PN Sby.txt,Pdt.G,"108/Pdt.G/2026/PN Sby
DEMI KEADILAN BERDASARKAN KETUHANAN YANG MAHA ESA",,,,,,,,,26 Februari 1987,"Demikianlah diputuskan dalam rapat musyawarah Majelis
Negeri Surabaya pada hari Rabu, tanggal 2 Sepetember 2026 oleh kami Gede Putra
Astawa","oleh kami Gede Putra
Astawa, S.H., M.H., se","Putusan mana
diucapkan dalam persidangan yang terbuka untuk umum pada hari Rabu, tanggal 16
September 2026 oleh kami","PN Sby tertanggal 27 April 2026, dan dibantu oleh Diah Eka
Purnamasari",
T-1091_Pid.Sus_2026_PN Sby.txt,Pid.Sus,"1091/Pid.Sus/2026/PN Sby
DEMI KEADILAN BERDASARKAN KETUHANAN YANG MAHA ESA
Pengadilan Negeri Surabaya yang mengadili perkara pidana dengan
acara pemeriksaan biasa dalam tingkat pertama menjatuhkan putusan sebagai
berikut dalam perkara Terdakwa",1. Nama lengkap : Maulana Jefri Bin Ali Busro,Maulana Jefri Bin Ali Busro ditahan dalam tahanan rutan oleh,"didampingi oleh Advokatnya yaitu M.Zainal Arifin dkk, Para Advokat",,,,,selama 120 (seratus dua puluh) hari,12 April 2026,pada hari Se,pada hari Se,"PN Sby
Halaman 19
itu juga oleh",Aeni,oleh Dzulkifli Nento
T-1093_Pid.Sus_2026_PN Sby.txt,Pid.Sus,"1093/Pid.Sus/2026/PN Sby
DEMI KEADILAN BERDASARKAN KETUHANAN YANG MAHA ESA
Pengadilan Negeri Surabaya yang mengadili perkara pidana dengan acara
pemeriksaan biasa dalam tingkat pertama menjatuhkan putusan sebagai berikut
dalam perkara Terdakwa",1. Nama lengkap : Oktawianto als Lento Bin Mustajab,Oktawianto als Lento Bin Mustajab ditahan dalam tahanan rutan oleh,"didampingi oleh M. Zainal Arifin, SH., MH., Advokat pada Kantor Hukum",,,,"narkotika “tanpa hak atau melawan hukum menawarkan untuk dijual, menjual,",selama 4 (empat) tahun dikurangi masa,16 Maret 2026,"Demikianlah diputuskan dalam sidang permusyawaratan Majelis
Pengadilan Negeri Surabaya, pada hari Rabu, tanggal 2 September 2026, oleh
kami, Ernawati Anwar","Ernawati Anwar, S.H., M.H., se",oleh,"Ernawati Anwar, S.H., M.H., se","Ernawati Anwar, S.H., M.H., se"
T-1096_Pid.Sus_2026_PN Sby.txt,Pid.Sus,"1096/Pid.Sus/2026/PN Sby
DEMI KEADILAN BERDASARKAN KETUHANAN YANG MAHA ESA
Pengadilan Negeri Surabaya yang mengadili perkara pidana dengan acara
pemeriksaan biasa dalam tingkat pertama menjatuhkan putusan sebagai berikut
dalam perkara Terdakwa",1. Nama lengkap : Victor Gerald Bin Eddy,Victor Gerald Bin Eddy (alm) ditahan dalam Tahanan Rutan,didampingi oleh Advokatnyanya yang bernama Drs. Victor Asian,,,,,selama 9 (Sembilan) tahun dikurangi selama terdakwa berada,27 Januari 2026,pada hari Se,pada hari Se,"yang
diucapkan dalam sidang terbuka untuk umum pada hari hari itu juga oleh
Ketua dengan didampingi Para",pada hari Se,"kami, Dr"
T-1100_Pid.Sus_2026_PN Sby.txt,Pid.Sus,"1100/Pid.Sus/2026/PN. Sby
DEMI KEADILAN BERDASARKAN KETUHANAN YANG MAHA ESA
Pengadilan Negeri Surabaya yang mengadili perkara pidana dengan
acara pemeriksaan biasa dalam tingkat pertama menjatuhkan putusan sebagai
berikut dalam perkara Terdakwa",1. Nama lengkap : Rivaldi Arvanda Prasetyawan Bin Slamet,Rivaldi Arvanda Prasetyawan Bin Slamet ditahan dalam tahanan,dalam perkara ini didampingi oleh Advokatnya IWAN,,,,sebagaimana didakwakan dalam dakwaan alternatif pertama,selama 190 (seratus sembilan puluh) hari,1 April 2026,"PN Sby
Halaman 16
Demikianlah diputuskan dalam sidang permusyawaratan Majelis
Pengadilan Negeri Surabaya, pada hari Kamis, tanggal 03 September 2026, oleh
kami, Teguh Santoso","Teguh Santoso, S.H., se",yang diucapkan dalam sidang terbuka untuk umum pada hari Se,"Teguh Santoso, S.H., se","Teguh Santoso, S.H., se"
T-1106_Pid.Sus_2026_PN Sby.txt,Pid.Sus,"1106/Pid.Sus/2026/PN Sby
DEMI KEADILAN BERDASARKAN KETUHANAN YANG MAHA ESA
Pengadilan Negeri Surabaya yang mengadili perkara pidana dengan acara
pemeriksaan biasa dalam tingkat pertama menjatuhkan putusan sebagai berikut
dalam perkara Terdakwa",1. Nama lengkap : Dicky Wahyudi Bin M.Rofi.I,Dicky Wahyudi Bin M.Rofi.I ditahan dalam tahanan rutan oleh,"didampingi oleh Advokat Bernama Suwanto, S.H., Ronni Bahmari, S.H",,,,,selama 6,24 April 2026,"Demikianlah diputuskan dalam sidang permusyawaratan Majelis
Pengadilan Negeri Surabaya, pada hari Rabu, tanggal 16 September 2026, oleh
kami, Ernawati Anwar","Ernawati Anwar, S.H., M.H., se","yang diucapkan dalam sidang terbuka untuk umum pada hari itu
juga oleh","Ernawati Anwar, S.H., M.H., se","Ernawati Anwar, S.H., M.H., se"
T-1112_Pid.B_2026_PN Sby.txt,Pid.B,"1112/Pid.B/2026/PN Sby
DEMI KEADILAN BERDASARKAN KETUHANAN YANG MAHA ESA
Pengadilan Negeri Surabaya yang mengadili perkara pidana dengan
acara pemeriksaan biasa dalam tingkat pertama menjatuhkan putusan sebagai
berikut dalam perkara Terdakwa",Nama lengkap : Hendryk. S Bin Suwardi;,Hendryk. S Bin Suwardi ditahan dalam Tahanan Rutan oleh,tidak didampingi Advokat di dipersidangan;,,,,,selama 1 (satu) Tahun dan 6 (enam) Bulan,28 April 2026,"Demikianlah diputuskan dalam sidang permusyawaratan Majelis
Pengadilan Negeri Surabaya, pada hari Rabu, tanggal 2 September 2026, oleh
kami, Ernawati Anwar","Ernawati Anwar, S.H., M.H., se",juga oleh,"Ernawati Anwar, S.H., M.H., se",
T-1117_Pid.B_2026_PN Sby.txt,Pid.B,"1117/Pid.B/2026/PN Sby
DEMI KEADILAN BERDASARKAN KETUHANAN YANG MAHA ESA
Pengadilan Negeri Surabaya yang mengadili perkara pidana dengan
acara pemeriksaan biasa dalam tingkat pertama menjatuhkan putusan sebagai
berikut dalam perkara Terdakwa",1. Nama lengkap : M Hasan Bin Jono (alm),ditangkap pada tanggal 15 April 2026 berdasarkan surat perintah,M Hasan Bin Jono (alm) ditahan dalam Tahanan Rutan oleh,,,,"“percobaan melakukan Tindak Pidana, mengambil suatu barang yang",,15 April 2026,pada hari Se,pada hari Se,yang diucapkan dalam sidang terbuka untuk umum pada hari Se,pada hari Se,"Ega Shaktiana, S.H., M.H., se"
T-111_Pid.Sus_2018_PN SBY.txt,Pid.Sus,"111/Pid.Sus/2018/PN.Sby
DEMI KEADILAN BERDASARKAN KETUHANAN YANG MAHA ESA",Nama Lengkap : OKKY SATRIYO NUGROHO Bin BAMBANG,atas kehendak sendiri tidak bersedia didampingi Penasihat Hukum ---,ditangkap pada tanggal 06 Nopember 2017;,,,,,,7 November 2017,"Demikianlah diputuskan dalam rapat permusyawaratan Majelis
Pengadilan Negeri Surabaya pada hari RABU tanggal 07 MARET 2018 oleh kami
DWI PURWADI","oleh kami
DWI PURWADI,SH","putusan tersebut diucapkan pada hari itu juga dalam sidang yang terbuka untuk
umum oleh","oleh kami
DWI PURWADI,SH","kami
DWI PURWADI,SH"
T-1122_Pid.Sus_2026_PN Sby.txt,Pid.Sus,"1122/Pid.Sus/2026/PN Sby
DEMI KEADILAN BERDASARKAN KETUHANAN YANG MAHA ESA
Pengadilan Negeri Surabaya yang mengadili perkara pidana dengan acara
pemeriksaan biasa dalam tingkat pertama menjatuhkan putusan sebagai berikut
dalam perkara Terdakwa",Nama lengkap : Adam Fajarian Bin Didik Hariono;,Adam Fajarian Bin Didik Hariono; ditahan dalam tahanan Tahanan,"didampingi oleh Advokatnya yakni Endang Suprawati, S.H., M.H",,,,sebagaimana didakwakan dalam dakwaan Alternatif Pertama,selama 7 ( tujuh ) tahun dikurangi selama terdakwa berada dalam,04 Februari 2026,"Demikian diputuskan dalam sidang permusyawaratan Majelis
Pengadilan Negeri Surabaya, pada hari Rabu, tanggal 16 September 2026 , oleh
Sugeng Harsoyo","oleh
Sugeng Harsoyo, S.H.,M.H","yang diucapkan dalam
sidang terbuka untuk umum pada hari dan tanggal itu juga oleh
didampingi para","oleh
Sugeng Harsoyo, S.H.,M.H","Sugeng Harsoyo, S.H.,M.H"
T-1126_Pid.B_2026_PN Sby.txt,Pid.B,"1126/Pid.B/2026/PN Sby
DEMI KEADILAN BERDASARKAN KETUHANAN YANG MAHA ESA
Pengadilan Negeri Surabaya yang mengadili perkara pidana dengan
acara pemeriksaan biasa dalam tingkat pertama menjatuhkan putusan sebagai
berikut dalam perkara Terdakwa",1. Nama lengkap : Saiful Komar als Kikuk Bin Ratman;,Saiful Komar als Kikuk Bin Ratman ditahan dalam tahanan rutan,menghadap sendiri dipersidangan;,,,,“ melakukan penganiayaan yang mengakibatkan luka berat ” yang melanggar,selama 3 (tiga) tahun,28 April 2026,pada hari Se,pada hari Se,"yang
diucapkan dalam sidang terbuka untuk umum pada hari Kamis, tanggal
10 September 2026, oleh",pada hari Se,"Betsji Siske Manoe, S.H., M.H., se"
T-1130_Pid.B_2026_PN Sby.txt,Pid.B,"1130/Pid.B/2026/PN Sby
DEMI KEADILAN BERDASARKAN KETUHANAN YANG MAHA ESA
Pengadilan Negeri Surabaya Kelas IA Khusus yang mengadili perkara
pidana dengan acara pemeriksaan biasa dalam tingkat pertama menjatuhkan
putusan sebagai berikut dalam perkara Terdakwa",Nama lengkap : Mas Tubah Bin. H. Abdur Rohman (alm);,ditangkap berdasarkan surat perintah penangkapan Nomor,Mas Tubah Bin. H. Abdur Rohman (alm) ditahan dalam tahanan,,Pasal 486 Undang-undang RI No,,,,29 April 2026,Rina Indr,Rina Indr,"Rahim,S.H.,M.H","Rahim,S.H.,M.H","Niken Damayanti,S.H"
T-1131_Pid.B_2026_PN Sby.txt,Pid.B,"1131/Pid.B/2026/PN Sby
DEMI KEADILAN BERDASARKAN KETUHANAN YANG MAHA ESA
Pengadilan Negeri Surabaya yang mengadili perkara pidana dengan
acara pemeriksaan biasa dalam tingkat pertama",1. Nama Lengkap : IMAM SOLEH ALIAS SOLEH BIN AYUB (alm) ;,ditangkap pada tanggal 9 Mei 2026;,ditahan dalam Rumah Tahanan Negara oleh,,,,,,9 Mei 2026,"Demikian diputuskan dalam musyawarah Majelis
Negeri Surabaya, pada hari Rabu tanggal 9 September 2026 oleh NUGRAHINI
MEINASTITI","oleh NUGRAHINI
MEINASTITI, S.H","yang diucapkan dalam sidang terbuka untuk umum pada hari dan
tanggal itu juga oleh","oleh NUGRAHINI
MEINASTITI, S.H","NUGRAHINI
MEINASTITI, S.H"
T-1132_Pid.B_2026_PN Sby.txt,Pid.B,"1132/Pid.B/2026/PN Sby
DEMI KEADILAN BERDASARKAN KETUHANAN YANG MAHA ESA
Pengadilan Negeri Surabaya yang mengadili perkara pidana dengan
acara pemeriksaan biasa dalam tingkat pertama menjatuhkan putusan sebagai
berikut dalam perkara Terdakwa",1. Nama lengkap : Moh.As'ad Bin (alm) Ali Ridok,Moh.As'ad Bin (alm) Ali Ridok ditahan dalam tahanan rutan oleh,menghadap sendiri;,,,,penggelapan dalam jabatan “percobaan melakukan Tindak Pidana terjadi,selama 2 (dua) tahun dikurangi masa,28 April 2026,"Demikianlah diputuskan dalam sidang permusyawaratan Majelis
Pengadilan Negeri Surabaya, pada hari Rabu, tanggal 2 September 2026, oleh
kami, Ernawati Anwar","Ernawati Anwar, S.H., M.H., se","yang diucapkan dalam sidang terbuka untuk umum pada hari Rabu
tanggal 9 September 2026 oleh","Ernawati Anwar, S.H., M.H., se","Ernawati Anwar, S.H., M.H., se"
T-1133_Pid.B_2026_PN Sby.txt,Pid.B,"1133/Pid.B/2026/PN Sby
DEMI KEADILAN BERDASARKAN KETUHANAN YANG MAHA ESA
Pengadilan Negeri Surabaya yang mengadili perkara pidana dengan
acara pemeriksaan biasa dalam tingkat pertama menjatuhkan putusan sebagai
berikut dalam perkara Terdakwa",1. Nama lengkap : MOH. TINGGAL BIN SARU’I (ALM) ;,MOH. TINGGAL BIN SARU’I (ALM) ditangkap tanggal 17 April,MOH. TINGGAL BIN SARU’I (ALM) ditahan dalam tahanan,,,,,selama 1 (satu) tahun dan 3 (tiga) bulan dikurangi,"17 April
2026",pada hari Se,pada hari Se,"yang diucapkan dalam sidang terbuka untuk umum
pada hari Kamis tanggal 10 September 2026 oleh
didampingi para",pada hari Se,"kami, Dr"
T-1134_Pid.Sus_2026_PN Sby.txt,Pid.Sus,"1134/Pid.Sus/2026/PN Sby
DEMI KEADILAN BERDASARKAN KETUHANAN YANG MAHA ESA
Pengadilan Negeri Surabaya yang mengadili perkara pidana dengan
acara pemeriksaan biasa dalam tingkat pertama menjatuhkan putusan sebagai
berikut dalam perkara Terdakwa",1. Nama lengkap : Ismi Aziza Binti Misnari,Ismi Aziza Binti Misnari ditangkap pada tanggal 18 April 2026;,Ismi Aziza Binti Misnari ditahan dalam tahanan rutan oleh,,,,,selama 3 (tiga) tahun 3 (tiga) bulan,18 April 2026,"PN Sby
Halaman 31
kami, Irlina","Irlina, S.H., M.H., se","yang
diucapkan dalam sidang terbuka untuk umum pada hari dan tanggal itu juga, oleh","Irlina, S.H., M.H., se",Hakim Ketua dengan didampingi para
T-113_Pid.B_2018_PN SBY.txt,Pid.B,"113/Pid.B/2018/PN SBY
DEMI KEADILAN BERDASARKAN KETUHANAN YANG MAHA ESA
Pengadilan Negeri Surabaya yang mengadili perkara pidana dengan
acara pemeriksaan biasa dalam tingkat pertama menjatuhkan putusan sebagai
berikut dalam perkara Terdakwa",1. Nama lengkap : Ramadani Wicaksana,Ramadani Wicaksana ditahan dalam tahanan rutan oleh,dalam perkara ini tidak didampingi Penasihat Hukum dan akan,,,,,selama 3 (tiga) tahun dikurangi selama Terdakwa berada,7 November 2017,"Demikianlah diputuskan dalam sidang permusyawaratan Majelis
Pengadilan Negeri Surabaya, pada hari Rabu, tanggal 21 Pebruari 2018, oleh
kami, Agus Hamzah",urosidin,"PN SBY
Halaman 12
didampingi para",didampingi para,"Irawan Djatmiko, SH.,MH"
T-1143_Pid.Sus_2026_PN Sby.txt,Pid.Sus,"1143/Pid.Sus/2026/PN Sby
DEMI KEADILAN BERDASARKAN KETUHANAN YANG MAHA ESA
Pengadilan Negeri Surabaya yang mengadili perkara pidana dengan
acara pemeriksaan biasa dalam tingkat pertama menjatuhkan putusan sebagai
berikut dalam perkara Terdakwa",Nama lengkap : Raharjo Dwi Utomo Bin Budi Utomo (Alm),ditahan dalam tahanan Tahanan Negara oleh,didampingi oleh Advokatnya yakni Saudara Endang,,,,“yang tanpa hak atau melawan hukum menawarkan untuk,selama 190 (seratus sembilan puluh),18 April 2026,"PN Sby
Halaman 16
Demikian diputuskan dalam sidang permusyawaratan Majelis
Pengadilan Negeri Surabaya, pada hari Kamis, tanggal 10 September 2026 ,
oleh Sugeng Harsoyo","oleh Sugeng Harsoyo, S.H.,M.H","yang diucapkan dalam sidang terbuka untuk umum pada hari dan tanggal itu
juga oleh","oleh Sugeng Harsoyo, S.H.,M.H","Sugeng Harsoyo, S.H.,M.H"
T-1149_Pid.Sus_2026_PN Sby.txt,Pid.Sus,"1149/Pid.Sus/2026/PN Sby
DEMI KEADILAN BERDASARKAN KETUHANAN YANG MAHA ESA
Pengadilan Negeri Surabaya yang mengadili perkara pidana dengan
acara pemeriksaan biasa dalam tingkat pertama menjatuhkan putusan sebagai
berikut dalam perkara Terdakwa",1. Nama lengkap : RENALDY ARKANANTASYAH BIN SUKARMINTO,ditangkap tanggal 10 April 2026 berdasarkan surat,ditahan dalam tahanan rutan oleh,,,,,selama 5 (lima) tahun 6,10 April 2026,"Demikianlah diputuskan dalam sidang permusyawaratan Majelis
Pengadilan Negeri Surabaya, pada hari Kamis, tanggal 3 September 2026, oleh
kami, Nyoman Ayu Wulandari","Nyoman Ayu Wulandari, S.H., M.H., se","yang
diucapkan dalam sidang terbuka untuk umum pada hari Kamis tanggal 10
September 2026 oleh","Nyoman Ayu Wulandari, S.H., M.H., se","Nyoman Ayu Wulandari, S.H., M.H., se"
T-1150_Pid.B_2026_PN Sby.txt,Pid.B,"1150/Pid.B/2026/PN.Sby
DEMI KEADILAN BERDASARKAN KETUHANAN YANG MAHA ESA
Pengadilan Negeri Surabaya yang mengadili perkara pidana dengan acara
pemeriksaan biasa dalam tingkat pertama menjatuhkan putusan sebagai berikut
dalam perkara Terdakwa",1. Nama lengkap : Nika Ayu Yuniarti Binti Bejo;,ditangkap sejak tanggal 08 April 2026 dan Terdakwa ditahan dalam,"didampingi oleh Advokatnya yaitu Frendika Suda Utama, SH., MH",,,,,selama 2 (dua) Tahun dan 9 (sembilan),08 April 2026,"Demikian diputuskan dalam sidang permusyawaratan Majelis
Pengadilan Negeri Surabaya, pada hari Rabu, tanggal 09 September 2026, oleh
Irlina","oleh
Irlina, S.H., M.H., se","yang
diucapkan dalam sidang terbuka untuk umum pada hari dan tanggal itu juga, oleh","oleh
Irlina, S.H., M.H., se","Irlina, S.H., M.H., se"
T-1156_Pid.B_2026_PN Sby.txt,Pid.B,"1156/Pid.B/2026/PN Sby
DEMI KEADILAN BERDASARKAN KETUHANAN YANG MAHA ESA
Pengadilan Negeri Surabaya yang mengadili perkara pidana dengan
acara pemeriksaan biasa dalam tingkat pertama menjatuhkan putusan sebagai
berikut dalam perkara Para Terdakwa",Terdakwa 1,Ilham Surya Saputra Bin Marzuki (alm),Ilham Surya Saputra Bin Marzuki (alm) ditahan dalam tahanan rutan,,,,,selama 2 (dua) Tahun dikurangi,8 Mei 2026,"PN Sby
Halaman 14
Demikianlah diputuskan dalam sidang permusyawaratan Majelis
Pengadilan Negeri Surabaya, pada hari Kamis, tanggal 3 September 2026, oleh
kami, Sugeng Harsoyo","Sugeng Harsoyo, S.H., M.H., se",oleh,"Sugeng Harsoyo, S.H., M.H., se","Sugeng Harsoyo, S.H., M.H., se"
T-1159_Pid.Sus_2026_PN Sby.txt,Pid.Sus,"1159/Pid.Sus/2026/PN Sby
DEMI KEADILAN BERDASARKAN KETUHANAN YANG MAHA ESA
Pengadilan Negeri Surabaya yang mengadili perkara pidana dengan acara
pemeriksaan biasa dalam tingkat pertama menjatuhkan putusan sebagai berikut
dalam perkara Terdakwa",Nama lengkap :Rangga Dwi Novansyah Bin Kaharudin Alm.;,Rangga Dwi Novansyah Bin Kaharudin Alm. ditahan dalam,menghadap sendiri;,,,,sebagaimana didakwakan dalam dakwaan kumulatif pertama /kesatu,selama 1 (satu) tahun dan 10 (sepuluh),06 Juli 2026,"Demikianlah diputuskan dalam sidang permusyawaratan Majelis
Pengadilan Negeri Surabaya, pada hari Rabu , tanggal 09 September 2026 , oleh
kami, Ernawati Anwar","Ernawati Anwar, S.H","yang diucapkan dalam sidang terbuka untuk umum pada hari dan
tanggal itu juga oleh","Ernawati Anwar, S.H","Ernawati Anwar, S.H"
T-1172_Pid.B_2026_PN Sby.txt,Pid.B,"1172/Pid.B/2026/PN Sby
DEMI KEADILAN BERDASARKAN KETUHANAN YANG MAHA ESA
Pengadilan Negeri Surabaya yang mengadili perkara pidana dengan acara
pemeriksaan biasa dalam tingkat pertama menjatuhkan putusan sebagai berikut
dalam perkara Terdakwa",1. Nama lengkap : Dedy Kosasih Bin Soesanto (alm),Dedy Kosasih Bin Soesanto (alm) ditahan dalam tahanan rutan oleh,menghadap sendiri;,,,,,,16 Mei 2026,pada hari Se,pada hari Se,"yang diucapkan dalam sidang terbuka untuk umum pada hari itu juga oleh
Ketua dengan didampingi para",Aeni,oleh Riny Nislawaty Thamrin
T-1180_Pid.B_2026_PN Sby.txt,Pid.B,"1180/Pid.B/2026/PN Sby
DEMI KEADILAN BERDASARKAN KETUHANAN YANG MAHA ESA
Pengadilan Negeri Surabaya yang mengadili perkara pidana dengan
acara pemeriksaan biasa dalam tingkat pertama menjatuhkan putusan sebagai
berikut dalam perkara Terdakwa",1. Nama lengkap : AGUNG PRIYANTO;,ditahan dalam tahanan Rumah Tahanan Negara oleh,tidak menggunakan haknya untuk didampingi oleh Advokat;,,,,,selama 2,10 Mei 2026,Safruddin,"Safruddin, S.H., M.H., se","yang diucapkan dalam sidang terbuka untuk umum pada hari itu juga oleh
Ketua dengan didampingi para","Safruddin, S.H., M.H., se","Hakim
Ketua dengan didampingi para"
T-1184_Pid.Sus_2026_PN Sby.txt,Pid.Sus,"1184/Pid.Sus/2026/PN Sby
DEMI KEADILAN BERDASARKAN KETUHANAN YANG MAHA ESA
Pengadilan Negeri Surabaya yang mengadili perkara pidana dengan
acara pemeriksaan biasa dalam tingkat pertama menjatuhkan putusan sebagai
berikut dalam perkara Terdakwa",1. Nama lengkap : TAUFIK KURROCH MADHONI BIN EDI,Taufik Kurroch Madhoni Bin Edi Purwanto (alm) ditahan dalam,didampingi Advokat dari Lembaga Bantuan Hukum OBOR JUSTISIA;,,,,” Narkotika ” sebagaimana diatur dan diancam,selama dengan pidana penjara selama 6 (enam) tahun dan Pidana Denda,11 Mei 2026,pada hari Se,pada hari Se,"PN Sby
Halaman 27
diatas oleh",diatas oleh,Hakim Ketua didampingi para
T-1186_Pid.B_2026_PN Sby.txt,Pid.B,"1186/Pid.B/2026/PN Sby
DEMI KEADILAN BERDASARKAN KETUHANAN YANG MAHA ESA
Pengadilan Negeri Surabaya yang mengadili perkara pidana dengan acara
pemeriksaan biasa dalam tingkat pertama menjatuhkan putusan sebagai berikut
dalam perkara Terdakwa",Nama : SUNARTO BIN SUROTO (ALM);,ditangkap pada tanggal 15 Mei 2026;,ditahan dalam tahanan rumah tahanan negara oleh,,,,,,15 Mei 2026,"Demikianlah diputuskan dalam sidang permusyawaratan Majelis
Pengadilan Negeri Surabaya, pada hari Kamis, tanggal 17 September 2026, oleh
kami, Cokia Ana Pontia O","PN Sby
Halaman 13
Massora","yang diucapkan dalam sidang terbuka untuk umum pada hari dan
tanggal itu juga oleh","Massora, S.H., M.H","Hakim Ketua dengan didampingi para
terse"
T-1190_Pid.B_2026_PN Sby.txt,Pid.B,"1190/Pid.B/2026/PN Sby
DEMI KEADILAN BERDASARKAN KETUHANAN YANG MAHA ESA
Pengadilan Negeri Surabaya yang mengadili perkara pidana dengan
acara pemeriksaan biasa dalam tingkat pertama menjatuhkan putusan sebagai
berikut dalam perkara Terdakwa",1. Nama lengkap : RIDWAN BIN SAYEKI ;,RIDWAN BIN SAYEKI ditangkap tanggal 11 Mei 2026 sampai,RIDWAN BIN SAYEKI ditahan dalam tahanan rutan oleh,,,,,selama 2 (dua) Tahun dikurangi waktu selama terdakwa,11 Mei 2026,"Demikianlah diputuskan dalam sidang permusyawaratan Majelis
Pengadilan Negeri Surabaya, pada hari Rabu, tanggal 9 September 2026, oleh
kami, Irlina","Irlina, S.H.,M.H., se","yang
diucapkan dalam sidang terbuka untuk umum pada hari Rabu tanggal 16
September 2026 oleh",terse,"Susanawati, S.H.,M.H"
T-1198_Pid.B_2026_PN Sby.txt,Pid.B,"1198/Pid.B/2026/PN Sby
DEMI KEADILAN BERDASARKAN KETUHANAN YANG MAHA ESA
Pengadilan Negeri Surabaya yang mengadili perkara pidana dengan acara
pemeriksaan biasa dalam tingkat pertama menjatuhkan putusan sebagai berikut
dalam perkara Terdakwa",1. Nama lengkap : Benny Hinn,Benny Hinn ditahan dalam tahanan penyidik oleh,"didampingi oleh Endang Sprawati, SH., MH.,dkk Advokat pada Kantor",,,,,selama 1 (Satu) tahun dan 6 (Enam) bulan dikurangi selama Terdakwa berada,20 Mei 2026,"Demikianlah diputuskan dalam sidang permusyawaratan Majelis
Pengadilan Negeri Surabaya, pada hari Rabu, tanggal 9 September 2026, oleh kami,
Ernawati Anwar","Ernawati Anwar, S.H., M.H., se","yang diucapkan dalam sidang
terbuka untuk umum pada hari itu juga oleh","Ernawati Anwar, S.H., M.H., se","Ernawati Anwar, S.H., M.H., se"
T-11_Pdt.Sus-HKI_Merek_2026_PN Niaga Sby.txt,,52/Pdt.Sus-Merek/2014/PN Jkt,,,,,,,,,5 Juli 2026,"Demikian diputuskan dalam sidang permusyawaratan Majelis
Pengadilan Niaga pada Pengadilan Negeri Surabaya, pada hari Kamis tanggal
10 September 2026 oleh kami, ALEX ADAM FAISAL","PN Niaga Sby
Halaman 29
BAYUAJI","dan putusan
terse","BAYUAJI, S.H., M.H",
T-1206_Pid.Sus-LH_2026_PN Sby.txt,,"1206/Pid.Sus-LH/2026/PN Sby
DEMI KEADILAN BERDASARKAN KETUHANAN YANG MAHA ESA
Pengadilan Negeri Surabaya yang mengadili perkara pidana dengan
acara pemeriksaan biasa dalam tingkat pertama menjatuhkan putusan sebagai
berikut dalam perkara Terdakwa",1. Nama lengkap : Bagus Alnazar Bin Suprapto (alm),"ditangkap pada tanggal 18 April 2026, berdasarkan surat perintah",Bagus Alnazar Bin Suprapto (alm) ditahan dalam tahanan rutan oleh,,,,"“menyalahagunakan Pengangkutan dan/atau Niaga Bahan Bakar Minyak,",,18 April 2026,"Demikianlah diputuskan dalam sidang permusyawaratan Majelis
Pengadilan Negeri Surabaya, pada hari Kamis tanggal 10 September 2026 oleh
kami, Alex Adam Faisal","Alex Adam Faisal, S.H, M.H., se","yang
diucapkan dalam sidang terbuka untuk umum pada hari itu juga oleh
Ketua dengan didampingi para","Alex Adam Faisal, S.H, M.H., se","Alex Adam Faisal, S.H, M.H., se"
T-1208_Pid.Sus_2026_PN Sby.txt,Pid.Sus,"1208/Pid.Sus/2026/PN Sby
DEMI KEADILAN BERDASARKAN KETUHANAN YANG MAHA ESA
Pengadilan Negeri Surabaya yang mengadili perkara pidana dengan acara
pemeriksaan biasa dalam tingkat pertama menjatuhkan putusan sebagai berikut
dalam perkara Terdakwa",1. Nama lengkap : YOHANES SUPRAPTO,Yohanes Suprapto ditangkap pada tanggal 28 April 2026 selanjutnya,"didampingi oleh Frendika Suda Utama, S.H, M.H., Yunianika",,,,,,28 April 2026,pada hari Se,pada hari Se,"yang diucapkan
dalam sidang terbuka untuk umum pada hari Kamis tanggal 10 September 2026 oleh",pada hari Se,"Meilia Christina Mulyaningrum, S.H., se"
T-1209_Pid.Sus_2026_PN Sby.txt,Pid.Sus,"1209/Pid.Sus/2026/PN. Sby
DEMI KEADILAN BERDASARKAN KETUHANAN YANG MAHA ESA
Pengadilan Negeri Surabaya yang mengadili perkara pidana dengan
acara pemeriksaan biasa dalam tingkat pertama menjatuhkan putusan sebagai
berikut dalam perkara Terdakwa",1. Nama lengkap : A. Hasanudin Bin Mat Bahri (alm),A. Hasanudin Bin Mat Bahri (alm) ditahan dalam tahanan rutan oleh,dalam perkara ini didampingi oleh Advokatnya IWAN,,,,sebagaimana,selama 5 (lima) Tahun dan 6 (enam) Bulan,10 Februari 2026,pada hari Se,pada hari Se,"yang diucapkan dalam sidang terbuka untuk umum pada hari Kamis,
tanggal 10 September 2026 oleh",pada hari Se,"Teguh Santoso, S.H., se"
T-1210_Pid.Sus_2026_PN Sby.txt,Pid.Sus,"1210/Pid.Sus/2026/PN Sby
DEMI KEADILAN BERDASARKAN KETUHANAN YANG MAHA ESA
Pengadilan Negeri Surabaya yang mengadili perkara pidana dengan
acara pemeriksaan biasa dalam tingkat pertama menjatuhkan putusan
sebagai berikut dalam perkara Terdakwa",1. Nama lengkap : Alif Hendriansyah Bin Totok Wahyudi;,Alif Hendriansyah Bin Totok Wahyudi ditahan dalam Tahanan,"didampingi oleh Advokatnya yakni Robertho, S.H., M.H",,,,"“tanpa hak atau melawan hukum menawarkan untuk dijual,",selama 120 (seratus dua puluh) hari dikurangi,9 Mei 2026,"Demikian diputuskan dalam sidang permusyawaratan Majelis
Pengadilan Negeri Surabaya, pada hari Rabu, tanggal 09 September 2026 ,
oleh Sugeng Harsoyo","oleh Sugeng Harsoyo, S.H.,M.H","yang diucapkan dalam sidang terbuka untuk umum pada hari dan
tanggal itu juga oleh","oleh Sugeng Harsoyo, S.H.,M.H","Sugeng Harsoyo, S.H.,M.H"
T-1211_Pid.B_2026_PN Sby.txt,Pid.B,"1211/Pid.B/2026/PN Sby
DEMI KEADILAN BERDASARKAN KETUHANAN YANG MAHA ESA
Pengadilan Negeri Surabaya yang mengadili perkara pidana dengan
acara pemeriksaan biasa dalam tingkat pertama menjatuhkan putusan sebagai
berikut dalam perkara Terdakwa",1. Nama lengkap : Senawi Bin (alm) Darusman,Senawi Bin (alm) Darusman ditangkap pada tanggal 21 Mei 2026;,Senawi Bin (alm) Darusman ditahan dalam tahanan rutan oleh,,,,,,21 Mei 2026,"Demikianlah diputuskan dalam sidang permusyawaratan Majelis
Pengadilan Negeri Surabaya, pada hari Kamis, tanggal 17 September 2026, oleh
kami, Ega","Ega Shaktiana, S.H., M.H., se","yang diucapkan dalam sidang terbuka untuk umum pada hari dan tanggal itu
juga, oleh","Ega Shaktiana, S.H., M.H., se","Ega Shaktiana, S.H., M.H., se"
T-1240_Pid.Sus_2026_PN Sby.txt,Pid.Sus,"1240/Pid.Sus/2026/PN Sby
DEMI KEADILAN BERDASARKAN KETUHANAN YANG MAHA ESA
Pengadilan Negeri Surabaya yang mengadili perkara pidana dengan
acara pemeriksaan biasa dalam tingkat pertama menjatuhkan putusan sebagai
berikut dalam perkara Terdakwa",1. Nama lengkap : Syaiful Wira Wijaya Bin Musman,Syaiful Wira Wijaya Bin Musman ditahan dalam tahanan rutan oleh,"didampingi oleh Advokat bernama M.ZAINAL ARIFIN, S.H., M.H., &",,,,,selama 3 (tiga) tahun 6 (enam) bulan,19 Mei 2026,"Demikianlah diputuskan dalam sidang permusyawaratan Majelis
Pengadilan Negeri Surabaya, pada hari Rabu, tanggal 9 September 2026, oleh
kami, S. Pujiono","S. Pujiono, S.H., M.H","yang diucapkan dalam sidang terbuka untuk umum pada hari
dan tanggal itiu juga, oleh","S. Pujiono, S.H., M.H","S. Pujiono, S.H., M.H"
T-1251_Pid.Sus_2026_PN Sby.txt,Pid.Sus,"1251/Pid.Sus/2026/PN Sby
DEMI KEADILAN BERDASARKAN KETUHANAN YANG MAHA ESA
Pengadilan Negeri Surabaya yang mengadili perkara pidana dengan
acara pemeriksaan biasa dalam tingkat pertama menjatuhkan putusan sebagai
berikut dalam perkara Terdakwa",1. Nama lengkap : Willy Negara Anak Dari Dadang Anton Winarko,"Willy Negara Anak Dari Dadang Anton Winarko, di tangkap pada",Willy Negara Anak Dari Dadang Anton Winarko ditahan dalam,,,,,,20 Mei 2026,pada hari Se,pada hari Se,"yang diucapkan dalam sidang terbuka untuk umum
pada hari dan tanggal itu juga oleh",Aeni,"oleh Damang Anubowo S.E, S.H"
T-1255_Pid.B_2026_PN Sby.txt,Pid.B,"1255/Pid.B/2026/PN Sby
DEMI KEADILAN BERDASARKAN KETUHANAN YANG MAHA ESA
Pengadilan Negeri Surabaya yang mengadili perkara pidana dengan
acara pemeriksaan biasa dalam tingkat pertama menjatuhkan putusan sebagai
berikut dalam perkara Terdakwa",1. Nama lengkap : Ahkmad Khasan Efendi Bin Sutari ;,Ahkmad Khasan Efendi Bin Sutari ditahan dalam tahanan rutan oleh,"di persidangan didampingi Advokatnya, Yohan Aveanto, S.H. M.H. dkk",,,,,selama 2 (dua) tahun,21 April 2026,"at, tanggal 11 September 2026, oleh
kami, Rida Nur Karima","Rida Nur Karima, S.H., M.H","yang diucapkan dalam sidang terbuka untuk umum pada hari Rabu
tanggal 16 September 2026 oleh
Sidqi Amsya","Rida Nur Karima, S.H., M.H","Rida Nur Karima, S.H., M.H"
T-1270_Pdt.G_2025_PN Sby.txt,Pdt.G,"1270/Pdt.G/2025/PN Sby
DEMI KEADILAN BERDASARKAN KETUHANAN YANG MAHA ESA",,,,,,,,,27 Oktober 2025,pada hari Se,pada hari Se,putusan terse,pada hari Se,
T-1276_Pid.Sus_2026_PN Sby.txt,Pid.Sus,"1276/Pid.Sus/2026/PN Sby
DEMI KEADILAN BERDASARKAN KETUHANAN YANG MAHA ESA
Pengadilan Negeri Surabaya yang mengadili perkara pidana dengan
acara pemeriksaan biasa dalam tingkat pertama menjatuhkan putusan sebagai
berikut dalam perkara Terdakwa",1. Nama lengkap : Zaenal Arifin Bin Sawi (alm),Zaenal Arifin Bin Sawi (alm) ditahan dalam tahanan rutan oleh,menghadap dengan didampingi advokatnya bernama Drs. VICTOR,,,,,selama 1 (satu) tahun 3 (tiga) bulan dikurangi,15 Juni 2026,"Demikianlah diputuskan dalam sidang permusyawaratan Majelis
Pengadilan Negeri Surabaya, pada hari Kamis tanggal 10 September 2026 oleh
kami, Alex Adam Faisal","Alex Adam Faisal, S.H, M.H., se","yang diucapkan dalam sidang terbuka untuk umum pada hari itu juga
oleh","Alex Adam Faisal, S.H, M.H., se","Alex Adam Faisal, S.H, M.H., se"
T-1289_Pid.Sus_2026_PN Sby.txt,Pid.Sus,"1289/Pid.Sus/2026/PN Sby
DEMI KEADILAN BERDASARKAN KETUHANAN YANG MAHA ESA
Pengadilan Negeri Surabaya yang mengadili perkara pidana dengan acara
pemeriksaan biasa dalam tingkat pertama menjatuhkan putusan sebagai berikut
dalam perkara Terdakwa",1. Nama lengkap : Rizki Prayogi Bin Syarifudin;,Rizki Prayogi Bin Syarifudin ditahan dalam tahanan rutan oleh,dalam perkara ini didamping oleh Advokatnya RONNI BAHMARI,,,,“ tanpa hak atau,selama 7 (tujuh) tahun dan 6 (enam) bulan dan Pidana,25 Mei 2026,"Demikianlah diputuskan dalam sidang permusyawaratan Majelis
Pengadilan Negeri Surabaya, pada hari Kamis, tanggal 10 September 2026 oleh kami,
Ristanti Rahim","Ristanti Rahim, S.H., M.H., se","oleh Ristanti Rahim, S.H.,M.H., se","Ristanti Rahim, S.H., M.H., se","Ristanti Rahim, S.H., M.H., se"
T-130_Pdt.P_2018_PN SBY.txt,Pdt.P,"130/Pdt.P/2018/PN SBY
DEMI KEADILAN BERDASARKAN KETUHANAN YANG MAHA ESA
Pengadilan Negeri Surabaya yang memeriksa dan mengadili perkara
perdata permohonan pada Peradilan Tingkat Pertama telah menetapan atas
permohonan dari Para Pemohon",,,,,,,,,12 September 1978,,,,"oleh ARI JIWANTARA,SH.,M.H",
T-1365_Pid.Sus_2026_PN Sby.txt,Pid.Sus,"1365/Pid.Sus/2026/PN Sby
DEMI KEADILAN BERDASARKAN KETUHANAN YANG MAHA ESA
Pengadilan Negeri Surabaya yang mengadili perkara pidana dengan
acara pemeriksaan biasa dalam tingkat pertama menjatuhkan putusan sebagai
berikut dalam perkara Para Terdakwa",Terdakwa 1,Rudyanto Soedargo Anak Dari Bambang (alm);,Rudyanto Soedargo Anak Dari Bambang (alm) ditahan dalam rumah,,,,,selama 120 (seratus dua puluh) hari,15 Juni 2026,"at, tanggal 11 September 2026, oleh
kami, Rida Nur Karima","Rida Nur Karima, S.H., M.H","yang diucapkan dalam sidang terbuka untuk umum pada hari Rabu
tanggal 16 September 2026 oleh
Sidqi Amsya","Rida Nur Karima, S.H., M.H","Rida Nur Karima, S.H., M.H"
T-1423_Pdt.G_2025_PN Sby.txt,Pdt.G,"1423/Pdt.G/2025/PN Sby
DEMI KEADILAN BERDASARKAN KETUHANAN YANG MAHA ESA
Pengadilan Negeri Surabaya yang memeriksa dan memutus perkara",,,,,,,,,13 Desember 2025,Sagung Bunga Mayasaputri Antara,"Sagung Bunga Mayasaputri Antara, S.H",putusan terse,"Sagung Bunga Mayasaputri Antara, S.H",
T-1449_Pdt.G_2026_PN Sby.txt,Pdt.G,"1449/Pdt.G/2026/PN Sby
DEMI KEADILAN BERDASARKAN KETUHANAN YANG MAHA ESA
Pengadilan Negeri Surabaya yang memeriksa dan memutus perkara",,,,,,,,,19 Januari 2026,pada hari Se,pada hari Se,"putusan tersebut telah diucapkan dalam persidangan terbuka untuk umum
se",pada hari Se,
T-151_Pdt.G_2026_PN Sby.txt,Pdt.G,"151/Pdt.G/2026/PN Sby
DEMI KEADILAN BERDASARKAN KETUHANAN YANG MAHA ESA
Pengadilan Negeri Surabaya Kelas I A Khusus yang memeriksa dan
mengadili perkara perdata pada tingkat pertama",,,,,,,,,"14 Januari
2026","oleh
kami, Dr","oleh
kami, Dr",,aini,
T-157_Pdt.P_2018_PN SBY.txt,Pdt.P,157/Pdt.P/2018/P.N. SBY,,,,,,,,,22 Desember 1977,,,,"DWI PURWADI, S.H",
T-169_Pdt.G_2026_PN Sby.txt,Pdt.G,"169/Pdt.G/2026/PN Sby
DEMI KEADILAN BERDASARKAN KETUHANAN YANG MAHA ESA",,,,,,,,,26 Januari 2026,"Demikian diputuskan dalam sidang permusyawaratan Majelis
Pengadilan Negeri Surabaya, pada hari Rabu tanggal 2 September 2026, oleh kami,
Nyoman Ayu Wulandari","Nyoman Ayu Wulandari, S.H., M.H., se",putusan terse,"Nyoman Ayu Wulandari, S.H., M.H., se",
T-177_Pid.B_2026_PN Sby.txt,Pid.B,"177/Pid.B/2026/PN Sby
DEMI KEADILAN BERDASARKAN KETUHANAN YANG MAHA ESA
Pengadilan Negeri Surabaya yang mengadili perkara pidana dengan
acara pemeriksaan biasa dalam tingkat pertama menjatuhkan putusan sebagai
berikut dalam perkara Terdakwa",1. Nama lengkap : SYAMSUL ARIFIN Bin MUSTAIN;,Syamsul Arifin Bin Mustain ditangkap berdasarkan surat,menghadap sendiri;,,,,”mengambil,selama 3 (tiga) Tahun 7 (tujuh) bulan,23 November 2025,"oleh Ira Wati, S.H.,
MK","PN Sby
Halaman 31
Wulandari","dan diucapkan dalam sidang
terbuka untuk umum pada hari Se","Wulandari.,SH","Hakim Ketua
dengan didampingi"
T-17_Pdt.Sus-Pailit-GLL_2025_PN.Niaga Sby.txt,,"11/Pdt.Sus-Pailit/2024/PN Niaga Sby
DEMI KEADILAN BERDASARKAN KETUHANAN YANG MAHA ESA",,,,,,,,,25 Juni 2025,"vember 2025, oleh kami, Silfi Yanti Zulfia","Silfi Yanti Zulfia, S.H.,M.H., se","Putusan tersebut pada hari
Se","dengan dibantu oleh Romauli Ritonga, S.H.,
M.H",
T-186_Pdt.G_2026_PN Sby.txt,Pdt.G,"186/Pdt.G/2026/PN.SBY
DEMI KEADILAN BERDASARKAN KETUHANAN YANG MAHA ESA
Pengadilan Negeri Surabaya yang memeriksa dan mengadili perkara",,,,,,,,,14 Januari 2026,"oleh
kami MUHAMM","oleh
kami MUHAMMAD ZULQARNAIN, SH","oleh
Ketua Majelis terse","oleh
kami MUHAMMAD ZULQARNAIN, SH",
T-1872_Pid.B_2017_PN SBY.txt,Pid.B,1872/Pid.B/2017/PN.Sby,1. Nama Lengkap : RIZKY SYAIFUL ANWAR ALS KYKY BIN SYAIFUL,RIANTO BIN SUGIT ;,ditahan/ditangkap sejak tanggal 22 April 2017;,,,,,,22 April 2017,UROSIDIN,"UROSIDIN, SH., MH","Majelis, putusan mana diucapkan dalam sidang yang terbuka untuk
umum pada hari itu juga oleh","UROSIDIN, SH., MH","didampingi oleh
Anggota tersebut diatas dengan dibantu oleh YANID INDRA HARJONO,SH., MH"
T-191_Pid.B_2018_PN SBY.txt,Pid.B,191/Pid.B/2018/PN.Sby,Nama lengkap : NOOR ZAYYAD Bin H. ABDUL HAMID ;,di tahan oleh,menghadap dalam persidangan tanpa didampingi bersama,,,,,,05 Desember 2017,"Demikianlah diputus dalam Sidang Permusyawaratan Majelis
Pengadilan Negeri Surabaya, pada hari Rabu, tanggal 28 Pebruari 2018 oleh kami
HARIJANTO","oleh kami
HARIJANTO, SH",,"oleh kami
HARIJANTO, SH","kami
HARIJANTO, SH"
T-1948_Pid.B_2017_PN SBY.txt,Pid.B,1948/Pid.B/2017/PN Sby,Nama Lengkap : PURWADI Bin WIDYO SUTARJO,ditahan dalam Rumah Tahanan Negara oleh,dipersidangan,,,selama 5 (lima) tahun dikurangi selama Terdakwa,,selama 5 (lima) tahun dikurangi selama Terdakwa,28 April 2017,"oleh
RIFANDARU E. SE","oleh
RIFANDARU E. SETIAWAN, SH",,ERVIN A. WULAN,"karena itu Majelis
diajukan oleh"
T-2209_Pid.B_2025_PN Sby.txt,Pid.B,"2209/Pid.B/2025/PN Sby
DEMI KEADILAN BERDASARKAN KETUHANAN YANG MAHA ESA
Pengadilan Negeri Surabaya yang mengadili perkara pidana dengan
acara pemeriksaan biasa dalam tingkat pertama menjatuhkan putusan sebagai
berikut dalam perkara Terdakwa",1. Nama lengkap : NOVAL BAYU SAPUTRA Bin MOCH. MUCHAYIN;,Noval Bayu Saputra Bin Moch. Muchayin berada dalam tahanan,menghadap sendiri;,,,,“pencurian” sebagaimana diatur dan diancam pidana,selama 4 (empat) tahun 6,13 Juli 2025,pada hari Se,pada hari Se,"yang diucapkan dalam sidang terbuka untuk umum
pada hari dan tanggal terse",pada hari Se,"Aloysius Priharnoto Bayuaji, S.H., M.H., se"
T-221_Pid.Sus_2018_PN SBY.txt,Pid.Sus,221/Pid.Sus/2018/PN.Sby,Nama : Bhimo Soenaryo Putro Bin Hendro Tjahyono ;,dalam perkara ini ditahan dengan jenis Tahanan Negara sebagai berikut,;,,Pasal 127 ayat (1) a UU RI No,selama 1 (satu) tahun,,selama 1 (satu) tahun,07 Desember 2017,"Selasa , tanggal 6 Maret 2018 oleh Pujo Saksono","oleh Pujo Saksono, SH., MH","dan pada hari itu juga putusan tersebut diucapkan dalam sidang yang terbuka untuk umum
oleh","oleh Pujo Saksono, SH., MH","Pujo Saksono, SH., MH"
T-222_Pid.Sus_2025_PN Sby.txt,Pid.Sus,222/Pid.Sus/2025/PN Sby,Nama lengkap : MOCH ROCHMAN bin MOCH YUNUS ;,ditangkap pada tanggal 3 Oktober 2024;,dalam perkara ini ditahan dengan jenis tahanan RUTAN,"”Tanpa hak atau melawan hukum menawarkan, menjual, membeli,",Pasal 114 Ayat (1) UU No,selama 9 (Sembilan) Tahun 3,"”Tanpa hak atau melawan hukum menawarkan, menjual, membeli,",selama 9 (Sembilan) Tahun 3,3 Oktober 2024,"Demikianlah diputuskan dalam sidang permusyawaratan Majelis
oleh JAHORAS SIRINGORINGO","oleh JAHORAS SIRINGORINGO, S.H., M.H., se","yang diucapkan dalam sidang terbuka untuk umum
pada hari Se","oleh JAHORAS SIRINGORINGO, S.H., M.H., se","JAHORAS SIRINGORINGO, S.H., M.H., se"
T-227_Pdt.G_2026_PN Sby.txt,Pdt.G,"227/Pdt.G/2026/PN Sby
DEMI KEADILAN BERDASARKAN KETUHANAN YANG MAHA ESA
Pengadilan Negeri Surabaya yang mengadili perkara perdata",,,,,,,,,31 Maret 2026,pada hari Se,pada hari Se,putusan terse,pada hari Se,
T-2289_Pid.Sus_2017_PN SBY.txt,Pid.Sus,"2289/Pid.Sus/2017/PN SBY
DEMI KEADILAN BERDASARKAN KETUHANAN YANG MAHA ESA
Pengadilan Negeri Surabaya yang mengadili perkara pidana dengan
acara pemeriksaan biasa dalam tingkat pertama menjatuhkan putusan sebagai
berikut dalam perkara Terdakwa",1. Nama lengkap : Sutrisno Bin Danawi Alias Bagong,Sutrisno Bin Danawi Alias Bagong ditahan dalam tahanan rutan oleh,"didampingi Penasihat Hukumnya M Zainal Arifin, SH.,MH",,,,,selama 9 (Sembilan) Tahun,28 April 2017,"Demikianlah diputuskan dalam sidang permusyawaratan Majelis
Pengadilan Negeri Surabaya, pada hari Kamis, 5 Oktober 2017, oleh kami, FX
Hanung Dwi Wibowo","urosidin, SH.,MH","yang diucapkan dalam
sidang terbuka untuk umum pada itu juga oleh","urosidin, SH.,MH",Hakim Ketua terse
T-2296_Pdt.P_2026_PN Sby.txt,Pdt.P,"2296/Pdt.P/2026/PN Sby
DEMI KEADILAN BERDASARKAN KETUHANAN YANG MAHA ESA",,,,,,,,,"28 Juli
2026",,,,"penetapan tersebut telah diucapkan dalam persidangan
terbuka untuk umum oleh",
T-22_Pid.B_2018_PN SBY.txt,Pid.B,22/Pid.B/2018/PN.Sby,Nama Lengkap : SURIADI ;,ditahan dengan surat perintah / penetapan penahanan,serta,,,,sebagaimana diatur dan diancam pidana dalam Pasal 378,selama 3 (tiga) tahun 6 (enam) bulan dikurangi dengan,27 Oktober 2017,"Demikianlah diputuskan dalam rapat permusyawaratan Majelis
Negeri Surabaya pada hari Rabu tanggal 28 Februari 2018, oleh kami Maxi Sigarlaki","oleh kami Maxi Sigarlaki,
SH",putusan terse,"oleh kami Maxi Sigarlaki,
SH","kami Maxi Sigarlaki,
SH"
T-2302_Pid.Sus_2017_PN SBY.txt,Pid.Sus,2302/Pid.Sus/2017/PN Sby,Nama Lengkap : Moch. Yusuf Susiyanto Bin Soekri Marsaid,ditahan dalam Rumah Tahanan Negara oleh,dipersidangan,,Pasal 112 ayat (1) Undang-Undang Republik Indonesia Nomor 35 Tahun 2009 tentang,selama 5 (lima) tahun pidana dan denda sebesar Rp,"sebagaimana yang didakwakan kepadanya, yaitu terdakwa melanggar",selama 5 (lima) tahun pidana dan denda sebesar Rp,04 Juni 2017,"oleh
RIFANDARU E. SE","oleh
RIFANDARU E. SETIAWAN, SH","SAMSU J. EFENDI
BANU",ERVIN A. WULAN,
T-2323_Pdt.P_2026_PN Sby.txt,Pdt.P,"2323/Pdt.P/2026/PN Sby
DEMI KEADILAN BERDASARKAN KETUHANAN YANG MAHA ESA
Pengadilan Negeri Surabaya yang memeriksa dan memutus perkara
perdata permohonan pada tingkat pertama",,,,,,,,,"03
Agustus 2026",,,,"penetapan tersebut pada
hari dan tanggal itu juga diucapkan dalam persidangan terbuka untuk umum
oleh",
T-2340_Pdt.P_2026_PN Sby.txt,Pdt.P,"2340/Pdt.P/2026/PN Sby
DEMI KEADILAN BERDASARKAN KETUHANAN YANG MAHA ESA
Pengadilan Negeri Surabaya Kelas IA Khusus yang memeriksa dan
memutus perkara perdata pada tingkat pertama telah memberikan penetapan
sebagai berikut terhadap permohonan yang diajukan oleh",,,,,,,,,03 Agustus 2026,,,,"oleh S. Pujiono, S.H., M.H",
T-2364_Pdt.P_2026_PN Sby.txt,Pdt.P,"2364/Pdt.P/2026/PN Sby
DEMI KEADILAN BERDASARKAN KETUHANAN YANG MAHA ESA
Pengadilan Negeri Surabaya yang mengadili perkara perdata
permohonan pada tingkat pertama telah memberikan penetapan sebagai
berikut dalam perkara permohonan yang diajukan oleh",,,,,,,,,21 Juli 2026,,,,"oleh Dr. Nur Kholis, S.H., M.H",
T-2389_Pdt.P_2026_PN Sby.txt,Pdt.P,"2389/Pdt.P/2026/PN Sby
DEMI KEADILAN BERDASARKAN KETUHANAN YANG MAHA ESA",,,,,,,,,"04
Agustus 2026",,,,"penetapan tersebut telah diucapkan dalam persidangan terbuka
untuk umum oleh",
T-2394_Pdt.P_2026_PN Sby.txt,Pdt.P,"2394/Pdt.P/2026/PN Sby
DEMI KEADILAN BERDASARKAN KETUHANAN YANG MAHA ESA
Pengadilan Negeri Surabaya yang memeriksa dan memutus perkara",,,,,,,,,"06
Agustus 2026",,,,"penetapan tersebut telah diucapkan dalam persidangan terbuka
untuk umum oleh",
T-2403_Pdt.P_2026_PN Sby.txt,Pdt.P,"2403/Pdt.P/2026/PN Sby
DEMI KEADILAN BERDASARKAN KETUHANAN YANG MAHA ESA
Pengadilan Negeri Surabaya yang memeriksa dan memutus perkara
perdata pada tingkat pertama",,,,,,,,,"6
Agustus 2026",,,,dan penetapan tersebut pada hari dan tanggal terse,
T-2420_Pdt.P_2026_PN Sby.txt,Pdt.P,"2420/Pdt.P/2026/PN Sby
DEMI KEADILAN BERDASARKAN KETUHANAN YANG MAHA ESA
Hakim Pengadilan Negeri Sidoarjo",,,,,,,,,10 Agustus 2026,,,,"Menimbang, bahwa
Surabaya melalui",
T-2423_Pdt.P_2026_PN Sby.txt,Pdt.P,"2423/Pdt.P/2026/PN Sby
DEMI KEADILAN BERDASARKAN KETUHANAN YANG MAHA
ESA
Pengadilan Negeri Surabaya yang memeriksa dan memutus
perkara perdata Permohonan pada tingkat pertama",,,,,,,,,26 Juni 2026,,,,"Demikianlah ditetapkan dan diucapkan dalam sidang yang terbuka
untuk umum se",
T-2431_Pdt.P_2025_PN Sby.txt,Pdt.P,"2431/Pdt.P/2025/PN Sby
DEMI KEADILAN BERDASARKAN KETUHANAN YANG MAHA ESA
Pengadilan Negeri Surabaya yang mengadili perkara",,,,,,,,,13 Oktober 2025,,,,Demikianlah ditetapkan pada hari Se,
T-2437_Pdt.P_2026_PN Sby.txt,Pdt.P,"2437/Pdt.P/2026/PN.Sby
DEMI KEADILAN BERDASARKAN KETUHANAN YANG MAHA ESA
Pengadilan Negeri Surabaya yang memeriksa dan mengadili perkara",,,,,,,,,"10
Agustus 2026",,,,"penetapan tersebut pada hari dan tanggal itu juga
diucapkan dalam persidangan terbuka untuk umum oleh",
T-2441_Pdt.P_2025_PN Sby.txt,Pdt.P,"2441/Pdt.P/2025/PN Sby
DEMI KEADILAN BERDASARKAN KETUHANAN YANG MAHA ESA
Pengadilan Negeri Surabaya yang memeriksa dan mengadili perkara",,,,,,,,,"8
Oktober 2025",,,,"Penetapan mana
diucapkan dalam persidangan yang terbuka untuk umum pada hari itu juga oleh",
T-2448_Pdt.P_2026_PN Sby.txt,Pdt.P,2448/Pdt.P/2026/PN.Sby,,,,,,,,,03 Agustus 2026,,,,Demikian ditetapkan pada hari Se,
T-2455_Pdt.P_2026_PN Sby.txt,Pdt.P,"2455/Pdt.P/2026/PN Sby
DEMI KEADILAN BERDASARKAN KETUHANAN YANG MAHA ESA",,,,,,,,,"26
Desember 1958",,,,"Penetapan ini diucapkan dalam sidang yang terbuka umum pada hari
dan tanggal itu juga oleh",
T-2463_Pdt.P_2026_PN Sby.txt,Pdt.P,"2463/Pdt.P/2026/PN Sby
DEMI KEADILAN BERDASARKAN KETUHANAN YANG M AHA ESA
Pengadilan Negeri Surabaya yang mengadili Perkara Perdata Permohonan pada
tingkat pertama",,,,,,,,,12 Agustus 2026,,,,"oleh Sarlota Marselina Suek, S.H",
T-2464_Pdt.P_2026_PN Sby.txt,Pdt.P,"2464/Pdt.P/2026/PN Sby
DEMI KEADILAN BERDASARKAN KETUHANAN YANG MAHA ESA
Pengadilan Negeri Surabaya yang memeriksa dan memutus perkara
perdata pada tingkat pertama",,,,,,,,,"10
Agustus 2026",,,,"dan
penetapan tersebut pada hari dan tanggal tersebut diatas diucapkan dalam
persidangan terbuka untuk umum oleh",
T-2472_Pdt.P_2026_PN Sby.txt,Pdt.P,"2472/Pdt.P/2026/PN Sby
DEMI KEADILAN BERDASARKAN KETUHANAN YANG MAHA ESA
Pengadilan Negeri Surabaya yang memeriksa dan memutus perkara",,,,,,,,,"10
Agustus 2026",,,,"PN Sby
Halaman 9",
T-2475_Pdt.P_2026_PN Sby.txt,Pdt.P,"2475/Pdt.P/2026/PN Sby
DEMI KEADILAN BERDASARKAN KETUHANAN YANG MAHA ESA
Pengadilan Negeri Surabaya yang mengadili perkara perdata
Permohonan pada tingkat pertama telah memberikan penetapan sebagai
berikut dalam perkara Permohonan",,,,,,,,,03 Agustus 2026,,,,"oleh kami Teguh Santoso, S.H",
T-2484_Pdt.P_2026_PN Sby.txt,Pdt.P,"2484/Pdt.P/2026/PN Sby
DEMI KEADILAN BERDASARKAN KETUHANAN YANG MAHA ESA",,,,,,,,,27 Juli 2026,,,,"penetapan tersebut telah diucapkan dalam persidangan terbuka
untuk umum oleh",
T-2487_Pdt.P_2026_PN Sby.txt,Pdt.P,"2487/Pdt.P/2026/PN Sby
DEMI KEADILAN BERDASARKAN KETUHANAN YANG MAHA ESA
Pengadilan Negeri Surabaya yang memeriksa dan mengadili perkara
perdata permohonan telah memberikan penetapan sebagai berikut dalam perkara
permohonan atas nama",,,,,,,,,"25 Juli
2026",,,,"oleh kami Ida Ayu Widyarini, S.H., M.H",
T-2490_Pdt.P_2026_PN Sby.txt,Pdt.P,"2490/Pdt.P/2026/PN Sby
DEMI KEADILAN BERDASARKAN KETUHANAN YANG MAHA ESA
Pengadilan Negeri Surabaya yang memeriksa dan memutus perkara
perdata permohonan pada tingkat pertama",,,,,,,,,"28 Juli
2026",,,,,
T-2495_Pdt.P_2026_PN Sby.txt,Pdt.P,"2495/Pdt.P/2026/PN Sby
DEMI KEADILAN BERDASARKAN KETUHANAN YANG MAHA ESA
Pengadilan Negeri Surabaya yang memeriksa dan memutus
permohonan perkara perdata telah memberikan penetapan sebagaimana
tersebut di bawah ini dalam perkara permohonan atas nama",,,,,,,,,13 Agustus 2026,,,,"oleh kami Betsji Siske Manoe, S.H., M.H",
T-2500_Pdt.P_2026_PN Sby.txt,Pdt.P,"2500/Pdt.P/2026/PN Sby
DEMI KEADILAN BERDASARKAN KETUHANAN YANG MAHA ESA",,,,,,,,,7 Februari 1970,,,,"oleh
kami Dr. Nurkholis S.H.,M.H",
T-2504_Pdt.P_2026_PN Sby.txt,Pdt.P,"2504/Pdt.P/2026/PN Sby
DEMI KEADILAN BERDASARKAN KETUHANAN YANG MAHA ESA",,,,,,,,,14 Juni 1962,,,,"Penetapan ini diucapkan dalam sidang yang terbuka umum
pada hari dan tanggal itu juga oleh",
T-2505_Pdt.P_2026_PN Sby.txt,Pdt.P,2505/Pdt.P/2026/PN Sby,,,,,,,,,11 Juli 2026,,,,"PN Sby
Halaman 9
Mustafiddin",
T-2508_Pdt.P_2026_PN Sby.txt,PDT.P,2508/PDT.P/2026/PN.Sby,,,,,,,,,"18 Agustus
2026",,,,"oleh kami MUHAMMAD ZULQARNAIN, S.H., M.H",
T-2509_Pdt.P_2026_PN Sby.txt,Pdt.P,"2509/Pdt.P/2026/PN Sby
DEMI KEADILAN BERDASARKAN KETUHANAN YANG MAHA ESA
Pengadilan Negeri Surabaya yang memeriksa dan memutus perkara
perdata pada tingkat pertama",,,,,,,,,"13
Agustus 2026",,,,"dan
penetapan tersebut pada hari dan tanggal tersebut diatas diucapkan dalam
persidangan terbuka untuk umum oleh",
T-2518_Pdt.P_2026_PN Sby.txt,Pdt.P,"2518/Pdt.P/2026/PN. Sby
DEMI KEADILAN BERDASARKAN KETUHANAN YANG MAHA ESA
Pengadilan Negeri Surabaya yang memeriksa dan mengadili perkara",,,,,,,,,"05
Agustus 2026",,,,"ALEX ADAM FAISAL, S.H., M.H",
T-2522_Pdt.P_2025_PN Sby.txt,Pdt.P,"2522/Pdt.P/2025/PN Sby
DEMI KEADILAN BERDASARKAN KETUHANAN YANG MAHA ESA
Pengadilan Negeri Surabaya yang mengadili perkara",,,,,,,,,16 Oktober 2025,,,,Demikianlah ditetapkan pada hari Se,
T-2523_Pdt.P_2026_PN Sby.txt,Pdt.P,"2523/Pdt.P/2026/PN Sby
DEMI KEADILAN BERDASARKAN KETUHANAN YANG MAHA ESA
Pengadilan Negeri Surabaya yang memeriksa dan memutus perkara
perdata pada tingkat pertama",,,,,,,,,"18
Agustus 2026",,,,"penetapan tersebut telah diucapkan dalam persidangan terbuka
untuk umum oleh",
T-2524_Pdt.P_2026_PN Sby.txt,Pdt.P,"2524/Pdt.P/2026/PN Sby
DEMI KEADILAN BERDASARKAN KETUHANAN YANG MAHA ESA
Pengadilan Negeri Surabaya yang mengadili perkara perdata pada
tingkat pertama",,,,,,,,,13 Desember 1980,,,,"PN Sby
Halaman 8
oleh Leny Muji Astuti",
T-2525_Pdt.P_2026_PN Sby.txt,Pdt.P,"2525/Pdt.P/2026/PN Sby
DEMI KEADILAN BERDASARKAN KETUHANAN YANG MAHA ESA",,,,,,,,,"19
Agustus 2026",Putusan terse,,,Putusan terse,
T-2528_Pdt.P_2026_PN Sby.txt,,"2528Pdt.P/2026/PN. Sby
DEMI KEADILAN BERDASARKAN KETUHANAN YANG MAHA ESA",,,,,,,,,"12
Agustus 2026",,,,"Mochamad Arif Satiyo Widodo, S.H., M.H",
T-2534_Pdt.P_2026_PN Sby.txt,Pdt.P,"2534/Pdt.P/2026/PN Sby
DEMI KEADILAN BERDASARKAN KETUHANAN YANG MAHA ESA",,,,,,,,,"14
Agustus 2026",,,,aeni,
T-2535_Pdt.P_2026_PN Sby.txt,Pdt.P,"2535/Pdt.P/2026/PN Sby
DEMI KEADILAN BERDASARKAN KETUHANAN YANG MAHA ESA
Pengadilan Negeri Surabaya yang memeriksa dan memutus perkara
perdata pada tingkat pertama",,,,,,,,,"06 Juli
1973",,,,"Penetapan tersebut pada hari itu juga diucapkan
dalam persidangan terbuka untuk umum oleh",
T-253_Pdt.G_2026_PN Sby.txt,Pdt.G,"253/Pdt.G/2026/PN Sby
DEMI KEADILAN BERDASARKAN KETUHANAN YANG MAHA ESA",,,,,,,,,8 Januari 2026,pada hari Se,pada hari Se,"putusan tersebut telah diucapkan dalam persidangan terbuka untuk umum
se",pada hari Se,
T-2553_Pdt.P_2026_PN Sby.txt,Pdt.P,"2553/Pdt.P/2026/PN Sby
DEMI KEADILAN BERDASARKAN KETUHANAN YANG MAHA ESA",,,,,,,,,24 Juli 2026,,,,Demikianlah ditetapkan di Surabaya pada hari Se,
T-2554_Pdt.P_2026_PN Sby.txt,Pdt.P,"2554/Pdt.P/2026/PN Sby
DEMI KEADILAN BERDASARKAN KETUHANAN YANG MAHA ESA
Pengadilan Negeri Surabaya Kelas IA Khusus yang memeriksa dan
memutus perkara perdata pada tingkat pertama telah memberikan penetapan
sebagai berikut terhadap permohonan yang diajukan oleh",,,,,,,,,"19
Agustus 2026",,,,"oleh
kami S.Pujiono, S.H., M.H",
T-2557_Pdt.P_2026_PN Sby.txt,Pdt.P,"2557/Pdt.P/2026/PN Sby
DEMI KEADILAN BERDASARKAN KETUHANAN YANG MAHA ESA
Pengadilan Negeri Surabaya yang memeriksa dan mengadili perkara
perdata permohonan pada tingkat pertama telah menetapkan sebagai berikut
dalam perkara permohonan yang diajukan oleh",,,,,,,,,"24
Agustus 2026",,,,"penetapan tersebut diucapkan pada hari dan tanggal itu juga
dalam sidang yang terbuka untuk umum melalui E-Court oleh
terse",
T-2558_Pdt.P_2026_PN Sby.txt,Pdt.P,"2558/Pdt.P/2026/PN Sby
DEMI KEADILAN BERDASARKAN KETUHANAN YANG MAHA ESA
Pengadilan Negeri Surabaya yang memeriksa dan memutus perkara
perdata permohonan pada tingkat pertama",,,,,,,,,"20
Agustus 2026",,,,"penetapan tersebut pada hari dan tanggal itu juga
diucapkan dalam persidangan terbuka untuk umum oleh",
T-2559_Pdt.P_2026_PN Sby.txt,Pdt.P,"2559/Pdt.P/2026/PN Sby
DEMI KEADILAN BERDASARKAN KETUHANAN YANG MAHA ESA
Pengadilan Negeri Surabaya yang memeriksa dan memutus
permohonan perkara perdata telah memberikan penetapan sebagaimana
tersebut di bawah ini dalam perkara permohonan atas nama",,,,,,,,,20 Agustus 2026,,,,"oleh Kami Betsji Siske Manoe, S.H., M.H",
T-2567_Pdt.P_2026_PN Sby.txt,Pdt.P,"2567/Pdt.P/2026/PN Sby
DEMI KEADILAN BERDASARKAN KETUHANAN YANG MAHA ESA
Pengadilan Negeri Surabaya yang mengadili perkara",,,,,,,,,21 Agustus 2026,,,,"penetapan tersebut pada
hari dan tanggal itu juga diucapkan dalam persidangan terbuka untuk umum
oleh",
T-2569_Pdt.P_2026_PN Sby.txt,Pdt.P,"2569/Pdt.P/2026/PN Sby
DEMI KEADILAN BERDASARKAN KETUHANAN YANG MAHA ESA
Pengadilan Negeri Surabaya yang memeriksa dan memutus perkara
perdata permohonan pada tingkat pertama",,,,,,,,,21 Agustus 2026,,,,ditunjuk se,
T-2572_Pdt.P_2026_PN Sby.txt,Pdt.P,"2572/Pdt.P/2026/PN Sby
DEMI KEADILAN BERDASARKAN KETUHANAN YANG MAHA ESA
Pengadilan Negeri Surabaya Kelas IA Khusus yang memeriksa dan memutus
perkara permohonan pada tingkat pertama telah memberikan penetapan sebagai
berikut terhadap permohonan yang diajukan oleh",,,,,,,,,"21 Agustus
2026",,,,Demikianlah ditetapkan pada hari Se,
T-2573_Pdt.P_2026_PN Sby.txt,Pdt.P,"2573/Pdt.P/2026/PN Sby
DEMI KEADILAN BERDASARKAN KETUHANAN YANG MAHA ESA
Pengadilan Negeri Surabaya yang memeriksa dan memutus
permohonan perkara perdata permohonan telah memberikan penetapan
sebagaimana tersebut di bawah ini dalam perkara permohonan atas nama",,,,,,,,,21 Agustus 2026,,,,"oleh kami Ega Shaktiana, S.H., M.H",
T-2577_Pdt.P_2026_PN Sby.txt,Pdt.P,"2577/Pdt.P/2026/PN Sby
DEMI KEADILAN BERDASARKAN KETUHANAN YANG MAHA ESA
Pengadilan Negeri Surabaya Kelas IA Khusus yang memeriksa dan
memutus perkara perdata pada tingkat pertama telah memberikan
penetapan sebagai berikut terhadap permohonan yang diajukan oleh",,,,,,,,,7 Maret 1978,,,,"penetapan tersebut
pada hari dan tanggal itu juga diucapkan dalam persidangan terbuka untuk
umum oleh",
T-2578_Pdt.P_2026_PN Sby.txt,Pdt.P,"2578/Pdt.P/2026/PN Sby
DEMI KEADILAN BERDASARKAN KETUHANAN YANG MAHA ESA
Pengadilan Negeri Surabaya yang memeriksa dan memutus perkara
perdata permohonan pada tingkat pertama",,,,,,,,,"20
Agustus 2026",,,,umum oleh,
T-2581_Pdt.P_2026_PN Sby.txt,Pdt.P,"2581/Pdt.P/2026/PN Sby
DEMI KEADILAN BERDASARKAN KETUHANAN YANG MAHA ESA
Pengadilan Negeri Surabaya yang memeriksa dan memutus perkara
perdata permohonan pada tingkat pertama",,,,,,,,,"19 Agustus
2026",,,,,
T-2582_Pdt.P_2026_PN Sby.txt,Pdt.P,"2582/Pdt.P/2026/PN.Sby
DEMI KEADILAN BERDASARKAN KETUHANAN YANG MAHA ESA
Pengadilan Negeri Surabaya yang memeriksa dan mengadili perkara
perdata Permohonan dalam tingkat pertama telah memberikan Penetapan atas
permohonan dari",,,,,,,,,24 Agustus 2026,,,,"oleh kami Betsji Siske Manoe, S.H., M.H",
T-2587_Pdt.P_2026_PN Sby.txt,Pdt.P,"2587/Pdt.P/2026/PN Sby
DEMI KEADILAN BERDASARKAN KETUHANAN YANG MAHA ESA
Pengadilan Negeri Surabaya yang memeriksa dan mengadili perkara
Perdata Permohonan pada Peradilan Tingkat Pertama telah memberikan
Penetapan sebagaimana tersebut dibawah ini",,,,,,,,,14 Agustus 2026,,,,"oleh Ratna Dianing Wulansari, S.H., M.H",
T-2588_Pdt.P_2026_PN Sby.txt,Pdt.P,"2588/Pdt.P/2026/PN Sby
DEMI KEADILAN BERDASARKAN KETUHANAN YANG MAHA ESA
Pengadilan Negeri Surabaya Kelas IA Khusus yang memeriksa dan memutus
perkara permohonan pada tingkat pertama telah memberikan penetapan sebagai
berikut terhadap permohonan yang diajukan oleh",,,,,,,,,"20 Agustus
2026",,,,"Penetapan tersebut diucapkan dalam persidangan yang terbuka untuk umum
pada hari dan tanggal itu juga oleh
Muhammm",
T-2589_Pdt.P_2026_PN Sby.txt,Pdt.P,2589/Pdt.P/2026/PN.Sby,,,,,,,,,"26
Agustus 2026",,,,untuk memeriksa dan menetapkan permohonan Pemohon terse,
T-2594_Pdt.P_2026_PN Sby.txt,Pdt.P,"2594/Pdt.P/2026/PN Sby
DEMI KEADILAN BERDASARKAN KETUHANAN YANG MAHA ESA
Pengadilan Negeri Surabaya Kelas IA Khusus yang memeriksa dan
memutus perkara perdata pada tingkat pertama telah memberikan penetapan
sebagai berikut terhadap permohonan yang diajukan oleh",,,,,,,,,"13 November
1997",,,,Demikian ditetapkan pada hari Se,
T-2596_Pdt.P_2026_PN Sby.txt,Pdt.P,"2596/Pdt.P/2026/PN Sby
DEMI KEADILAN BERDASARKAN KETUHANAN YANG MAHA ESA
Pengadilan Negeri Surabaya Kelas IA Khusus yang memeriksa dan
memutus perkara permohonan pada tingkat pertama telah memberikan
penetapan sebagai berikut terhadap permohonan yang diajukan oleh",,,,,,,,,"20
Agustus 2026",,,,Demikianlah ditetapkan pada hari Se,
T-2600_Pdt.P_2026_PN Sby.txt,Pdt.P,"2600/Pdt.P/2026/PN Sby
DEMI KEADILAN BERDASARKAN KETUHANAN YANG MAHA ESA",,,,,,,,,19 Agustus 2026,,,,Demikianlah ditetapkan pada hari Se,
T-2604_Pdt.P_2026_PN Sby.txt,Pdt.P,"2604/Pdt.P/2026/PN Sby
DEMI KEADILAN BERDASARKAN KETUHANAN YANG MAHA ESA
Pengadilan Negeri Surabaya yang memeriksa dan memutus perkara
perdata permohonan pada tingkat pertama",,,,,,,,,15 Agustus 2024,,,,ditunjuk se,
T-2607_Pdt.P_2026_PN Sby.txt,Pdt.P,"2607/Pdt.P/2026/PN Sby
DEMI KEADILAN BERDASARKAN KETUHANAN YANG MAHA ESA
Pengadilan Negeri Surabaya Kelas IA Khusus yang memeriksa dan
memutus perkara perdata pada tingkat pertama telah memberikan penetapan
sebagai berikut terhadap permohonan yang diajukan oleh",,,,,,,,,15 Agustus 2024,,,,"oleh
kami Ferdinand Marcus Leander S.H.,M.H",
T-2608_Pdt.P_2026_PN Sby.txt,Pdt.P,"2608/Pdt.P/2026/PN Sby
DEMI KEADILAN BERDASARKAN KETUHANAN YANG MAHA ESA
Pengadilan Negeri Surabaya yang mengadili perkara perdata
permohonan pada tingkat pertama telah memberikan penetapan sebagai
berikut dalam perkara permohonan yang diajukan oleh",,,,,,,,,15 Juli 2026,,,,"oleh Djulita Tandi Massora, S.H., M.H",
T-2609_Pdt.P_2026_PN Sby.txt,Pdt.P,"2609/Pdt.P/2026/PN Sby
DEMI KEADILAN BERDASARKAN KETUHANAN YANG MAHA ESA
Pengadilan Negeri Surabaya yang memeriksa dan memutus
permohonan perkara perdata permohonan telah memberikan penetapan
sebagaimana tersebut di bawah ini dalam perkara permohonan atas nama",,,,,,,,,18 Agustus 2026,,,,"oleh kami Ega Shaktiana, S.H., M.H",
T-2610_Pdt.P_2026_PN Sby.txt,Pdt.P,"2610/Pdt.P/2026/PN Sby
DEMI KEADILAN BERDASARKAN KETUHANAN YANG MAHA ESA",,,,,,,,,26 Agustus 2026,,,,pada hari Se,
T-2615_Pdt.P_2026_PN Sby.txt,Pdt.P,"2615/Pdt.P/2026/PN.Sby
DEMI KEADILAN BERDASARKAN KETUHANAN YANG MAHA ESA
Pengadilan Negeri Surabaya yang memeriksa dan memutus perkara
perdata permohonan pada tingkat pertama",,,,,,,,,01 September 1972,,,,ditunjuk se,
T-2616_Pdt.P_2026_PN Sby.txt,Pdt.P,"2616/Pdt.P/2026/PN Sby
DEMI KEADILAN BERDASARKAN KETUHANAN YANG MAHA ESA
Pengadilan Negeri Surabaya yang memeriksa perkara perdata pada
tingkat pertama",,,,,,,,,"26
Agustus 2026",,,,"penetapan tersebut diucapkan dipersidangan yang terbuka
untuk umum oleh",
T-2618_Pdt.P_2026_PN Sby.txt,Pdt.P,"2618/Pdt.P/2026/PN Sby
DEMI KEADILAN BERDASARKAN KETUHANAN YANG MAHA ESA
Pengadilan Negeri Surabaya yang memeriksa dan mengadili perkara
Perdata Permohonan pada Peradilan Tingkat Pertama telah memberikan
Penetapan sebagaimana tersebut dibawah ini",,,,,,,,,26 Agustus 2026,,,,Demikianlah ditetapkan pada hari Se,
T-2619_Pdt.P_2026_PN Sby.txt,Pdt.P,"2619/Pdt.P/2026/PN Sby
DEMI KEADILAN BERDASARKAN KETUHANAN YANG MAHA ESA
Pengadilan Negeri Surabaya Kelas IA Khusus yang memeriksa dan memutus
perkara permohonan pada tingkat pertama telah memberikan penetapan sebagai
berikut terhadap permohonan yang diajukan oleh",,,,,,,,,"21 Agustus
2026",,,,"oleh
kami Djulita Tandi Massora S.H.,M.H",
T-2620_Pdt.P_2026_PN Sby.txt,Pdt.P,"2620/Pdt.P/2026/PN Sby
DEMI KEADILAN BERDASARKAN KETUHANAN YANG M AHA ESA
Pengadilan Negeri Surabaya yang mengadili Perkara Perdata Permohonan pada
tingkat pertama",,,,,,,,,"24
Agustus 2026",,,,terse,
T-2624_Pdt.P_2026_PN Sby.txt,Pdt.P,"2624/Pdt.P/2026/PN Sby
DEMI KEADILAN BERDASARKAN KETUHANAN YANG MAHA ESA",,,,,,,,,"27
Agustus 2026",,,,Demikian ditetapkan pada hari Se,
T-2626_Pdt.P_2026_PN Sby.txt,Pdt.P,"2626/Pdt.P/2026/PN Sby
DEMI KEADILAN BERDASARKAN KETUHANAN YANG MAHA ESA",,,,,,,,,"26
Agustus 2026",,,,Demikian ditetapkan pada hari Se,
T-2629_Pdt.P_2026_PN Sby.txt,Pdt.P,"2629/Pdt.P/2026/PN Sby
DEMI KEADILAN BERDASARKAN KETUHANAN YANG MAHA ESA",,,,,,,,,"27
Agustus 2026",,,,"PN Sby
Halaman 9",
T-2631_Pdt.P_2026_PN Sby.txt,Pdt.P,"2631/Pdt.P/2026/PN Sby
DEMI KEADILAN BERDASARKAN KETUHANAN YANG MAHA ESA
Pengadilan Negeri Surabaya yang memeriksa dan memutus
permohonan perkara perdata permohonan telah memberikan penetapan
sebagaimana tersebut di bawah ini dalam perkara permohonan atas nama",,,,,,,,,27 Agustus 2026,,,,"oleh kami Ega Shaktiana, S.H., M.H",
T-2632_Pdt.P_2026_PN Sby.txt,Pdt.P,"2632/Pdt.P/2026/PN Sby
DEMI KEADILAN BERDASARKAN KETUHANAN YANG MAHA ESA
Pengadilan Negeri Surabaya yang memeriksa dan mengadili perkara
perdata permohonan telah memberikan penetapan sebagai berikut dalam perkara
permohonan atas nama",,,,,,,,,27 Agustus 2026,,,,Demikian ditetapkan di Pengadilan Negeri Surabaya pada hari Se,
T-2636_Pdt.P_2026_PN Sby.txt,Pdt.P,"2636/Pdt.P/2026/PN Sby
DEMI KEADILAN BERDASARKAN KETUHANAN YANG MAHA ESA",,,,,,,,,"27
Agustus 2026",,,,ditunjuk se,
T-263_Pdt.G_2026_PN Sby.txt,Pdt.G,"263/Pdt.G/2026/PN Sby
DEMI KEADILAN BERDASARKAN KETUHANAN YANG MAHA ESA
Pengadilan Negeri Surabaya kelas I A Khusus yang memeriksa dan
memutus Perkara Perdata pada tingkat pertama",,,,,,,,,10 Februari 2026,"oleh
kami, Dr","oleh
kami, Dr","aeni, S.H",aeni,
T-2645_Pdt.P_2026_PN Sby.txt,Pdt.P,"2645/Pdt.P/2026/PN Sby
DEMI KEADILAN BERDASARKAN KETUHANAN YANG MAHA ESA
Pengadilan Negeri Surabaya yang memeriksa dan mengadili
perkara perdata permohonan telah memberikan penetapan sebagai berikut
sehubungan dengan permohonan yang diajukan oleh",,,,,,,,,27 Agustus 2026,,,,"oleh kami Ega Shaktiana, S.H, M.H",
T-2650_Pdt.P_2026_PN Sby.txt,Pdt.P,"2650/Pdt.P/2026/PN.Sby
DEMI KEADILAN BERDASARKAN KETUHANAN YANG MAHA ESA
Pengadilan Negeri Surabaya yang memeriksa dan mengadili perkara",,,,,,,,,"31
Agustus 2026",,,,"penetapan tersebut pada hari dan tanggal itu juga
diucapkan dalam persidangan terbuka untuk umum oleh",
T-2651_Pdt.P_2026_PN Sby.txt,Pdt.P,"2651/Pdt.P/2026/PN Sby
DEMI KEADILAN BERDASARKAN KETUHANAN YANG MAHA ESA
Pengadilan Negeri Surabaya yang memeriksa dan memutus perkara
perdata permohonan pada tingkat pertama",,,,,,,,,31 Agustus 2026,,,,ditunjuk se,
T-2653_Pdt.P_2026_PN Sby.txt,Pdt.P,"2653/Pdt.P/2026/PN Sby
DEMI KEADILAN BERDASARKAN KETUHANAN YANG MAHA ESA
Pengadilan Negeri Surabaya yang memeriksa dan memutus perkara
perdata pada tingkat pertama",,,,,,,,,"31
Agustus 2026",,,,"dan Penetapan tersebut pada hari dan tanggal tersebut diatas diucapkan dalam
persidangan terbuka untuk umum oleh",
T-2654_Pdt.P_2026_PN Sby.txt,Pdt.P,"2654/Pdt.P/2026/PN Sby
DEMI KEADILAN BERDASARKAN KETUHANAN YANG MAHA ESA",,,,,,,,,09 Agustus 1983,,,,"Ferdinand Marcus Leander, S.H., M.H",
T-2661_Pdt.P_2026_PN Sby.txt,Pdt.P,"2661/Pdt.P/2026/PN Sby
DEMI KEADILAN BERDASARKAN KETUHANAN YANG MAHA ESA
Pengadilan Negeri Surabaya Kelas IA Khusus yang memeriksa dan
memutus perkara perdata pada tingkat pertama telah memberikan penetapan
sebagai berikut terhadap permohonan yang diajukan oleh",,,,,,,,,31 Agustus 2026,,,,aeni,
T-2667_Pdt.P_2026_PN Sby.txt,Pdt.P,"2667/Pdt.P/2026/PN Sby
DEMI KEADILAN BERDASARKAN KETUHANAN YANG MAHA ESA
Pengadilan Negeri Surabaya Kelas IA Khusus yang memeriksa dan
memutus perkara perdata pada tingkat pertama telah memberikan
penetapan sebagai berikut terhadap permohonan yang diajukan oleh",,,,,,,,,02 September 2026,,,,"penetapan tersebut
pada hari dan tanggal itu juga diucapkan dalam persidangan terbuka untuk
umum oleh",
T-2668_Pdt.P_2026_PN Sby.txt,Pdt.P,"2668/Pdt.P/2026/PN Sby
DEMI KEADILAN BERDASARKAN KETUHANAN YANG MAHA ESA
Pengadilan Negeri Surabaya yang memeriksa dan memutus perkara
perdata permohonan pada tingkat pertama",,,,,,,,,31 Agustus 2026,,,,ditunjuk se,
T-2671_Pdt.P_2026_PN Sby.txt,Pdt.P,"2671/Pdt.P/2026/PN Sby
DEMI KEADILAN BERDASARKAN KETUHANAN YANG MAHA ESA
Pengadilan Negeri Surabaya Kelas IA Khusus yang memeriksa dan
memutus perkara perdata pada tingkat pertama telah memberikan
penetapan sebagai berikut terhadap permohonan yang diajukan oleh",,,,,,,,,"19 November
1990",,,,Demikian ditetapkan pada hari Se,
T-2672_Pdt.P_2026_PN Sby.txt,Pdt.P,2672/Pdt.P/2026/PN Sby,,,,,,,,,31 Agustus 2026,,,,"PN Sby
Halaman 16
Eka Purnamasari",
T-2674_Pdt.P_2026_PN Sby.txt,Pdt.P,"2674/Pdt.P/2026/PN. Sby
DEMI KEADILAN BERDASARKAN KETUHANAN YANG MAHA ESA
Pengadilan Negeri Surabaya yang memeriksa dan mengadili perkara",,,,,,,,,02 September 2026,,,,penetapan terse,
T-2675_Pdt.P_2026_PN Sby.txt,Pdt.P,"2675/Pdt.P/2026/PN Sby
DEMI KEADILAN BERDASARKAN KETUHANAN YANG MAHA ESA
Pengadilan Negeri Surabaya yang memeriksa dan memutus
permohonan perkara perdata permohonan telah memberikan penetapan
sebagaimana tersebut di bawah ini dalam perkara permohonan atas nama",,,,,,,,,2 September 2026,,,,"oleh kami Ega Shaktiana, S.H., M.H",
T-2695_Pdt.P_2026_PN Sby.txt,Pdt.P,"2695/Pdt.P/2026/PN Sby
DEMI KEADILAN BERDASARKAN KETUHANAN YANG MAHA ESA
Pengadilan Negeri Surabaya Kelas IA Khusus yang memeriksa dan memutus
perkara perdata permohonan pada tingkat pertama telah memberikan penetapan
sebagai berikut dalam perkara permohonan yang diajukan oleh",,,,,,,,,27 Agustus 2026,,,,"Ferdinand Marcus Leander, S.H., M.H",
T-2696_Pdt.P_2026_PN Sby.txt,Pdt.P,"2696/Pdt.P/2026/PN Sby
DEMI KEADILAN BERDASARKAN KETUHANAN YANG MAHA ESA
Pengadilan Negeri Surabaya Kelas IA Khusus yang memeriksa dan memutus
perkara perdata permohonan pada tingkat pertama telah memberikan penetapan
sebagai berikut dalam perkara permohonan yang diajukan oleh",,,,,,,,,29 Juli 2026,,,,"Ferdinand Marcus Leander, S.H., M.H",
T-2697_Pdt.P_2026_PN Sby.txt,Pdt.P,"2697/Pdt.P/2026/PN Sby
DEMI KEADILAN BERDASARKAN KETUHANAN YANG MAHA ESA
Pengadilan Negeri Surabaya Kelas IA Khusus yang memeriksa dan memutus
perkara perdata permohonan pada tingkat pertama telah memberikan penetapan
sebagai berikut dalam perkara permohonan yang diajukan oleh",,,,,,,,,10 Mei 2026,,,,"Ferdinand Marcus Leander, S.H., M.H",
T-2699_Pdt.P_2026_PN Sby.txt,Pdt.P,"2699/Pdt.P/2026/PN Sby
DEMI KEADILAN BERDASARKAN KETUHANAN YANG MAHA ESA
Pengadilan Negeri Surabaya Kelas IA Khusus yang memeriksa dan memutus
perkara perdata permohonan pada tingkat pertama telah memberikan penetapan
sebagai berikut dalam perkara permohonan yang diajukan oleh",,,,,,,,,11 September 2026,,,,"Ferdinand Marcus Leander, S.H., M.H",
T-26_Pid.Sus_2018_PN SBY.txt,Pid.Sus,26/Pid.Sus/2018/PN.SBY,Nama Lengkap : PAIMAH ALIMAWATI binti ANWAR ;,dipersidangan yang menyatakan pada,menyatakan tidak didampingi oleh,,,selama 7(tujuh) tahun,,selama 7(tujuh) tahun,08 Oktober 2017,"Demikianlah diputuskan dalam rapat permusyawaratan Majelis
2018, oleh kami Dewi Iswani","oleh kami Dewi Iswani, SH",putusan terse,"oleh kami Dewi Iswani, SH","kami Dewi Iswani, SH"
T-2700_Pdt.P_2026_PN Sby.txt,Pdt.P,"2700/Pdt.P/2026/PN Sby
DEMI KEADILAN BERDASARKAN KETUHANAN YANG MAHA ESA
Pengadilan Negeri Surabaya Kelas IA Khusus yang memeriksa dan memutus
perkara perdata permohonan pada tingkat pertama telah memberikan penetapan
sebagai berikut dalam perkara permohonan yang diajukan oleh",,,,,,,,,11 September 2026,,,,"Ferdinand Marcus Leander, S.H., M.H",
T-2702_Pdt.P_2026_PN Sby.txt,Pdt.P,"2702/Pdt.P/2026/PN Sby
DEMI KEADILAN BERDASARKAN KETUHANAN YANG MAHA ESA
Pengadilan Negeri Surabaya Kelas IA Khusus yang memeriksa dan memutus
perkara perdata permohonan pada tingkat pertama telah memberikan penetapan
sebagai berikut dalam perkara permohonan yang diajukan oleh",,,,,,,,,11 September 2026,,,,"Ferdinand Marcus Leander, S.H., M.H",
T-2711_Pdt.P_2026_PN Sby.txt,Pdt.P,"2711/Pdt.P/2026/PN Sby
DEMI KEADILAN BERDASARKAN KETUHANAN YANG MAHA ESA",,,,,,,,,14 Desember 1963,,,,"oleh
kami Ernawati Anwar S.H.,M.H",
T-2724_Pdt.P_2026_PN Sby.txt,Pdt.P,"2724/Pdt.P/2026/PN Sby
DEMI KEADILAN BERDASARKAN KETUHANAN YANG MAHA ESA",,,,,,,,,8 September 2026,,,,"oleh kami Ernawati Anwar S.H.,M.H",
T-2738_Pdt.P_2026_PN Sby.txt,Pdt.P,"2738/Pdt.P/2026/PN Sby
DEMI KEADILAN BERDASARKAN KETUHANAN YANG MAHA ESA",,,,,,,,,"4
September 2026",,,,Aeni,
T-2753_Pdt.P_2026_PN Sby.txt,Pdt.P,"2753/Pdt.P/2026/PN Sby
DEMI KEADILAN BERDASARKAN KETUHANAN YANG MAHA ESA",,,,,,,,,"7
September 2026",,,,dan tanggal itu juga oleh,
T-2779_Pid.B_2017_PN SBY.txt,Pid.B,2779/Pid.B/2017/PN.Sby,Nama Lengkap : AMIR FATA BIN MATHURI ;,ditahan/ditangkap sejak tanggal 08 Maret 2017;,dalam perkara ini tidak didampingi oleh Penasehat,,,selama 10 (sepuluh) tahun dikurangi seiama terdakwa berada,,selama 10 (sepuluh) tahun dikurangi seiama terdakwa berada,08 Maret 2017,"Demikian diputuskan dalam rapat musyawarah Majelis
Negeri Surabaya pada hari KAMIS tanggal 30 NOPEMBER 2017 oleh kami FX
HANUNG DWI WIBOWO","oleh kami FX
HANUNG DWI WIBOWO, SH., MH","Majelis, putusan mana diucapkan dalam sidang yang terbuka untuk umum pada
hari itu juga oleh","oleh kami FX
HANUNG DWI WIBOWO, SH., MH","kami FX
HANUNG DWI WIBOWO, SH., MH"
T-2782_Pid.Sus_2017_PN SBY.txt,Pid.Sus,"2782/Pid.Sus/2017/PN SBY
DEMI KEADILAN BERDASARKAN KETUHANAN YANG MAHA ESA
Pengadilan Negeri Surabaya yang mengadili perkara pidana dengan
acara pemeriksaan biasa dalam tingkat pertama menjatuhkan putusan sebagai
berikut dalam perkara Terdakwa",1. Nama lengkap : Mohamad Ali Bin Taip Alm,Mohamad Ali Bin Taip Alm ditahan dalam tahanan rutan oleh,"didampingi Penasihat Hukum M Zainal Arifin, SH.,MH. ;",,,,,,10 Juni 2017,pada hari Se,pada hari Se,Dese,pada hari Se,"FX Hanung Dwi Wibowo, SH.,MH"
T-2857_Pid.B_2017_PN SBY.txt,Pid.B,2857/Pid.B/2017/PN.Sby,Nama lengkap : SAIFUL ARIFIN alias SIPUL Bin H. BURI ;,ditahan dalam Rumah Tahanan Negara oleh,secara tegas menyatakan bahwa ia menghadap sendiri,,,,“Pencurian dengan,,27 Juli 2017,ARI JIWANTARA,"ARI JIWANTARA, SH., MH","putusan mana diucapkan dalam sidang
yang terbuka untuk umum pada hari itu juga oleh
terse",H. SUTRISNO,
T-2864_Pid.B_2017_PN SBY.txt,Pid.B,"2864/Pid.B/2017/PN SBY
DEMI KEADILAN BERDASARKAN KETUHANAN YANG MAHA ESA
Pengadilan Negeri Surabaya yang mengadili perkara pidana dengan
acara pemeriksaan biasa dalam tingkat pertama menjatuhkan putusan sebagai
berikut dalam perkara Terdakwa",1. Nama lengkap : Teddy Darmawan Setya Budi Bin Budiantoro,Teddy Darmawan Setya Budi Bin Budiantoro ditahan dalam tahanan,dalam perkara ini tidak didampingi Penasihat Hukum sekalipun,,,,,,25 Juli 2017,urosidin,"urosidin, SH.,MH","PN SBY
Halaman 9
para",para,"Irawan Djatmiko, SH.,MH"
T-28_Pid.Pra_2026_PN Sby.txt,Pid.Pra,"28/Pid.Pra/2026/PN Sby
DEMI KEADILAN BERDASARKAN KETUHANAN YANG MAHA ESA
Pengadilan Negeri Surabaya yang memeriksa dan memutus perkara",,,,,,,,,"27
Agustus 2026",,,,"putusan tersebut pada hari
dan tanggal itu juga telah diucapkan dalam persidangan terbuka untuk umum
oleh",
T-291_Pid.Sus_2018_PN SBY.txt,Pid.Sus,"291/Pid.Sus/2018/PN.Sby
DEMI KEADILAN BERDASARKAN KETUHANAN YANG MAHA ESA",Nama : AFRIYAN VERNANDO PRATAMA Bin,dalam hal ini didampingi oleh Penasihat Hukumnya yaitu : Adv. Belly,ditangkap pada tanggal 02 Desember 2017;,,,,“ tanpa hak atau melawan hukum melakukan percobaan atau,selama 6,02 Desember 2017,"Demikianlah diputuskan dalam rapat permusyawaratan Majelis
Pengadilan Negeri Surabaya pada hari SE","Demikianlah diputuskan dalam rapat permusyawaratan Majelis
Pengadilan Negeri Surabaya pada hari SE","putusan tersebut diucapkan pada hari itu juga dalam sidang yang terbuka
untuk umum oleh","Demikianlah diputuskan dalam rapat permusyawaratan Majelis
Pengadilan Negeri Surabaya pada hari SE","kami ANNE RUSIANA,SH"
T-3058_Pid.B_2017_PN SBY.txt,Pid.B,3058/Pid.B/2017/PN.Sby,di tahan oleh,menghadap dalam persidangan tanpa didampingi bersama,;,,,,,selama 2 (Dua),16 Agustus 2017,pada hari Se,pada hari Se,"putusan tersebut
diucapkan dalam sidang terbuka untuk umum pada hari itu juga oleh Majelis
tersebut dengan dibantu oleh HARIYANTO, SH",pada hari Se,"kami
PPH SITORUS, SH"
T-3080_Pid.Sus_2017_PN SBY.txt,Pid.Sus,"3080/Pid.Sus/2017/PN SBY
DEMI KEADILAN BERDASARKAN KETUHANAN YANG MAHA ESA
Pengadilan Negeri Surabaya yang mengadili perkara pidana dengan
acara pemeriksaan biasa dalam tingkat pertama menjatuhkan putusan sebagai
berikut dalam perkara Para Terdakwa",Terdakwa 1,Agus Junaedi Bin Kamim Tohari,2,,,,,,11 Agustus 2017,pada hari Se,"urosidin, S.H.,M.H","yang diucapkan
dalam sidang terbuka untuk umum pada hari hari itu juga oleh
terse","urosidin, S.H.,M.H","Hakim Ketua
terse"
T-3089_Pid.B_2017_PN SBY.txt,Pid.B,3089/Pid.B/2017/PN SBY,Terdakwa I ;,CHOIRUL WAHID Alias IRUL ;,II ;,"“Pencurian Dengan Kekerasan”, sebagaimana diuraikan dalam dakwaan primair",Pasal 365 ayat (2) ke 1 dan ke 2 KUHP,,"“Pencurian Dengan Kekerasan”, sebagaimana diuraikan dalam dakwaan primair",,9 Agustus 2017,I WAYAN SOSIAWAN,"I WAYAN SOSIAWAN, SH.,MH",putusan terse,"I WAYAN SOSIAWAN, SH.,MH","Hakim Ketua Majelis dengan
didampingi"
T-3099_Pid.B_2017_PN SBY.txt,Pid.B,"3099/Pid.B/2017/PN.Sby
DEMI KEADILAN BERDASARKAN KETUHANAN YANG MAHA ESA
Pengadilan Negeri Surabaya yang memeriksa dan mengadili Perkara
Pidana dengan acara biasa pada peradilan tingkat pertama menjatuhkan
putusan sebagai berikut dalam perkara Terdakwa","Nama lengkap : AGUS HALIM, SE, MM ;",menghadap dipersidangan didampingi oleh Penasehat hukumnya,ditahan berdasarkan Surat Penetapan,,,,sebagaimana dalam,selama 1 (satu) tahun dan 8 (delapan) bulan,18 Agustus 2017,DWI PURWADI,"DWI PURWADI, SH",,"
Anggota dengan dibantu oleh DIAS SUROYO","DIAS SUROYO, SH . MH"
T-3107_Pid.Sus_2017_PN SBY.txt,Pid.Sus,3107/Pid.Sus/2017/PN.Sby,-------------------------,SAPUTRA HIDAYAT BIN SUMARJO ;,ditahan/ditangkap sejak tanggal 16 Agustus 2017,,Pasal 114 ayat (1) UU RI No,,,selama 8 tahun dan,16 Agustus 2017,"Demikian diputuskan dalam rapat musyawarah Majelis
Negeri Surabaya pada hari RABU tanggal 24 JANUARI 2018 oleh kami AGUS
HAMZAH","oleh kami AGUS
HAMZAH, SH., MH","Majelis, putusan mana diucapkan dalam sidang yang terbuka untuk umum pada
hari itu juga oleh","UROSIDIN, SH., MH","didampingi oleh
tersebut diatas dengan dibantu oleh YANID INDRA HARJONO,SH., MH"
T-3116_Pid.B_2017_PN SBY.txt,Pid.B,3116/Pid.B/2017/PN.Sby,Nama lengkap : MASHURI;,ditahan dalam Rumah Tahanan Negara oleh,dipersidangan datang menghadap sendiri;,,,,,,26 Agustus 2017,"Demikianlah diputuskan dalam sidang permusyawaratan Majelis
Pengadilan Negeri Surabaya pada hari Kamis, tanggal 15 Februari 2018, oleh
AGUS HAMZAH","oleh
AGUS HAMZAH, S.H.,M.H","yang diucapkan dalam sidang terbuka untuk umum pada hari itu juga
oleh","UROSIDIN, S.H.,M.H",oleh Hasanuddin Tandiholo
T-3119_Pid.Sus_2017_PN SBY.txt,Pid.Sus,"3119/Pid.Sus/2017/PN SBY
DEMI KEADILAN BERDASARKAN KETUHANAN YANG MAHA ESA
Pengadilan Negeri Surabaya yang mengadili perkara pidana dengan
acara pemeriksaan biasa dalam tingkat pertama menjatuhkan putusan sebagai
berikut dalam perkara Para Terdakwa",Terdakwa 1,Angga Prastiya Bin Alm. Sumargono,Angga Prastiya Bin Alm. Sumargono ditahan dalam tahanan rutan,,,,,,13 Agustus 2017,Dese,Dese,"yang diucapkan dalam sidang terbuka untuk umum pada hari itu juga oleh
Ketua dengan didampingi para",Dese,"R Anton Widyopriyono, S.H"
T-3120_Pdt.P_2025_PN Sby.txt,Pdt.P,"3120/Pdt.P/2025/PN Sby
DEMI KEADILAN BERDASARKAN KETUHANAN YANG MAHA ESA
Pengadilan Negeri Surabaya Kelas IA Khusus yang memeriksa dan
memutus perkara perdata permohonan pada tingkat pertama telah memberikan
penetapan sebagai berikut dalam perkara permohonan yang diajukan oleh",,,,,,,,,09 Desember 2025,,,,"Ida Ayu Widyarini, S.H., M.H",
T-318_Pdt.Bth_2026_PN Sby.txt,Pdt.Bth,"318/Pdt.Bth/2026/PN Sby
DEMI KEADILAN BERDASARKAN KETUHANAN YANG MAHA ESA
Pengadilan Negeri Surabaya yang mengadili perkara perdata",,,,,,,,,14 Maret 2026,pada hari Se,pada hari Se,,pada hari Se,
T-31_Pid.Sus_2018_PN SBY.txt,Pid.Sus,31/Pid.Sus/2018/PN.SBY,Nama Lengkap : DAHLAN Bin MOCHAMAD (Alm) ;,dipersidangan yang menyatakan pada,menyatakan tidak didampingi oleh,,Pasal 114 ayat (2) UU RI No,,,,11 September 2017,"Demikianlah diputuskan dalam rapat permusyawaratan Majelis
2018, oleh kami Dewi Iswani","oleh kami Dewi Iswani, SH",putusan terse,"oleh kami Dewi Iswani, SH","kami Dewi Iswani, SH"
T-3278_Pid.Sus_2017_PN SBY.txt,Pid.Sus,3278/Pid.Sus/2017/PN Sby,Nama lengkap : NORLISA;,ditahan dalam tahanan Rumah Tahanan Negara oleh,didampingi oleh Penasihat Hukum bernama M. ZAINAL ARIFIN,,,,,selama 15 (lima belas) tahun dikurangi selama terdakwa berada dalam,12 Agustus 2017,Dese,Dese,"yang
diucapkan dalam sidang terbuka untuk umum pada hari itu juga oleh
dengan didampingi para",Dese,"AGUS HAMZAH, S.H.,M.H., se"
T-3485_Pid.B_2017_PN SBY.txt,Pid.B,3485/Pid.B/2017/PN.Sby,Nama Lengkap : ZAINAL ARIFIN ;,ditahan/ditangkap sejak tanggal 22 September 2017,dalam perkara ini tidak didampingi oleh Penasehat,,,,,selama 2 (dua) tahun dengan dikurangi selama,22 September 2017,"Demikian diputuskan dalam rapat musyawarah Majelis
Negeri Surabaya pada hari SE","Demikian diputuskan dalam rapat musyawarah Majelis
Negeri Surabaya pada hari SE","Majelis, putusan mana diucapkan dalam sidang yang terbuka untuk umum pada
hari itu juga oleh","Demikian diputuskan dalam rapat musyawarah Majelis
Negeri Surabaya pada hari SE","kami
ISJUAEDI, SH., MH"
T-3502_Pid.Sus_2017_PN SBY.txt,Pid.Sus,"3502/Pid.Sus/2017/PN SBY
DEMI KEADILAN BERDASARKAN KETUHANAN YANG MAHA ESA
Pengadilan Negeri Surabaya yang mengadili perkara pidana dengan
acara pemeriksaan biasa dalam tingkat pertama menjatuhkan putusan sebagai
berikut dalam perkara Terdakwa",1. Nama lengkap : Abd. Azis Bin Abd Rohman,ditahan dalam perkara lain ;,"didampingi Penasihat Hukumnya M. Zainal Arifin, SH,MH. ;",,,,,selama 14 (empat,"4
Desember 2017","Demikianlah diputuskan dalam sidang permusyawaratan Majelis
Pengadilan Negeri Surabaya, pada hari Rabu, tanggal 24 Januari 2018 oleh
kami, Agus Hamzah","Agus Hamzah, S.H.,M.H","yang diucapkan dalam sidang terbuka untuk umum pada hari itu juga oleh
Ketua dengan didampingi para","urosidin, SH.,MH","Hakim
Ketua dengan didampingi para"
T-3518_Pid.B_2017_PN SBY.txt,Pid.B,3518/Pid.B/2017/PN.Sby,Nama Lengkap : DJAMALUDIN ALIAS UDIN BIN AHMAD NUR ;,ditahan dengan surat perintah / penetapan penahanan,serta menghadirkan,,,,,selama 4 (empat) tahun dikurangi selama terdakwa berada,25 September 2017,"Demikianlah diputuskan dalam rapat permusyawaratan Majelis
Negeri Surabaya pada hari Kamis tanggal 22 Februari 2018, oleh kami Maxi Sigarlaki","oleh kami Maxi Sigarlaki,
SH",putusan terse,"oleh kami Maxi Sigarlaki,
SH","kami Maxi Sigarlaki,
SH"
T-3524_Pid.B_2017_PN SBY.txt,Pid.B,"3524/Pid.B/2017/PN Sby
DEMI KEADILAN BERDASARKAN KETUHANAN YANG MAHA ESA
Pengadilan Negeri Surabaya yang memeriksa dan mengadili perkara",Nama lengkap : Eko Yayak Nugroho Bin Maryunan (Alm);,ditahan dalam RUTAN sejak tanggal 29 September 2017 sampai,tidak didampingi oleh Penasihat Hukum;,,,,,,29 September 2017,"Demikianlah diputuskan dalam sidang permusyawaratan Majelis
Pengadilan Negeri Surabaya pada hari Se",UROSIDIN,"PN Sby
Halaman 8
itu juga oleh",itu juga oleh,Hakim Ketua dengan didampingi para
T-354_Pdt.Bth_2026_PN Sby.txt,Pdt.Bth,"354/Pdt.Bth/2026/PN Sby
DEMI KEADILAN BERDASARKAN KETUHANAN YANG MAHA ESA",,,,,,,,,"14 April
2026",Antyo Harri Suse,"Antyo Harri Susetyo, S.H., se","Putusan
terse","Antyo Harri Susetyo, S.H., se",
T-3569_Pid.Sus_2017_PN SBY.txt,Pid.Sus,3569/Pid.Sus/2017/PN.SBY,I. Nama Lengkap : PENTANO IRGI SATRIA RAMADHANI Bin,MUHAMMAD EDO FATTHURAHMAN Bin,dipersidangan yang menyatakan,,Pasal 112 Ayat (1) Jo Pasal 132 Ayat (1) Undang-Undang RI Nomor 35 Tahun 2009,,,,28 Agustus 2017,"Demikianlah diputuskan dalam rapat permusyawaratan Majelis
2018, oleh kami Maxi Sigarlaki","oleh kami Maxi Sigarlaki, SH","PN.Sby
Halaman 25
didampingi oleh Para",didampingi oleh Para,Para
T-3626_Pid.Sus_2017_PN SBY.txt,Pid.Sus,3626/Pid.Sus/2017/PN.Sby,Nama lengkap SEPTIAN HADI PURNOMO Bin LUKMAN HADI,TEGAR PUTRA SYAFAATULLAH Bin ARIFIN USMAN,ditahan oleh,,,,,,05 Oktober 2017,"Demikianlah diputus dalam Sidang Permusyawaratan Majelis
Pengadilan Negeri Surabaya, pada hari Rabu, tanggal 07 Maret 2018 oleh kami
YULISAR","oleh kami
YULISAR, SH",putusan terse,"oleh kami
YULISAR, SH","kami
YULISAR, SH"
T-3628_Pid.Sus_2017_PN SBY.txt,Pid.Sus,"3628/Pid.Sus/2017/PN SBY
DEMI KEADILAN BERDASARKAN KETUHANAN YANG MAHA ESA
Pengadilan Negeri Surabaya yang mengadili perkara pidana dengan acara
pemeriksaan biasa dalam tingkat pertama menjatuhkan putusan sebagai berikut
dalam perkara Terdakwa",1. Nama lengkap : Heri Sutrisno Bin Senawi Alm,"ditahan dalam Tahanan Rutan , masing-masing oleh",dalam perkara ini tidak didampingi oleh Penasihat Hukum,,,,,selama 7 (tujuh) tahun 6 (enam) bulan dikurangi selama,21 September 2017,urosidin,"urosidin, S.H.,M.H, se","yang
diucapkan dalam sidang terbuka untuk umum pada hari itu juga, oleh
terebut dengan didampingi para","urosidin, S.H.,M.H, se","dibantu oleh Irawan Djatmiko, SH"
T-3686_Pid.B_2017_PN SBY.txt,Pid.B,"3686/Pid.B/2017/PN SBY
DEMI KEADILAN BERDASARKAN KETUHANAN YANG MAHA ESA
Pengadilan Negeri Surabaya yang mengadili perkara pidana dengan
acara pemeriksaan biasa dalam tingkat pertama menjatuhkan putusan sebagai
berikut dalam perkara Terdakwa",Nama lengkap : Mochammad Ja'Far Bin Hasim,Mochammad Ja'far Bin Hasim ditahan dalam tahanan rutan oleh,dalam perkara ini didampingi Penasihat Hukumnya 1.Yuliana,,,,“DENGAN TERANG-TERANGAN DAN DENGAN TENAGA BERSAMA,selama 10 (sepuluh) tahun dikurangkan dengan,3 Oktober 2017,pada hari Se,pada hari Se,"PN SBY
Halaman 42
diucapkan dalam sidang terbuka untuk umum pada hari hari KAMIS tanggal
1 MARET 2018 oleh","oleh
terse","Hakim Ketua dengan didampingi para
terse"
T-3689_Pid.Sus_2017_PN SBY.txt,Pid.Sus,"3689/Pid.Sus/2017/PN Sby
DEMI KEADILAN BERDASARKAN KETUHANAN YANG MAHA ESA
Pengadilan Negeri Sby yang mengadili perkara pidana dengan acara
pemeriksaan biasa dalam tingkat pertama menjatuhkan putusan sebagai berikut
dalam perkara Terdakwa",1. Nama lengkap : IWAN;,ELISA alias IWAN;,berada dalam tahanan masing-masing oleh,,,,,,7 Oktober 2017,UROSIDIN,"UROSIDIN, S.H.,M.H","yang diucapkan dalam sidang terbuka untuk umum pada hari
itu juga oleh","UROSIDIN, S.H.,M.H",Hakim Ketua dengan didampingi para
T-3708_Pid.B_2017_PN SBY.txt,Pid.B,3708/Pid.B/2017/PN.Sby,NamaLengkap : Kholil Bin Abdul Hasan ;,ditahan dalam Rumah Tahanan Negara oleh,serta,,,,sebagaimana,selama 7 (tujuh) bulan,10 Oktober 2017,"Pebruari
2018 , oleh kami Sarwedi","oleh kami Sarwedi, SH., MH., se","putusan mana diucapkan dalam sidang yang terbuka untuk
umum pada hari itu juga oleh",masing se,"Hakim Ketua dan dihadiri oleh
Anggota tersebut diatas serta dibantu oleh Suwarningsih, SH., MH"
T-370_Pdt.G_2026_PN Sby.txt,Pdt.G,"370/Pdt.G/2026/PN Sby
DEMI KEADILAN BERDASARKAN KETUHANAN YANG MAHA ESA
Pengadilan Negeri Surabaya yang memeriksa dan memutus perkara
perdata pada tingkat pertama",,,,,,,,,07 Maret 2026,"PN Sby
Halaman 17
oleh kami, Ratna Dianing Wulansari","Ratna Dianing Wulansari, S.H., M.H",putusan terse,"Ratna Dianing Wulansari, S.H., M.H",
T-3730_Pid.B_2017_PN SBY.txt,Pid.B,3730/Pid.B/2017/PN.Sby,Nama Lengkap : SUYADI ;,ditahan dengan surat perintah / penetapan penahanan,SUYADI secara sah dan meyakinkan bersalah melakukan tindak,,,,,,06 September 2017,"Demikianlah diputuskan dalam rapat permusyawaratan Majelis
Negeri Surabaya pada hari Kamis tanggal 22 Februari 2018, oleh kami R. Anton
Widyopriyono","oleh kami R. Anton
Widyopriyono, SH",putusan terse,"oleh kami R. Anton
Widyopriyono, SH",
T-374_Pdt.G_2017_PN SBY.txt,Pdt.G,374/Pdt.G/2017/PN Sby,,,,,,,,,16 Mei 2017,"PN Sby.
Halaman 21
2018 dalam persidangan yang dinyatakan terbuka untuk umum oleh","oleh
R. ANTON WIDYOPRIYONO,SH","dalam persidangan yang dinyatakan terbuka untuk umum oleh
Ketua Majelis tersebut didampingi ROCHMAD,SH","dalam persidangan yang dinyatakan terbuka untuk umum oleh
Ketua Majelis tersebut didampingi ROCHMAD,SH",
T-3751_Pid.B_2017_PN SBY.txt,Pid.B,"3751/Pid.B/2017/PN Sby
DEMI KEADILAN BERDASARKAN KETUHANAN YANG MAHA ESA
Pengadilan Negeri Surabaya yang memeriksa dan mengadili perkara",Nama lengkap : Elwin Fransisco Belli;,ditahan dalam RUTAN sejak tanggal 26 Oktober 2017 sampai,didampingi tidak didampingi oleh Penasihat Hukum;,,,,Penggelapan,selama 1 (satu) tahun dan 6 (enam) bulan dikurangi,26 Oktober 2017,UROSIDIN,"UROSIDIN, S.H.,M.H","yang diucapkan dalam sidang terbuka untuk umum pada hari
itu juga oleh","lembar STNK asli dari 1 unit
mobil Daihatsu Xenia No.Pol W 1475 XW warna Putih STNK a.n. Wayan
Puspa Sari Kencana Dewi alamat di Kramat Jegu",Hakim Ketua dengan didampingi para
T-376_Pdt.G_2026_PN Sby.txt,Pdt.G,"376/Pdt.G/2026/PN Sby
DEMI KEADILAN BERDASARKAN KETUHANAN YANG MAHA ESA",,,,,,,,,14 Maret 2026,"Demikian diputuskan dalam rapat musyawarah Majelis
Negeri Surabaya , pada hari Rabu, tanggal 2 September 2026, oleh kami,
Ernawati Anwar","Ernawati Anwar,S.H.,M.H., se",putusan terse,"Ernawati Anwar,S.H.,M.H., se",
T-3784_Pid.Sus_2017_PN SBY.txt,Pid.Sus,"3784/Pid.Sus/2017/PN SBY
DEMI KEADILAN BERDASARKAN KETUHANAN YANG MAHA ESA
Pengadilan Negeri Surabaya yang mengadili perkara pidana dengan acara
pemeriksaan biasa pada tingkat pertama",Nama lengkap : NI MADE TITIN INDRAYANTI Bin DIDIK ;,"ditahan dalam Tahanan Rutan, masing-masing oleh",tidak didampingi oleh Penasehat Hukum;,,Pasal 310 ayat (4) Jo Pasal 106 ayat (1) dan ayat (2) UU LLAJ tahun 2009 tentang lalu lintas dan,selama 2 (dua tahun) dikurangi selama terdakwa berada,mengemudikan,selama 2 (dua tahun) dikurangi selama terdakwa berada,4 November 2017,"Demikianlah diputuskan dalam rapat permusyawaratan Majelis
Pengadilan Negeri Surabaya, pada Hari KAMIS tanggal 8 Pebruari 2018, oleh kami
PUJO SAKSONO","oleh kami
PUJO SAKSONO, SH.,MH",putusan terse,"oleh kami
PUJO SAKSONO, SH.,MH","kami
PUJO SAKSONO, SH.,MH"
T-3824_Pid.B_2017_PN SBY.txt,Pid.B,3824/Pid.B/2017/PN.Sby,Nama Lengkap : JANATIN Binti KASDI ;,ditahan di Rumah Tahanan Negara di Surabaya sejak tanggal 09 Nopember 2017 sampai,dipersidangan;,,,,“ Pencurian “,selama 5 (lima) bulan,24 Januari 2018,UROSIDIN,"UROSIDIN, SH.,MH., se",,"UROSIDIN, SH.,MH., se","fakta hukum yang memenuhi unsur
dari pasal yang didakwakan, se"
T-3825_Pid.B_2017_PN SBY.txt,Pid.B,"3825/Pid.B/2017/PN.Sby
DEMI KEADILAN BERDASARKAN KETUHANAN YANG MAHA ESA
Pengadilan Negeri Sbyyang mengadili perkara pidana dengan acara
pemeriksaan biasa dalam tingkat pertama menjatuhkan putusan sebagai berikut
dalam perkara Terdakwa",1. Nama lengkap : HADI SUPRIYADI Als. KEPIK Bin SUPARDI;,HAMZAH EFFENDI Bin SUWARNO;,ditahan dalam Rutan masing-masing sejak tanggal 17,,,,,,"17
Oktober 2017",UROSIDIN,"UROSIDIN, S.H.,M.H","yang
diucapkan dalam sidang terbuka untuk umum pada hari itu juga oleh
Ketua dengan didampingi para","UROSIDIN, S.H.,M.H","Hakim
Ketua dengan didampingi para"
T-3828_Pid.Sus_2017_PN SBY.txt,Pid.Sus,3828/Pid.Sus/2017/PN.Sby,Nama Lengkap : ARI IRWANTO BIN MISTARI ;,ditahan/ditangkap sejak tanggal 19 Oktober 2017,dalam perkara ini tidak didampingi oleh Penasehat,,Pasal 112 ayat (1) UU RI No,selama 7 (tujuh) tahun dikurangi selama terdakwa ditahan dan,,selama 7 (tujuh) tahun dikurangi selama terdakwa ditahan dan,19 Oktober 2017,UROSIDIN,"UROSIDIN, SH., MH","Majelis,
putusan mana diucapkan dalam sidang yang terbuka untuk umum pada hari itu
juga oleh",diatas dengan dibantu oleh YANID INDR,"YANID INDRA HARJONO,SH., MH"
T-3882_Pid.Sus_2017_PN SBY.txt,Pid.B,3882/Pid.B/2017/PN Sby,1. Nama Lengkap : EKA SETIO Binti WARSITO,YESSI NANDA MAHERITA Binti ERIAN SANTOSO,ditahan dengan surat perintah / penetapan penahanan ;,,,,,selama 6 (enam),17 Oktober 2017,,"oleh kami DEWI
ISWANI SH.MH se","putusan mana diucapkan
pada hari itu juga dalam sidang yang terbuka untuk umum oleh Majelis","oleh kami DEWI
ISWANI SH.MH se","kami DEWI
ISWANI SH.MH se"
T-3886_Pid.B_2017_PN SBY.txt,Pid.B,3886/Pid.B/2017/PN Sby,Nama Lengkap : MUHAMMAD ARIFIN BIN MOCH HASAN ;,ditahan dalam perkara lain,dipersidangan,“pencurian dengan pemberatan”,,selama 8 (delapan) tahun,“pencurian dengan pemberatan”,selama 8 (delapan) tahun,19 Desember 2017,R. ANTON WIDYOPRIONO,"R. ANTON WIDYOPRIONO, SH., MH., se","Putusan tersebut diucapkan dalam sidang yang terbuka untuk umum pada hari itu
juga oleh","R. ANTON WIDYOPRIONO, SH., MH., se","terdakwa serta memperhatikan hal-hal yang sifatnya
memberatkan dan meringankan tersebut diatas serta dihubungkan dengan tujuan
dari pemidanaan itu se"
T-3906_Pid.Sus_2017_PN SBY.txt,Pid.Sus,"3906/Pid.Sus/2017/PN Sby
DEMI KEADILAN BERDASARKAN KETUHANAN YANG MAHA ESA
Pengadilan Negeri Surabaya yang mengadili perkara pidana dengan
acara pemeriksaan biasa dalam tingkat pertama menjatuhkan putusan sebagai
berikut dalam perkara Terdakwa",1. Nama lengkap : ; Sigit Hadi Nurcahyo Bin Bambang Setyo Hadi,M. Wanto Bin Sueb ;,ditahan dalam tahanan Rutan masing-masing oleh,,,,,,5 Oktober 2017,UROSIDIN,"UROSIDIN, S.H.,M.H","yang diucapkan dalam sidang terbuka untuk umum pada hari itu juga
oleh","UROSIDIN, S.H.,M.H",oleh Ali Prakosa
T-397_Pdt.G_2017_PN SBY.txt,Pdt.G,397/Pdt.G/2017/PN SBY,,,,,,,,,06 Agustus 2016,Dese,Dese,Dese,Dese,
T-424_Pid.Sus_2018_PN SBY.txt,Pid.Sus,424/Pid.Sus/2018/PN.Sby,Nama lengkap : IMAM ROSADAH ARIFIN Bin M. SAID ;,di tahan dengan perincian sebagai berikut,menghadap dalam persidangan tanpa didampingi bersama,,,,,selama 7 (tujuh) tahun,11 Desember 2017,"Demikianlah diputus dalam Sidang Permusyawaratan Majelis
Pengadilan Negeri Surabaya, pada hari Kamis, tanggal 08 Maret 2018 oleh kami
SIGIT SUTRIONO","oleh kami
SIGIT SUTRIONO, SH","putusan tersebut
diucapkan dalam sidang terbuka untuk umum pada hari itu juga oleh Majelis
tersebut dengan dibantu oleh HARIYANTO, SH","oleh kami
SIGIT SUTRIONO, SH","kami
SIGIT SUTRIONO, SH"
T-456_Pdt.G_2026_PN Sby.txt,Pdt.G,"456/Pdt.G/2026/PN Sby
DEMI KEADILAN BERDASARKAN KETUHANAN YANG MAHA ESA",,,,,,,,,27 April 2026,"Demikianlah ditetapkan dalam rapat permusyawaratan Majelis
Pengadilan Negeri Surabaya pada hari Rabu, tanggal 2 SEPTEMBER 2026,
oleh, Gede Putra Astawa","Gede Putra Astawa, S.H., M.H","PN Sby.
Halaman 9
sidang yang terbuka untuk umum pada hari dan tanggal itu juga, oleh
Ketua didampingi Para","tersebut dengan dibantu oleh Dhany
Eko Prasetyo, SE",
T-45_Pdt.G_2026_PN Sby.txt,Pdt.G,"45/Pdt.G/2026/PN Sby
DEMI KEADILAN BERDASARKAN KETUHANAN YANG MAHA ESA
Pengadilan Negeri Surabaya yang memeriksa dan memutus perkara
perdata pada tingkat pertama",,,,,,,,,29 Desember 2025,"Demikian diputuskan dalam sidang permusyawaratan Majelis
Pengadilan Negeri Surabaya, pada hari Kamis tanggal 10 September 2026 oleh
kami, Aloysius Priharnoto Bayuaji","Aloysius Priharnoto Bayuaji, S.H., M.H., se","dan putusan tersebut
pada hari dan tanggal terse","dan putusan tersebut
pada hari dan tanggal tersebut diatas diucapkan dalam persidangan terbuka
untuk umum oleh",
T-515_Pdt.G_2026_PN Sby.txt,Pdt.G,515/Pdt.G/2026/PN Sby,,,,,,,,,20 Februari 2026,"Demikian ditetapkan dalam sidang permusyawaratan Majelis
Pengadilan Negeri Surabaya, pada hari Rabu, tanggal 9 September 2026,
oleh kami, Irlina","Irlina, S.H., M.H",Penetapan terse,"Irlina, S.H., M.H",
T-527_Pdt.G_2017_PN SBY.txt,Pdt.G,527/Pdt.G/2017/PN Sby,,,,,,,,,08 Juli 2017,"Demikian diputuskan dalam permusyawaratan Majelis
SE","Demikian diputuskan dalam permusyawaratan Majelis
SE",,"SELASA, tanggal 23 JANUARI 2018 dengan dibantu oleh WAHYU
WIBAWATI",
T-538_Pdt.Bth_2026_PN Sby.txt,Pdt.Bth,"538/Pdt.Bth/2026/PN Sby
DEMI KEADILAN BERDASARKAN KETUHANAN YANG MAHA ESA
Pengadilan Negeri Surabaya yang mengadili perkara perdata",yang ●,SUGIARTO SINUGROHO bin (almarhum) GUNAWAN,dan status barang bukti nomor urut 1 (satu) sampai dengan 9,,,,,,13 Mei 2026,pada hari Se,pada hari Se,putusan terse,pada hari Se,
T-551_Pdt.G_2026_PN Sby.txt,Pdt.G,"551/Pdt.G/2026/PN. Sby
DEMI KEADILAN BERDASARKAN KETUHANAN YANG MAHA ESA
Pengadilan Negeri Surabaya yang memeriksa dan memutus
perkara perdata pada tingkat pertama",,,,,,,,,"08 Desember
2000","Demikian diputuskan dalam sidang permusyawaratan Majelis
September 2026, oleh kami, Erly Soelistyarini","Erly Soelistyarini, S.H.,M.H","putusan
terse","Erly Soelistyarini, S.H.,M.H",
T-55_Pid.Sus-TPK_2026_PN Sby.txt,,"55/Pid.Sus-TPK/2026/PN Sby
DEMI KEADILAN BERDASARKAN KETUHANAN YANG MAHA ESA
Pengadilan Tindak Pidana Korupsi pada Pengadilan Negeri Surabaya
yang mengadili perkara pidana dengan acara pemeriksaan biasa dalam tingkat
pertama",1. Nama lengkap : AMIN ARIF SANTOSO,ditahan dalam tahanan Rumah Tahanan Negara oleh,di persidangan didampingi oleh Alfin Ramadhani Maulana,,,,,selama 80 (delapan puluh) hari,14 Oktober 2025,"pada hari
Se","pada hari
Se","at, tanggal 14
Agustus 2026 oleh","oleh
terse","Hakim Ketua dengan didampingi para
terse"
T-56_Pdt.G.S_2026_PN Sby.txt,Pdt.GS,"56/Pdt.GS/2026/PN Sby
DEMI KEADILAN BERDASARKAN KETUHANAN YANG MAHA ESA
Pengadilan Negeri Surabaya yang memeriksa dan memutus
perkara perdata pada tingkat pertama",,,,,,,,,"20
Juli 2026",,,,"PN Sby
Halaman 2",
T-57_Pdt.G.S_2026_PN Sby.txt,,"57/Pdt.G.S/2026/PN Sby
DEMI KEADILAN BERDASARKAN KETUHANAN YANG MAHA ESA
Pengadilan Negeri Surabaya yang memeriksa dan memutus perkara",,,,,,,,,31 Agustus 2026,,,,"oleh Dr. Nurnaningsih Amriani, SH",
T-58_Pdt.G_2026_PN Sby.txt,Pdt.G,"58/Pdt.G/2026/PN Sby
DEMI KEADILAN BERDASARKAN KETUHANAN YANG MAHA ESA",,,,,,,,,12 Januari 2026,pada hari Se,pada hari Se,Putusan terse,pada hari Se,
T-594_Pdt.P_2026_PN Sby.txt,Pdt.P,"594/Pdt.P/2026/PN Sby
s
DEMI KEADILAN BERDASARKAN KETUHANAN YANG MAHA ESA
Pengadilan Negeri Surabaya yang memeriksa dan memutus",,,,,,,,,15 September 1989,penetapan terse,,,penetapan terse,
T-611_Pdt.G_2017_PN SBY.txt,Pdt.G,"611/Pdt.G/2017/PN. SBY
Pada Hari",,,,,,,,,31 Oktober 2017,"NOVEMBER 2017
oleh kami HARIJANTO","oleh kami HARIJANTO, SH., MH., se",Panitera Pengganti pada Pengadilan Negeri Surabaya se,"PN Sby
Halaman 2",
T-62_Pdt.Sus-PHI_2026_PN Sby.txt,,"62/Pdt.Sus-PHI/2026/PN Sby
DEMI KEADILAN BERDASARKAN KETUHANAN YANG MAHA ESA",,,,,,,,,"14
Juni 2026","pada
hari Se","PN Sby
Halaman 26
27
Nursalam","putusan
terse","Nursalam, S.H., M.H",
T-62_Pdt.Sus-PKPU_2025_PN Niaga Sby.txt,,62/Pdt.Sus-PKPU/2025/PN.Niaga,,,,,,,,,21 Mei 2025,pada hari Se,pada hari Se,putusan terse,pada hari Se,
T-62_Pdt.Sus-PKPU_2026_PN Niaga Sby.txt,,"62/Pdt.Sus-PKPU/2026/PN Niaga Sby
DEMI KEADILAN BERDASARKAN KETUHANAN YANG MAHA ESA
Pengadilan Niaga pada Pengadilan Negeri Surabaya yang memeriksa
dan memutus perkara Permohonan Penundaan Kewajiban Pembayaran Utang",,,,,,,,,31 Juli 2025,"Demikianlah diputuskan dalam sidang permusyawaratan Majelis
Pengadilan Niaga pada Pengadilan Negeri Surabaya, pada Hari Rabu, tanggal
16 September 2026 oleh kami, Aloysius Prihamoto Bayuaji","Aloysius Prihamoto Bayuaji, S.H.,M.H","putusan tersebut diucapkan dalam persidangan yang
terbuka untuk umum pada hari tanggal terse","Aloysius Prihamoto Bayuaji, S.H.,M.H",
T-630_Pdt.G_2026_PN Sby.txt,Pdt.G,"630/Pdt.G/2026/PN Sby
III",,,,,,,,,28 Mei 2026,"Demikianlah ditetapkan dalam rapat permusyawaratan Majelis
Pengadilan Negeri Surabaya pada hari Se","Demikianlah ditetapkan dalam rapat permusyawaratan Majelis
Pengadilan Negeri Surabaya pada hari Se",Penetapan terse,"Demikianlah ditetapkan dalam rapat permusyawaratan Majelis
Pengadilan Negeri Surabaya pada hari Se",
T-64_Pdt.Sus-PHI_2026_PN Sby.txt,,"64/Pdt.Sus-PHI/2026/PN Sby
DEMI KEADILAN BERDASARKAN KETUHANAN YANG MAHA ESA",,,,,,,,,11 Mei 2026,"oleh kami Muhammad Zulqarnaen,
S.H.,M.H., se","oleh kami Muhammad Zulqarnaen,
S.H.,M.H., se",Putusan terse,"oleh kami Muhammad Zulqarnaen,
S.H.,M.H., se",
T-652_Pdt.G_2026_PN Sby.txt,Pdt.G,"652/Pdt.G/2026/PN Sby
DEMI KEADILAN BERDASARKAN KETUHANAN YANG MAHA ESA
Pengadilan Negeri Surabaya yang mengadili perkara perdata pada
Tingkat pertama",,,,,,,,,10 Maret 1984,"Demikian diputuskan dalam sidang permusyawaratan Majelis
Pengadilan Negeri Surabaya, pada hari Kamis , tanggal 10 September 2026
oleh kami Alex Adam Faisal","oleh kami Alex Adam Faisal, S.H., M.H., se",dan putusan terse,"dan putusan tersebut pada hari itu juga
diucapkan dalam persidangan terbuka untuk umum oleh
dengan didampingi oleh para",
T-665_Pdt.G_2017_PN SBY.txt,Pid.B,"3345/Pid.B/2016/PN.Sby tanggal 14 Februari 2017 yang
telah berkekuatan hukum tetap sejak tanggal 1 Maret 2017",,,,,,,,,27 Februari 2015,ARI JIWANTARA,"ARI JIWANTARA, SH","Kamis Tanggal 1
Pebruari 2018 dalam sidang yang terbuka untuk umum, oleh
dengan didampingi oleh","Didik Dwi
Riyanto",
T-66_Pdt.G.S_2017_PN SBY.txt,,66/Pdt.G.S/2017/PN.Sby,,,,,,,,,22 November 2017,,,,"S.H., M.H",
T-66_Pdt.Sus-PKPU_2026_PN Niaga Sby.txt,,"66/Pdt.Sus-PKPU/2026/PN Niaga Sby
DEMI KEADILAN BERDASARKAN KETUHANAN YANG MAHA ESA
Pengadilan Niaga pada Pengadilan Negeri Surabaya yang memeriksa
dan memutus perkara permohonan Penundaan Kewajiban Pembayaran Utang
pada tingkat pertama telah menjatuhkan putusan yang diajukan oleh",,,,,,,,,22 Mei 2026,"Demikian diputuskan dalam sidang permusyawaratan Majelis
Pengadilan Niaga pada Pengadilan Negeri Surabaya, pada hari Kamis, tanggal
3 September 2026, oleh kami, Sih Yuliarti","Sih Yuliarti, S.H., se",putusan terse,putusan terse,
T-69_Pdt.Sus-PKPU_2025_PN Niaga Sby.txt,,"69/Pdt.Sus-PKPU/2025/PN Niaga Sby
DEMI KEADILAN BERDASARKAN KETUHANAN YANG MAHA ESA
Pengadilan Niaga pada Pengadilan Negeri Surabaya yang mengadili
perkara permohonan penundaan kewajiban pembayaran utang telah
menjatuhkan putusan sebagai berikut yang diajukan oleh",,,,,,,,,"29
Desember 2025",pada hari Se,pada hari Se,oleh,"oleh
didampingi oleh para",
T-6_Pdt.Sus-HKI_Merek_2026_PN Niaga Sby.txt,Pid.Sus,"863/Pid.Sus/2020/PN Sby tanggal 21
September 2020 jo",,,,,,,,,27 April 2026,Muhamm,"Muhammad Sukamto, S.H., M.H., se",putusan terse,"Muhammad Sukamto, S.H., M.H., se",
T-713_Pdt.G_2026_PN Sby.txt,Pdt.G,713/Pdt.G/2026/PN.Sby,yang,,,,,,,,13 Mei 2026,"Demikian diputuskan dalam sidang pemusyawaratan Majelis
Pengadilan Negeri Surabaya, pada hari Rabu , tanggal 9 September 2026
oleh kami, Erly Soelistyarini","Erly Soelistyarini, SH","PN.Sby.
Halaman 16
persidangan terbuka untuk umum oleh",persidangan terbuka untuk umum oleh,
T-71_Pdt.Sus-PHI_2026_PN Sby.txt,,"71/Pdt.Sus-PHI/2026/PN Sby
DEMI KEADILAN BERDASARKAN KETUHANAN YANG MAHA ESA",,,,,,,,,10 Juni 2026,"oleh kami Muhammad Zulqarnain, S.H.,
M.H","oleh kami Muhammad Zulqarnain, S.H.,
M.H., se",putusan terse,"oleh kami Muhammad Zulqarnain, S.H.,
M.H., se",
T-71_Pdt.Sus-PKPU_2026_PN Niaga Sby.txt,,"71/Pdt.Sus-PKPU/2026/PN Niaga Sby
DEMI KEADILAN BERDASARKAN KETUHANAN YANG MAHA ESA
Pengadilan Niaga pada Pengadilan Negeri Surabaya yang mengadili
perkara permohonan penundaan kewajiban pembayaran utang pada tingkat
pertama telah menjatuhkan putusan sebagai berikut yang diajukan oleh",,,,,,,,,20 Juli 2026,pada hari Se,pada hari Se,"PN Niaga Sby
Halaman 35
umum oleh",umum oleh,
T-721_Pid.Sus_2026_PN Sby.txt,Pid.Sus,"721/Pid.Sus/2026/PN Sby
DEMI KEADILAN BERDASARKAN KETUHANAN YANG MAHA ESA
Pengadilan Negeri Surabaya yang mengadili perkara pidana dengan
acara pemeriksaan biasa dalam tingkat pertama menjatuhkan putusan sebagai
berikut dalam perkara Terdakwa",1. Nama lengkap : WAWAN PURDIANTO ALIAS CEBOL BIN,dilakukan penangkapan pada tanggal 18 November 2025;,ditahan dalam tahanan rutan oleh,,,,,"selama 10 (sepuluh) tahun,",18 November 2025,Antyo Harri Suse,"Antyo Harri Susetyo, S.H., se","yang diucapkan dalam sidang terbuka untuk umum pada hari itu juga oleh
Ketua dengan didampingi para","Antyo Harri Susetyo, S.H., se","Antyo Harri Susetyo, S.H., se"
T-72_Pdt.Sus-PHI_2026_PN Sby.txt,,"72/Pdt.Sus-PHI/2026/PN Sby
DEMI KEADILAN BERDASARKAN KETUHANAN YANG MAHA ESA",,,,,,,,,10 Juni 2026,"oleh kami Muhammad Zulqarnain, S.H.,
M.H","oleh kami Muhammad Zulqarnain, S.H.,
M.H., se","PN Sby
Halaman 21
umum oleh",umum oleh,
T-738_Pdt.G_2026_PN Sby.txt,Pdt.G,"738/Pdt.G/2026/PN Sby
DEMI KEADILAN BERDASARKAN KETUHANAN YANG MAHA ESA",,,,,,,,,22 Juni 2026,"Demikian diputuskan dalam sidang pemusyawaratan Majelis
Pengadilan Negeri Surabaya, pada hari Kamis, tanggal 3 September 2026, oleh
kami, Teguh Santoso","Teguh Santoso, S.H., se",putusan terse,"Teguh Santoso, S.H., se",
T-73_Pdt.Sus-PHI_2026_PN Sby.txt,,"73/Pdt.Sus-PHI/2026/PN Sby
DEMI KEADILAN BERDASARKAN KETUHANAN YANG MAHA ESA",,,,,,,,,22 Juni 2026,pada hari Se,pada hari Se,"putusan
terse","putusan
terse",
T-75_Pid.Sus_2018_PN SBY.txt,Pid.Sus,"75/Pid.Sus/2018/PN Sby
DEMI KEADILAN BERDASARKAN KETUHANAN YANG MAHA ESA
Pengadilan Negeri Surabaya yang mengadili perkara pidana dengan
acara pemeriksaan biasa dalam tingkat pertama menjatuhkan putusan sebagai
berikut dalam perkara Terdakwa",1. Nama lengkap : M. Arif Rahman Alias Kingkong Bin Suwarno;,Rendy Umam Alias Keceng Bin Rois Sururi;,ditahan masing-masing sejak tanggal 12 Oktober 2017,,,,,selama 3 (tiga) bulan,12 Oktober 2017,UROSIDIN,"UROSIDIN, S.H.,M.H","yang diucapkan dalam sidang terbuka untuk umum pada hari
itu juga oleh","UROSIDIN, S.H.,M.H",Hakim Ketua dengan didampingi para
T-76_Pdt.Sus-PKPU_2025_PN Niaga Sby.txt,,"76/Pdt.Sus-PKPU/2025/PN Niaga Sby
DEMI KEADILAN BERDASARKAN KETUHANAN YANG MAHA ESA
Pengadilan Niaga pada Pengadilan Negeri Surabaya yang mengadili
permohonan penundaan kewajiban pembayaran utang pada tingkat pertama
telah menjatuhkan putusan sebagaimana tersebut dibawah ini yang diajukan
oleh",,,,,,,,,15 November 2025,"Demikian diputuskan dalam rapat musyawarah Majelis
Pengadilan Niaga pada Pengadilan Negeri Surabaya, pada hari Rabu,
tanggal 09 September 2026, oleh kami, Ega","Ega Shaktiana, S.H., M.H., se","putusan
terse","Ega Shaktiana, S.H., M.H., se",
T-772_Pdt.G_2026_PN Sby.txt,Pdt.G,"772/Pdt.G/2026/PN Sby
DEMI KEADILAN BERDASARKAN KETUHANAN YANG MAHA ESA",,,,,,,,,06 Juli 2015,Rina Indr,"Rina Indrajanti, S.H., M.H","penetapan
terse","penetapan
terse",
T-77_Pdt.Sus-PKPU_2026_PN Niaga Sby.txt,,"77/Pdt.Sus-PKPU/2026/PN. Niaga Sby
DEMI KEADILAN BERDASARKAN KETUHANAN YANG MAHA ESA
Pengadilan Niaga pada Pengadilan Negeri Surabaya yang mengadili
perkara permohonan Penundaan Kewajiban Pembayaran Utang",,,,,,,,,9 Oktober 2012,pada hari Se,pada hari Se,putusan terse,pada hari Se,
T-790_Pdt.G_2026_PN Sby.txt,Pdt.G,790/Pdt.G/2026/PN.Sby,,,,,,,,,10 Juli 2026,"Demikianlah diputuskan dalam sidang permusyawaratan Majelis
September 2026 oleh kami","SH. M.Hum, se",putusan terse,"SH. M.Hum, se",
T-816_Pdt.G_2026_PN Sby.txt,Pdt.G,"816/Pdt.G/2026/PN Sby
Pada hari Rabu",,,,,,,,,9 September 2026,"oleh kami, Dr","oleh kami, Dr",putusan terse,"oleh kami, Dr",
T-818_Pdt.G_2026_PN Sby.txt,Pdt.G,"818/Pdt.G/2026/PN Sby
DEMI KEADILAN BERDASARKAN KETUHANAN YANG MAHA ESA
Pengadilan Negeri Surabaya yang memeriksa dan memutus perkara",,,,,,,,,"21 Juli
2026",Purnomo Hadiyarto,"Purnomo Hadiyarto, S.H","putusan
terse","putusan
tersebut pada hari dan tanggal itu juga diucapkan dalam persidangan terbuka
untuk umum oleh
terse",
T-826_Pdt.G_2026_PN Sby.txt,Pdt.G,"826/Pdt.G/2026/PN.Sby
DEMI BERDASARKAN KETUHANAN YANG MAHA ESA
KEADILAN
Pengadilan Negeri Surabaya yang memeriksa dan mengadili perkara
perdata pada peradilan tingkat pertama",,,,,,,,,14 Juli 2026,"Demikian ditetapkan dalam sidang permusyawaratan Majelis
Pengadilan Negeri Surabaya, pada hari Rabu, tanggal 09 September 2026, oleh
Ega","oleh
Ega Shaktiana, S.H., M.H., se","dan
Penetapan ini diucapkan se","oleh
Ega Shaktiana, S.H., M.H., se",
T-82_Pdt.Bth_2026_PN Sby.txt,Pdt.Bth,82/Pdt.Bth/2026/PN Sby,,,,,,,,,"10
Januari 2026","Demikian diputuskan dalam rapat permusyawaratan Majelis
hari Se","Demikian diputuskan dalam rapat permusyawaratan Majelis
hari Se","Putusan
mana diucapkan dalam sidang yang terbuka untuk umum pada hari Rabu , tanggal
16 September 2026 , oleh","Demikian diputuskan dalam rapat permusyawaratan Majelis
hari Se",
T-834_Pdt.G_2026_PN Sby.txt,Pdt.G,834/Pdt.G/2026/PN Sby,,,,,,,,,24 Juli 2026,,"Penetapan tersebut diucapkan dalam persidangan yang terbuka untuk
umum pada hari itu juga oleh Ketua Majelis terse",,"Penetapan tersebut diucapkan dalam persidangan yang terbuka untuk
umum pada hari itu juga oleh Ketua Majelis terse",
T-83_Pdt.Sus-PHI_2025_PN Sby.txt,,"83/Pdt.Sus-PHI/2025/PN.Sby
DEMI KEADILAN BERDASARKAN KETUHANAN YANG MAHA ESA
Pengadilan Hubungan Industrial Pada Pengadilan Negeri Surabaya
yang memeriksa dan mengadili perkara perselisihan hubungan industrial pada
peradilan tingkat pertama",,,,,,,,,"06 Oktober
1983",,Demikianlah ditetapkan pada hari Se,,Hakim terse,
T-861_Pdt.G_2017_PN SBY.txt,Pdt.G,861/Pdt.G/2017/PN Sby,,,,,,,,,"26 September
2017","Demikianlah ditetapkan pada hari Rabu, tanggal 21 Pebruari 2018, oleh Kami
Slamet Riadi","oleh Kami
Slamet Riadi, SH",,"oleh Kami
Slamet Riadi, SH",
T-883_Pdt.G_2026_PN Sby.txt,Pdt.G,"883/Pdt.G/2026/PN Sby
DEMI KEADILAN BERDASARKAN KETUHANAN YANG MAHA ESA",,,,,,,,,"23 Juli
2026",pada hari SE,pada hari SE,putusan terse,putusan terse,
T-898_Pdt.P_2017_PN SBY.txt,Pdt.P,898/Pdt.P/2017/PN Sby,,,,,,,,,29 Juli 1996,,,,Matheus Dwi Susantohery,
T-8_Pdt.Sus-Renvoi Prosedur_2026_PN.Niaga Sby.txt,,"50/Pdt.Sus-PKPU/2025/PN Niaga Sby
DEMI KEADILAN BERDASARKAN KETUHANAN YANG MAHA ESA
Pengadilan Niaga pada Pengadilan Negeri Surabaya memeriksa dan
memutus perkara gugatan renvoi prosedur telah menjatuhkan putusan sebagai
berikut yang diajukan oleh",,,,,,,,,"08 Juni
2026","Demikian diputuskan dalam sidang permusyawaratan Majelis
Pengadilan Niaga pada Pengadilan Negeri Surabaya pada hari Se","Demikian diputuskan dalam sidang permusyawaratan Majelis
Pengadilan Niaga pada Pengadilan Negeri Surabaya pada hari Se","PN Niaga Sby
Halaman 29",Hakim Anggota terse,
T-932_Pdt.G_2017_PN SBY.txt,Pdt.G,932/Pdt.G/2017/PN.Sby,,,,,,,,,"29 September
2017",TIMUR PRADOKO,"TIMUR PRADOKO, SH., se",,Memerintahkan kepada,
T-938_Pid.Sus_2026_PN Sby.txt,Pid.Sus,"938/Pid.Sus/2026/PN Sby
DEMI KEADILAN BERDASARKAN KETUHANAN YANG MAHA ESA
Pengadilan Negeri Surabaya Kelas IA Khusus yang mengadili perkara
pidana dengan acara pemeriksaan biasa dalam tingkat pertama menjatuhkan
putusan sebagai berikut dalam perkara Para Terdakwa",Terdakwa 1,MOCH. ALI TOPAN ADIANSYAH BIN MOCH,2,,,,,selama 3 (tiga),6 Maret 2026,Muhamm,"Muhammad Yusuf Karim, S.H., M.H","yang diucapkan dalam sidang terbuka
untuk umum pada hari dan tanggal itu juga oleh
para","Muhammad Yusuf Karim, S.H., M.H","Muhammad Yusuf Karim, S.H., M.H"
T-946_Pdt.G_2025_PN Sby.txt,Pdt.G,"946/Pdt.G/2025/PN Sby
Halaman 1",,,,,,,,,2 Agustus 1979,"Demikian diputuskan dalam sidang permusyawaratan Majelis
Pengadilan Negeri Surabaya, pada hari Kamis, tanggal 30 Oktober 2025 oleh kami
--------","S.H., M.H., se","vember 2025 diucapkan dalam persidangan terbuka untuk umum oleh
Ketua dengan dihadiri oleh para","diucapkan dalam persidangan terbuka untuk umum oleh
Ketua dengan dihadiri oleh para",
T-982_Pid.Sus_2026_PN Sby.txt,Pid.Sus,"982/Pid.Sus/2026/PN Sby
DEMI KEADILAN BERDASARKAN KETUHANAN YANG MAHA ESA
Pengadilan Negeri Surabaya yang mengadili perkara pidana dengan
acara pemeriksaan biasa dalam tingkat pertama menjatuhkan putusan sebagai
berikut dalam perkara Terdakwa",1. Nama lengkap : IRAWAN VIRGIANTO BIN WALOEYO (ALM),Irawan Virgianto Bin Waloeyo (alm) ditahan dalam tahanan rutan,"didampingi oleh Saifuddin, S.H., M.H. dan Sulaiman, S.H., M.H. para",,,,"“tanpa hak atau melawan hukum menawarkan untuk dijual, narkotika",selama 2 (dua) tahun dan 8,4 April 2026,Muhamm,"Muhammad Sukamto, S.H., M.H., se","yang diucapkan dalam sidang terbuka untuk umum pada hari dan tanggal itu
juga oleh","PN Sby
Halaman 28
oleh Rizky Wirianto","Rizky Wirianto, S.H., M.H"
T-985_Pdt.G_2026_PN Sby.txt,Pdt.G,"985/Pdt.G/2026/PN Sby
DEMI KEADILAN BERDASARKAN KETUHANAN YANG MAHA ESA
Pengadilan Negeri Surabaya yang memeriksa dan mengadili perkara
Perdata Gugatan pada tingkat pertama telah memberikan Penetapan sebagai
berikut dalam perkara gugatan antara",,,,,,,,,30 Juli 2026,oleh kami Muhamm,"oleh kami Muhammad Sukamto, S.H., M.H., se",,Memerintahkan kepada,
T-995_Pid.Sus_2026_PN Sby.txt,Pid.Sus,"995/Pid.Sus/2026/PN Sby
DEMI KEADILAN BERDASARKAN KETUHANAN YANG MAHA ESA
Pengadilan Negeri Surabaya yang mengadili perkara pidana dengan
acara pemeriksaan biasa dalam tingkat pertama menjatuhkan putusan sebagai
berikut dalam perkara Terdakwa",1. Nama lengkap : JIMMY WIRAWAN ANAK DARI TONY KUNCORO,Jimmy Wirawan Anak Dari Tony Kuncoro ditahan dalam tahanan rutan,"menghadap didampingi oleh Endang Suprawati, S.H., M.H. dan",,,,,selama 7 (tujuh) Tahun dikurangi,9 April 2026,pada hari Se,pada hari Se,"yang diucapkan dalam sidang terbuka untuk umum pada hari dan
tanggal itu juga oleh",pada hari Se,"Muhammad Sukamto, S.H., M.H., se"
