nama_file,jenis_perkara,tahun,pengadilan,txt_path,status_ekstraksi,catatan,VERN,TIMV,JUDP,JUDG,REGI,ARTV,DEFN,PROS,CRIA,PENA,PUNI,BB,PENGG,TERG,PEMOHON,KUASA,NIK,AMAR
1002_Pid.Sus-LH_2026_PN Sby.pdf,Pid.Sus-LH,2026,PN Surabaya,/home/hujan/Documents/Kuliah/semester-7/Ekstraksi Informasi/Kode Tugas/MACHINE LEARNING IE/IE_project/output_txt/TXT_Putusan/1002_Pid.Sus-LH_2026_PN Sby.txt,sebagian,wajib_terisi=2/3 pihak=False,1002 / Pid . Sus-LH / 2026 / PN Sby tanggal 23 Juni,"20 September 2026 | 29 September 1993 | 31 Agustus 2026 , | 04 Januari 2025 | 18 April 2026 | 23 Juli 2026 | 09 Juni 2026 | 30 Juni 1995 | 08 Mei 2026",,,,,,,,tuntutan pidana yang diajukan oleh Penuntut Umum yang pada pokoknya sebagai berikut : 1 . Menyatakan Terdakwa Hendrik Setiawan Bin ( alm ),,1 ( unit kendaraan Truck Hino type FG1JKBBGJL ( warna hijau nopol L-8425-ND Noka MJEFG1JLP5JB11569 Nosin J08CFJ12503 | -Perbuatan Terdakwa tidak mendukung program Pemerintah dalam pelaksanaan tepat sasaran penyaluran BBM bersubsidi,,,,,,
1013_Pid.B_2026_PN Sby.pdf,Pid.B,2026,PN Surabaya,/home/hujan/Documents/Kuliah/semester-7/Ekstraksi Informasi/Kode Tugas/MACHINE LEARNING IE/IE_project/output_txt/TXT_Putusan/1013_Pid.B_2026_PN Sby.txt,sebagian,wajib_terisi=2/3 pihak=False,1013 / Pid . B / 2026 / PN Sby tanggal 24 Juni,"21 September 2026 | 06 Agustus 2026 , | 10 Februari 2026 | 07 April 2026 | 23 Juli 2026 | 09 Juni 2026 | 30 Juni 1975 | 05 Mei 2026",,,,Pasal 591 huruf a Undang-Undang Republik Indonesia Nomor 1 Tahun 2023 tentang KUHP,,,,tuntutan pidananya,,1 ( buah Handphone merk Samsung Galaxy A17 warna hitam Imei 1 355500 imei 2 356772 ( dosbook 1 ( buah Handphone merk Samsung Galaxy A17 warna hitam Imei 1 355500,,,,,,
1016_Pid.B_2026_PN Sby.pdf,Pid.B,2026,PN Surabaya,/home/hujan/Documents/Kuliah/semester-7/Ekstraksi Informasi/Kode Tugas/MACHINE LEARNING IE/IE_project/output_txt/TXT_Putusan/1016_Pid.B_2026_PN Sby.txt,sebagian,wajib_terisi=1/3 pihak=False,,"27 Desember 2025 , | 21 September 2026 | 03 Januari 2026 . | 12 November 1991 | 04 April 2026 | 15 Maret 2026 | 23 Juli 2026 | 17 Juni 2026 | 13 Mei 2026",,,,,,,Dakwaan Alternatif Pertama Penuntut Umum,,Menjatuhkan pidana kepada Terdakwa tersebut oleh karena itu dengan pidana penjara selama 1 ( satu ) tahun dan 1 ( satu ) bulan,L -1402 -BS milik saksi DWI CAHYONO dengan maksud untuk meminjam mobil tersebut denga n alasan untuk mengambil b aju di Malang dan rencana nya akan dikembalikan oleh terdakwa seminggu kemudian | L -1402 -BS Warna Hitam ter sebut sekarang ini disita sebagai barang bukti | - Bahwa saksi merupakan anggota Kepolisian Sektor Sukoman unggal | - Perbuatan Terdakwa meru gikan saksi korban,,,,,,
1021_Pid.Sus_2026_PN Sby.pdf,Pid.Sus,2026,PN Surabaya,/home/hujan/Documents/Kuliah/semester-7/Ekstraksi Informasi/Kode Tugas/MACHINE LEARNING IE/IE_project/output_txt/TXT_Putusan/1021_Pid.Sus_2026_PN Sby.txt,sebagian,wajib_terisi=2/3 pihak=True,1021 / Pid . Sus / 2026 / PN Sby tanggal 24 Juni,"03 September 2026 , | 13 Maret 2026 , | 23 Juli 2026 | 09 Juni 2026 | 21 Mei 2026",,,,Pasal 609 ayat ( 1 ) huruf a Undang – Undang Republik Indonesia No . 01 Tahun 2023 tentang KUHP,MOCHAMMAD MAULID IRHAS Bin NAMIN | Mochammad Maulid Irhas Bin Namin,,Dakwaan Alternatif Pertama Penuntut Umum,,,- 6118 : berupa 1 ( kantong plastik berisikan kristal warna putih dengan berat netto ± 0 gram setelah dilakukan pengujian secara laboratoris hasilnya adalah Positif | • 1 ( buah wadah Rokok Surya Gudang Garam,,,,,,
1050_Pid.Sus_2026_PN Sby.pdf,Pid.Sus,2026,PN Surabaya,/home/hujan/Documents/Kuliah/semester-7/Ekstraksi Informasi/Kode Tugas/MACHINE LEARNING IE/IE_project/output_txt/TXT_Putusan/1050_Pid.Sus_2026_PN Sby.txt,sebagian,wajib_terisi=2/3 pihak=True,1050 / Pid . Sus / 2026 / PN Sby tanggal 21 Juli,10 September 2026 | 18 Agustus 2028 | 29 April 2026 | 26 Juni 2026 | 3 Mei 2026,,,,"Pasal 609 ayat ( 2 ) huruf a Undang-Undang Republik Indonesia Nomor 1 tahun 2023 tentang KUHP | Pasal 80 ayat 1 Undang-Undang Nomor 1 Tahun 2023 Tentang KUHP | Pasal 52 KUHP ,","IDAM MAULANA BIN NIWI , | Idam Maulana Bin Niwi",,,tuntutan pidana yang diajukan oleh Penuntut Umum tangal 11 Agustus 2026 yang pada pokoknya sebagai berikut : 1 . Menyatakan Terdakwa IDAM,,09797 s 09872 berat total netto 42 gram didapat hasil bahwa benar positif narkotika mengandung Metamfetamina terdaftar dalam golongan I ( nomor urut 61 Lampiran I Undang-Undang Republik Indonesia Nomor 35 Tahun 2009 tentang Narkotika | -Bahwa saksi sebelumnya tidak mengenal Terdakwa dan tidak ada hubungan keluarga maupun pekerjaan | -Perbuatan Terdakwa melawan program Pemerintah dalam pemberantasan peredaran gelap Narkotika,,,,,,
1052_Pid.Sus_2026_PN Sby.pdf,Pid.Sus,2026,PN Surabaya,/home/hujan/Documents/Kuliah/semester-7/Ekstraksi Informasi/Kode Tugas/MACHINE LEARNING IE/IE_project/output_txt/TXT_Putusan/1052_Pid.Sus_2026_PN Sby.txt,sebagian,wajib_terisi=2/3 pihak=False,1052 / Pid . Sus / 2026 / PN Sby tanggal 26 Juni,"08 September 2026 , | 25 Februari 2026 | 27 April 2026 | 17 Maret 2026 | 23 April 2007 | 08 Juni 2026 | 25 Juli 2026 | 26 Mei 2026",,,,Pasal 194 ayat ( 1 ) Undang-Undang R epublik Indonesia Nomor 1 Tahun 2023 tentang KUHP | Pasal 306 Jo . Pasal 20 huruf C Undang-undang Nomor 1 Tahun 2023 tentang KUHP .,,,,tuntutan pidana yang diajukan oleh Penuntut Umum yang pada pokoknya sebagai berikut : 1 . Menyatakan Terdakwa Bahar Agung Wijaya terbukti,,Menimbang bahwa barang bukti berupa 1 ( lembar print out screenshot grup facebook batcon arean jawa timur dan sekitarnya dengan akun facebook Bahar Agung dan 2 ( lembar print out screenshot | 1 ( unit handphone Vivo Y19s berwarna biru navy Model V2419 Versi Funtouch OS 15 IMEI nomor 861631078732039 ( 1 IMEI nomor 861631078732021 ( 2 dan IMEI nomor 59 ( 4 ( lembar | 1 ( lembar print out screenshot grup facebook BATCON AREAN JAWA TIMUR DAN SEKITARNYA dengan akun facebook Bahar Agung | -Perbuatan Terdakwa melanggar peraturan perundang-undangan,,,,,,
1053_Pid.Sus_2026_PN Sby.pdf,Pid.Sus,2026,PN Surabaya,/home/hujan/Documents/Kuliah/semester-7/Ekstraksi Informasi/Kode Tugas/MACHINE LEARNING IE/IE_project/output_txt/TXT_Putusan/1053_Pid.Sus_2026_PN Sby.txt,sebagian,wajib_terisi=2/3 pihak=False,1053 / Pid . Sus / 2026 / PN Sby tanggal 26 Juni,"08 September 2026 , | 10 September 1998 | 24 Februari 2026 | 27 April 2026 | 17 Maret 2026 | 08 Juni 2026 | 25 Juli 2026 | 26 Mei 2026",,,,"Pasal 194 ayat ( 1 ) Undang-Undang R epublik Indonesia Nomor 1 Tahun 2023 tentang KUHP | Pasal 306 Jo . Pasal 20 huruf C Undang-undang Nomor 1 Tahun 2023 tentang KUHP . | Pasal 165 Ayat ( 2 ) KUHAP ,",,,,tuntutan pidananya,,W 3850 UQ dan Terdakwa letakkan dibagian tengah antara jok dan setir kemudian Terdakwa bawa menuju kawasan sungai Merr Kota Surabaya disisi Timur jembatan dekat Apertemen Bale Hinggil | -Perbuatan Terdakwa melanggar peraturan perundang-undangan | -1 ( unit handphone samsung S21 Ultra warna Rosegold,,,,,,
1057_Pid.B_2026_PN Sby.pdf,Pid.B,2026,PN Surabaya,/home/hujan/Documents/Kuliah/semester-7/Ekstraksi Informasi/Kode Tugas/MACHINE LEARNING IE/IE_project/output_txt/TXT_Putusan/1057_Pid.B_2026_PN Sby.txt,sebagian,wajib_terisi=1/3 pihak=False,,"14 September 2026 , | 18 November 2025 | 12 Maret 2024 , | 17 Januari 2026 | 18 Juni 2026 | 2 April 2026 | 29 Juli 2026 | 24 Juni 1986 | 29 Juni 1995 | 13 Mei 2026",,,,"Pasal 477 ayat ( 1 ) huruf e , huruf f dan huruf g UU No . 1 Tahun 2023 tentang KUHP . | Pasal 477 ayat ( 1 ) huruf f dan g Undang -undang No . 1 Tahun 2023 tentang KUHP | Pasal 476 Undang - Undang R epublik Indonesia Nomor 1 Tahun 2023 tentang KUHP | Pasal 165 Ayat ( 2 ) KUHAP ,",,,,tuntutan pidananya,Menjatuhkan pidana kepada Para Terdakwa tersebut oleh karena itu dengan pidana penjara masing -masing selama 1 ( satu ) tahun 6 ( enam ) bulan,,,,,,,
1067_Pid.B_2026_PN Sby.pdf,Pid.B,2026,PN Surabaya,/home/hujan/Documents/Kuliah/semester-7/Ekstraksi Informasi/Kode Tugas/MACHINE LEARNING IE/IE_project/output_txt/TXT_Putusan/1067_Pid.B_2026_PN Sby.txt,sebagian,wajib_terisi=2/3 pihak=False,1067 / Pid . B / 2026 / PN Sby tanggal 2 Juli,"10 September 2026 , | 11 Januari 2025 , | 1 Februari 2025 . | 23 Oktober 2018 , | 18 Oktober 2017 | 1 Agustus 2026 | 21 April 2026 | 18 Juni 2026 | 02 Juni 2025 | 4 Juni 2004 | 30 Mei 2025 | 12 Mei 2026",,,,Pasal 486 Undang-Undang No 1 Tahun 2023 tentang KUHP Jo UU No 1 Tahun 2026 tentang Penyesuaian Pidana,,,,,,-Bahwa Terdakwa pernah bekerja selaku Karyawan di PT Cipta Agung Manis yang beralamat kantor di Jl Residen Sudirman 30 Surabaya ( tetapi kemudian berhenti bekerja | -Perbuatan Terdakwa membuat rugi PT Cipta Agung Manis dimana tempat Terdakwa pernah bekerja,,,,,,
1074_Pid.Sus-LH_2026_PN Sby.pdf,Pid.Sus-LH,2026,PN Surabaya,/home/hujan/Documents/Kuliah/semester-7/Ekstraksi Informasi/Kode Tugas/MACHINE LEARNING IE/IE_project/output_txt/TXT_Putusan/1074_Pid.Sus-LH_2026_PN Sby.txt,sebagian,wajib_terisi=2/3 pihak=False,1074 / Pid . Sus-LH / 2026 / PN Sby tanggal 02 Juli,"10 September 2026 , | 30 April 2026 , | 01 Agustus 2026 | 01 Januari 1991 | 15 Juni 2026 | 04 Juli 2026 | 30 Juni 1995 | 07 Mei 2026",,,,Pasal 20 huruf c Kitab Undang-Undang No . 1 Tahun 2023 tentang KUHP . | Pasal 55 ayat ( 1 ) ke-1 KUHP,,,,,,-Perbuatan Para Terdakwa Tidak mendukung Program Pemerintah dalam pelaksanaan tepat sasaran penyaluran BBM bersubsidi -Perbuatan Para Terdakwa menyalahgunakan niaga bahan bakar minyak jenis subsidi,,,,,,
108_Pdt.G_2026_PN Sby.pdf,Pdt.G,2026,PN Surabaya,/home/hujan/Documents/Kuliah/semester-7/Ekstraksi Informasi/Kode Tugas/MACHINE LEARNING IE/IE_project/output_txt/TXT_Putusan/108_Pdt.G_2026_PN Sby.txt,sebagian,wajib_terisi=2/3 pihak=False,245 / Pdt . G / 2026 / PN . Sby di halaman 3 : | 756 / Pdt . G / 2018 / PN . Sby tanggal 9 Juli,"13 September 2016 , | 31 Desember 2015 , | 28 Februari 2017 , | 30 November 2016 , | 05 Januari 2026 , | 31 Agustus 2016 , | 08 September 2025 | 31 Oktober 2015 , | 20 Oktober 1968 , | 31 Januari 2018 , | 31 Maret 2017 , | 06 April 2026 , | 31 Januari 1919 | 30 April 2017 , | 26 Agustus 2013 | 27 Agustus 1990 | 30 Maret 2026 , | 26 Juni 2024 , | 30 Juni 2016 , | 31 Juli 2015 , | 8 Juli 1971 , | 13 Mei 2015 , | 7 Juli 1964 , | 25 Mei 2026 , | 19 Juni 2025",,,,,,,,,,,,,,,,
1091_Pid.Sus_2026_PN Sby.pdf,Pid.Sus,2026,PN Surabaya,/home/hujan/Documents/Kuliah/semester-7/Ekstraksi Informasi/Kode Tugas/MACHINE LEARNING IE/IE_project/output_txt/TXT_Putusan/1091_Pid.Sus_2026_PN Sby.txt,sebagian,wajib_terisi=2/3 pihak=False,1091 / Pid . Sus / 2026 / PN Sby tanggal 6 Juli,"15 September 2026 , | 09 April 2026 , | 4 Agustus 2026 | 3 Oktober 2026 | 23 Juni 2026 | 2 Mei 2026",,,,Pasal 609 ayat ( 1 ) huruf a UU RI No . 1 Tahun 2023 tentang KUHP,,,,tuntutan pidana yang diajukan oleh Penuntut Umum yang pada pokoknya sebagai berikut : 1 . Menyatakan terdakwa MAULANA JEFRI BIN ALI BUSRO,,-Perbuatan Terdakwa tidak mendukung program pemerintah dalam pemberantasan tindak pidana Narkotika -Terdakwa sudah pernah dihukum dalam perkara Narkotika Keadaan yang meringankan -Terdakwa bersikap | Menimbang bahwa barang bukti berupa a ( bungkus plastik berisi Narkotika jenis Sabu dengan berat Netto ± 2 ( koma nol nol satu gram,,,,,,
1093_Pid.Sus_2026_PN Sby.pdf,Pid.Sus,2026,PN Surabaya,/home/hujan/Documents/Kuliah/semester-7/Ekstraksi Informasi/Kode Tugas/MACHINE LEARNING IE/IE_project/output_txt/TXT_Putusan/1093_Pid.Sus_2026_PN Sby.txt,sebagian,wajib_terisi=2/3 pihak=False,"1093 / Pid . Sus / 2026 / PN . Sby , tertanggal 20 | 1093 / Pid . Sus / 2026 / PN Sby 2 . Unsur secara | 1093 / Pid . Sus / 2026 / PN Sby berisikan ± 100 | 1093 / Pid . Sus / 2026 / PN Sby hal 21 dari 21","2 September 2026 , | 3 Oktober 2026 | 5 Agustus 2026 | 13 Maret 2026 | 08 April 2026 | 13 Juni 2026 | 28 Juli 2026 | 15 Mei 2026",,,,"Pasal 132 , Pasal 133 , dan Pasal 135 Undang-Undang Nomor 20 Tahun 2025 tentang KUHAP ,",,,,,,-Terdakwa tidak mendukung program Pemerintah dalam pemberantasan tindak pidana Narkotika -Bahwa Terdakwa sudah pernah dihukum dalam perkara Narkotika Keadaan yang meringankan -Terdakwa bersikap sopan di persidangan | hal 10 dari 21 hal Putusan Nomor Nomor 1093 Sby 1 ( kantong plastic berisikan Kristal warna putih yang diduga narkotika jenis sabu dengan berat netto ± 0 ( nol koma dua dua enam gram | -Bahwa saksi melakukan penangkapan terhadap Terdakwa pada hari Jumat tanggal 13 Maret 2026 sekira pukul 05 WIB di Exit Jl Tol Banyu Urip Simomulyo Kec Sukomanunggal Kota Surabaya | hal 13 dari 21 hal Putusan Nomor Nomor 1093 Sby 1 ( tas selempang warna abu-abu,,,,,,
1096_Pid.Sus_2026_PN Sby.pdf,Pid.Sus,2026,PN Surabaya,/home/hujan/Documents/Kuliah/semester-7/Ekstraksi Informasi/Kode Tugas/MACHINE LEARNING IE/IE_project/output_txt/TXT_Putusan/1096_Pid.Sus_2026_PN Sby.txt,sebagian,wajib_terisi=1/3 pihak=True,,"14 September 2026 , | 30 Januari 2026 , | 16 Februari 2026 | 5 Agustus 2026 , | 20 November 1981 | 4 Oktober 2026 | 27 April 2026 | 27 Maret 2026 | 15 Juli 2026 | 26 Mei 2026",,,,Pasal 609 Ayat ( 2 ) huruf a UU . No . 1 Tahun 2023 tentang KUHP,VICTOR GERALD Bin EDDY | Victor Gerald Bin Eddy,,,tuntutan pidana yang diajukan oleh Penuntut Umum yang pada pokoknya sebagai berikut : 1 . Menyatakan VICTOR GERALD BIN EDDY ( Alm ) terbukti,,-01581 berupa 50 ( puluh butir tablet warna hijau bentuk “ Hello Kitty ” dengan berat netto 17 gram adalah benar mengandung bahan aktif 2C- B terdaftar dalam golongan I ( nomor urut 68 | 1 ( bungkus rokok merk Sampoerna warna putih yang didalamnya berisi 1 ( klip plastik berisi 50 ( puluh butir narkotika jenis Ekstasi dengan bentuk Hello Kitty warna hijau dengan berat | 1 ( unit sepeda motor R2 Merk Honda Scoopy Warna hitam merah No Pol No MH1JM0113MK294773 Nosin : JM01E1293789 | 869518068293605 dan IME 2 869518068293613 adalah Handphone milik terdakwa,,,,,,
1100_Pid.Sus_2026_PN Sby.pdf,Pid.Sus,2026,PN Surabaya,/home/hujan/Documents/Kuliah/semester-7/Ekstraksi Informasi/Kode Tugas/MACHINE LEARNING IE/IE_project/output_txt/TXT_Putusan/1100_Pid.Sus_2026_PN Sby.txt,sebagian,wajib_terisi=2/3 pihak=False,1100 / Pid . Sus / 2026 / PN Sby tanggal 8 Juli,"03 September 2026 , | 13 April 2026 , | 5 Oktober 2026 | 6 Agustus 2026 | 30 Maret 2026 | 16 Juli 2026 | 25 Juni 2026 | 30 Mei 2026",,,,,,,Dakwaan Alternatif Pertama Penuntut Umum,,,,,,,,,
1106_Pid.Sus_2026_PN Sby.pdf,Pid.Sus,2026,PN Surabaya,/home/hujan/Documents/Kuliah/semester-7/Ekstraksi Informasi/Kode Tugas/MACHINE LEARNING IE/IE_project/output_txt/TXT_Putusan/1106_Pid.Sus_2026_PN Sby.txt,sebagian,wajib_terisi=2/3 pihak=False,"1106 / Pid . Sus / 2026 / PN Sby , tertanggal 22 Juli 2026 | 1106 / Pid . Sus / 2026 / PN Sby -1 ( satu ) kotak | 1106 / Pid . Sus / 2026 / PN Sby putih ditemukan | 1106 / Pid . Sus / 2026 / PN Sby lembar pecahan","16 September 2026 , | 10 Agustus 2026 | 5 Oktober 2026 | 21 April 2026 | 11 Juli 2026 | 22 Juni 2026 | 4 Maret 2026 | 13 Mei 2026",,,,,,,,,,1 ( bungkus plastik klip yang berisi kristal warna putih Narkotika jenis sabu dengan berat netto ± 0 gram yang disimpan dikotak putih dari plastik diteras kamar kos 2 ( pack plastik klip | -Bahwa pada hari Selasa tanggal 21 April 2026 sekira pukul 20 Wib melakukan penangkapan terhadap DICKY WAHYUDI BIN M ROFI’I di dikamar kos No 2 Jl Sidodadi Gg 10 No 40 Simokerto Surabaya | -Bahwa terdakwa melakukan pembelian Narkotika Jenis sabu- sabu dari saudara IYUS ( pada hari Selasa tanggal 21 April 2026 sekira pukul 18 Wib di Rusun Sumbo Surabaya | -Perbuatan Terdakwa tidak mendukung program pemerintah dalam pemberantasan tindak pidana | -1 ( bungkus plastik klip berisi Narkotika jenis Sabu dengan berat netto ± 0 gram,,,,,,
1112_Pid.B_2026_PN Sby.pdf,Pid.B,2026,PN Surabaya,/home/hujan/Documents/Kuliah/semester-7/Ekstraksi Informasi/Kode Tugas/MACHINE LEARNING IE/IE_project/output_txt/TXT_Putusan/1112_Pid.B_2026_PN Sby.txt,sebagian,wajib_terisi=2/3 pihak=False,1112 / Pid . B / 2026 / PN Sby tanggal 8 Juli,"2 September 2026 , | 5 Oktober 2026 | 6 Agustus 2026 | 27 April 2026 | 22 April 1985 | 14 Juli 2026 | 26 Juni 2026 | 18 Mei 2026",,,,"Pasal 126 ayat ( 1 ) UU RI No . 1 Tahun 2023 Tentang KUHP ,",,,,,,,,,,,,
1117_Pid.B_2026_PN Sby.pdf,Pid.B,2026,PN Surabaya,/home/hujan/Documents/Kuliah/semester-7/Ekstraksi Informasi/Kode Tugas/MACHINE LEARNING IE/IE_project/output_txt/TXT_Putusan/1117_Pid.B_2026_PN Sby.txt,sebagian,wajib_terisi=2/3 pihak=True,1117 / Pid . B / 2026 / PN Sby tanggal 9 Juli,08 September 2026 | 07 Agustus 2026 | 06 Oktober 2026 | 12 April 2026 | 08 Juli 2026 | 11 Juni 2026 | 05 Mei 2026,,,,,M HASAN BIN JONO | M Hasan Bin Jono,,Dakwaan Tunggal Penuntut Umum,,Menjatuhkan pidana Terdakwa dengan pidana penjara selama 1 ( satu ) Tahun dan 2 ( dua ) Bulan,-1 ( potong kemeja lengan panjang warna abu – abu ukuran L merk HURLEY | -1 ( buah gunting seme warna merah tanpa merk,,,,,,
111_Pid.Sus_2018_PN SBY.pdf,Pid.Sus,2018,PN Surabaya,/home/hujan/Documents/Kuliah/semester-7/Ekstraksi Informasi/Kode Tugas/MACHINE LEARNING IE/IE_project/output_txt/TXT_Putusan/111_Pid.Sus_2018_PN SBY.txt,sebagian,wajib_terisi=2/3 pihak=True,111 / Pid . Sus / 2018 / PN . Sby Ad . 3 . Unsur M | 111 / Pid . Sus / 2018 / PN . Sby ditandatangani | 111 / Pid . Sus / 2018 / PN . Sby membeli secara,26 November 2017 | 16 Januari 2018 | 25 Januari 1992 | 15 April 2018,,,,,OKKY SATRIYO NUGROHO Bin BAMBANG SUTRISNO,,,tuntutan pidana yang pada pokoknya memohon agar Majelis Hakim menjatuhkan putusan terhadap diri Terdakwa sebagai berikut : 1 . Menyatakan Terdakwa,,Hal 4 dari 12 Putusan No 111 -Bahwa terdakwa pernah diperiksa oleh penyidik dan keterangannya dalam Bap adalah benar | 1 ( kantong plastik berisikan kristal warna putih dengan berat netto 0 gram Dirampas untuk dimusnahkan | Hal 10 dari 12 Putusan No 111 Hal-hal yang meringankan : Terdakwa berlaku sopan dalam persidangan | 1 ( poket narkotika jenis sabu seberat 0 gram yang disembunyikan di saku celana belakang terdakwa,,,,,,
1122_Pid.Sus_2026_PN Sby.pdf,Pid.Sus,2026,PN Surabaya,/home/hujan/Documents/Kuliah/semester-7/Ekstraksi Informasi/Kode Tugas/MACHINE LEARNING IE/IE_project/output_txt/TXT_Putusan/1122_Pid.Sus_2026_PN Sby.txt,sebagian,wajib_terisi=2/3 pihak=False,1122 / Pid . Sus / 2026 / PN Sby tanggal 09 Juli,"01 Februari 2026 , | 16 September 2026 | 30 Januari 2026 | 08 Agustus 2026 | 06 Oktober 2026 | 05 April 2026 | 03 Juni 2026 | 16 Juli 2026 | 05 Mei 2026 | 14 Mei 2000",,,,Pasal 609 ayat ( 1 ) huruf a UU RI No . 1 Tahun 2023 tentang KUHP,,,,,,Barang Bukti Nomor : 02553 s 02555 adalah benar kristal metamfetamina terdaftar dalam golongan I ( Nomor urut 61 Lampiran I Undang-undang Republik Indonesia No 35 tahun 2009 tentang Narkotika | Menimbang bahwa terhadap barang bukti berupa a ( bungkus permen Relaxa warna Biru berisi Shabu dengan berat total keseluruhan 0 ( koma sembilan enam puluh gram beserta bungkusnya | -Perbuatan terdakwa tidak mendukung program pemerintah dalam pemberantasan Narkotika | 0Menawarkan untuk dijual Narkotika Golongan I bukan tanaman,,,,,,
1126_Pid.B_2026_PN Sby.pdf,Pid.B,2026,PN Surabaya,/home/hujan/Documents/Kuliah/semester-7/Ekstraksi Informasi/Kode Tugas/MACHINE LEARNING IE/IE_project/output_txt/TXT_Putusan/1126_Pid.B_2026_PN Sby.txt,sebagian,wajib_terisi=2/3 pihak=False,1126 / Pid . B / 2026 / PN Sby tanggal 9 Juli,"7 September 2026 , | 22 April 2026 , | 7 Agustus 2026 | 6 Oktober 2026 | 19 April 2004 | 26 Juni 2026 | 14 Juli 2026 | 18 Mei 2026",,,,"Pasal 164 UU No . 1 Tahun 2023 ) , yang meliputi : • Penyakit",,,,,,"- Bahwa pada hari Rabu , tanggal 22 April 2026 sekiranya pukul 21 Wib sewaktu saksi sedang di rumah saksi melihat saksi Fahris Husaini sedang menghampiri saksi dan meminta hospot untuk me vidiocall | - 1 ( buah Celana berwama Coklat dengan ukuran 32 , dikembalikan kepada saksi korban Faris Husaini dan | - Terdakwa terlalu bersikap emosional",,,,,,
1130_Pid.B_2026_PN Sby.pdf,Pid.B,2026,PN Surabaya,/home/hujan/Documents/Kuliah/semester-7/Ekstraksi Informasi/Kode Tugas/MACHINE LEARNING IE/IE_project/output_txt/TXT_Putusan/1130_Pid.B_2026_PN Sby.txt,sebagian,wajib_terisi=2/3 pihak=False,1130 / Pid . B / 2026 / PN Sby tanggal 9 Juli,"10 September 2026 , | 10 Februari 2026 | 06 Agustus 1993 | 08 Agustus 2026 | 06 Oktober 2026 | 06 Januari 2026 | 30 April 2026 | 21 Maret 2026 | 15 Juli 2026 | 28 Juni 2026 | 20 Mei 2026",,,,,,,,"tuntutannya menuntut agar Terdakwa dijatuhi pidana selama 2 ( dua ) tahun bulan 6 ( enam ) bulan dengan perintah agar Terdakwa tetap ditahan , sedangkan atas tuntutan Penuntut",,Keadaan yang memberatkan : Hal 21 dari Hal 23 Putusan Nomor1130 / Sby - Perbuatan Terdakwa merugikan para Saksi korban | -Bahwa Terdakwa pernah diperiksa oleh Penyidik dan keterangan Terdakwa dalam BAP Penyidik adalah benar,,,,,,
1131_Pid.B_2026_PN Sby.pdf,Pid.B,2026,PN Surabaya,/home/hujan/Documents/Kuliah/semester-7/Ekstraksi Informasi/Kode Tugas/MACHINE LEARNING IE/IE_project/output_txt/TXT_Putusan/1131_Pid.B_2026_PN Sby.txt,sebagian,wajib_terisi=2/3 pihak=False,1131 / Pid . B / 2026 / PN Sby tanggal 10 Juli,9 September 2026 | 30 Oktober 1982 | 7 Oktober 2026 | 9 Agustus 2026 | 20 Juli 2026 | 29 Mei 2026,,,,,,,,,,-Terdakwa tidak mendukung pemerintah dalam pemberantasan perjudian yang dapat menumbuhkan sifat pemalas di kalangan Masyarakat,,,,,,
1132_Pid.B_2026_PN Sby.pdf,Pid.B,2026,PN Surabaya,/home/hujan/Documents/Kuliah/semester-7/Ekstraksi Informasi/Kode Tugas/MACHINE LEARNING IE/IE_project/output_txt/TXT_Putusan/1132_Pid.B_2026_PN Sby.txt,sebagian,wajib_terisi=2/3 pihak=False,1132 / Pid . B / 2026 / PN Sby tanggal 10 Juli | 1132 / Pid . B / 2026 / PN Sby Pol : L-4866-OL | 1132 / Pid . B / 2026 / PN Sby mengetahui dari | 1132 / Pid . B / 2026 / PN Sby -Bahwa Terdakwa | 1132 / Pid . B / 2026 / PN Sby dapat merlihat,"2 September 2026 , | 27 April 2026 , | 7 Oktober 2026 | 9 Agustus 2026 | 25 Juni 2026 | 10 Juli 2026 | 18 Mei 2026",,,,"Pasal 477 ayat ( 1 ) huruf g Jo . Pasal 17 ayat ( 1 ) UU RI No . 1 Tahun 2023 Tentang KUHP ,",,,,,,,,,,,,
1133_Pid.B_2026_PN Sby.pdf,Pid.B,2026,PN Surabaya,/home/hujan/Documents/Kuliah/semester-7/Ekstraksi Informasi/Kode Tugas/MACHINE LEARNING IE/IE_project/output_txt/TXT_Putusan/1133_Pid.B_2026_PN Sby.txt,sebagian,wajib_terisi=2/3 pihak=False,1133 / Pid . B / 2026 / PN Sby tanggal 10 Juli,"7 September 2026 , | 7 Oktober 2026 | 9 Agustus 2026 | 17 April 2026 | 04 April 1996 | 22 Juli 2026 | 15 Juni 2026 | 7 Mei 2026",,,,,,,,,,-1 ( set kunci pas -1 ( buah gergaji besi -1 ( buah palu Agar dirampas untuk dimusnahkan -3 ( buah talam stanlise -1 ( sak potongan kabel listrik Agar dikembalikan | -Bahwa Terdakwa menerangkan tahun 2020 pernah ditahan dalam perkara Curanmor dan divonis 2 tahun 6 bulan | -Bahwa saksi adalah anggota Reskrim Polsek Wonocolo Surabaya,,,,,,
1134_Pid.Sus_2026_PN Sby.pdf,Pid.Sus,2026,PN Surabaya,/home/hujan/Documents/Kuliah/semester-7/Ekstraksi Informasi/Kode Tugas/MACHINE LEARNING IE/IE_project/output_txt/TXT_Putusan/1134_Pid.Sus_2026_PN Sby.txt,sebagian,wajib_terisi=2/3 pihak=True,1134 / Pid . Sus / 2026 / PN Sby tanggal 10 Juli,"9 September 2026 , | 9 Agustus 2026 | 7 Oktober 2026 | 18 April 2026 | 18 Juni 2026 | 10 Mei 2026",,,,,Ismi Aziza Binti Misnari | ISMI AZIZA Binti MISNARI,,,,,-Bahwa Terdakwa ditangkap pada hari Sabtu tanggal 18 April 2026 sekitar jam 19 WIB di Jalan Bulak Jaya 3 Nomor 35 A Kelurahan Wonokusumo Kecamatan Semampir Kota Surabaya | -Bahwa saksi pernah memberikan keterangan di hadapan Penyidik dan saksi membenarkan seluruh keterangan dalam Berita Acara Pemeriksaan Saksi | Menimbang bahwa barang bukti berupa 1 ( plastik klip yang berisi narkotika jenis sabu dengan total berat netto 0 ( tiga lima lima gram | -Perbuatan Terdakwa bertentangan dengan program Pemerintah dalam upaya pencegahan pemberantasan penyalahgunaan dan peredaran narkotika,,,,,,
113_Pid.B_2018_PN SBY.pdf,Pid.B,2018,PN Surabaya,/home/hujan/Documents/Kuliah/semester-7/Ekstraksi Informasi/Kode Tugas/MACHINE LEARNING IE/IE_project/output_txt/TXT_Putusan/113_Pid.B_2018_PN SBY.txt,sebagian,wajib_terisi=1/3 pihak=False,,"15 Februari 2018 | 26 November 2017 | 16 Januari 2018 | 14 Maret 2017 , | 15 April 2018 | 27 Mei 1987",,,,Pasal 363 ayat ( 1 ) ke-3 KUHP | Pasal 362 KUHP .,,,,,,-1 ( unit sepeda motor Honda Vario No Pol L-4368-WX dikembalikan kepada saksi ( Suwaryo | -Perbuatan Terdakwa meresahkan masyarakat merugikan saksi korban,,,,,,
1143_Pid.Sus_2026_PN Sby.pdf,Pid.Sus,2026,PN Surabaya,/home/hujan/Documents/Kuliah/semester-7/Ekstraksi Informasi/Kode Tugas/MACHINE LEARNING IE/IE_project/output_txt/TXT_Putusan/1143_Pid.Sus_2026_PN Sby.txt,sebagian,wajib_terisi=2/3 pihak=True,1143 / Pid . Sus / 2026 / PN Sby tanggal 14 Juli,"10 September 2026 | 11 Oktober 2026 | 12 Agustus 2026 | 28 April 2026 , | 08 April 1986 | 14 Juli 2026 | 30 Juni 2026 | 08 Mei 2026",,,,Pasal 609 ayat ( 1 ) huruf a Undang-Undang Republik Indonesia Nomor 1 Tahun 2023 tentang KUHP,RAHARJO DWI UTOMO Bin BUDI UTOMO | Raharjo Dwi Utomo Bin Budi Utomo,,Dakwaan Alternatif Pertama Penuntut Umum,,,berupa 1 ( kantong plastik berisikan kristal warna putih dengan total berat netto ± 0 ( koma nol delapan puluh gram setelah dilakukan pengujian secara laboratoris hasilnya adalah Positif | -Bahwa perbuatan terdakwa meresahkan masyarakat -Bahwa perbuatan terdakwa tidak mendukung pemerintah dalam program pemberantasan narkotika | 863091073748696 IMEI 2 : 863091073748688 Terhadap keterangan saksi tersebut Terdakwa tidak keberatan dan membenarkannya | -1 ( kantong plastik berisi kristal warna putih ( berat netto ± 0 gram | 1Menawarkan untuk dijual Narkotika Golongan I bukan tanaman,,,,,,
1149_Pid.Sus_2026_PN Sby.pdf,Pid.Sus,2026,PN Surabaya,/home/hujan/Documents/Kuliah/semester-7/Ekstraksi Informasi/Kode Tugas/MACHINE LEARNING IE/IE_project/output_txt/TXT_Putusan/1149_Pid.Sus_2026_PN Sby.txt,sebagian,wajib_terisi=2/3 pihak=True,1149 / Pid . Sus / 2026 / PN Sby tanggal 15 Juli,"3 September 2026 , | 13 Agustus 2026 | 12 Oktober 2026 | 07 April 2026 | 15 Juli 2026 | 30 Juni 2026 | 4 Mei 2026",,,,"Pasal 39 ayat ( 1 ) huruf b , d , dan e KUHAP Jo Pasal 46 ayat ( 2 ) KUHP | Pasal 609 ayat ( 1 ) huruf a UU RI No . 1 Tahun 2023 tentang KUHP",Renaldy Arkanantasyah Bin Sukarminto | RENALDY ARKANANTASYAH BIN SUKARMINTO,,,tuntutan pidana yang diajukan oleh Penuntut Umum yang pada pokoknya sebagai berikut : 1 . Menyatakan RENALDY ARKANANTASYAH Bin SUKARMINTO,,-1 ( buah Hand Phone merk Redmi 9A warna Biru Hitam dengan nomor panggil 085829787163 nomor IMEI 1 868198051815739 dan IMEI 2 868198051815739 | 0Terdakwa tidak mendukung upaya pemerintah dalam memberantas peredaran gelap narkotika | -1 ( klip plastik berisi kristal putih dengan berat netto ± 0 gram,,,,,,
1150_Pid.B_2026_PN Sby.pdf,Pid.B,2026,PN Surabaya,/home/hujan/Documents/Kuliah/semester-7/Ekstraksi Informasi/Kode Tugas/MACHINE LEARNING IE/IE_project/output_txt/TXT_Putusan/1150_Pid.B_2026_PN Sby.txt,sebagian,wajib_terisi=2/3 pihak=True,1150 / Pid . B / 2926 / PN Sby tanggal 04 Juni 2026,"09 September 2026 , | 10 Desember 2025 | 13 Agustus 2026 | 04 April 2026 , | 12 Oktober 2026 | 11 Maret 2026 | 23 Juli 2026 | 04 Juni 2026 | 29 Juni 2003",,,,Pasal 476 KUHP,Nika Ayu Yuniarti Binti Bejo | NIKA AYU YUNIARTI Binti BEJO,,,,Menjatuhkan pidana kepada Terdakwa Nika Ayu Yuniarti Binti Bejo oleh karena itu dengan pidana penjara selama 2 ( dua ) Tahun dan 9 ( sembilan ) . bulan,- 2 ( buah kotak perhiasan tidak ada merk warna merah motif kulit hewan | - Perbuatan Terdakwa meresahkan masyarakat,,,,,,
1156_Pid.B_2026_PN Sby.pdf,Pid.B,2026,PN Surabaya,/home/hujan/Documents/Kuliah/semester-7/Ekstraksi Informasi/Kode Tugas/MACHINE LEARNING IE/IE_project/output_txt/TXT_Putusan/1156_Pid.B_2026_PN Sby.txt,sebagian,wajib_terisi=2/3 pihak=False,1156 / Pid . B / 2026 / PN Sby tanggal 16 Juli,"3 September 2026 , | 13 Oktober 2026 | 15 Agustus 2026 | 16 Juli 2026 | 07 Mei 2026",,,,"Pasal 477 ayat ( 1 ) huruf e , f , dan g UU RI No . 1 Tahun 2023 Tentang KUHP",,,,,,"Bg41a-th201409 Dan No Mesin G415- th201409 yang yang telah dipergunakan sebagai sarana untuk melakukan tindak pidana serta mempunyai nilai ekonomis , maka perlu ditetapkan agar barang bukti tersebut dirampas untuk negara | -Bahwa pada hari Kamis tanggal 07 Mei 2026 sekira pukul 18 Wib Terdakwa I ILHAM SURYA SAPUTRA Bin MARZUKI Alm berboncengan dengan Terdakwa II DAFFNE IRSYAD LIRIVAL Als IPANG Bin NANANG KOSIM dengan | -Bahwa pada hari Kamis tanggal 07 Mei 2026 sekira pukul 18 Wib Terdakwa I berboncengan dengan Terdakwa II dengan menggunakan 1 ( unit sepeda motor Suzuki satria warna silver No Pol : N 6658 JV | 1 dibawah sumpah pada pokoknya menerangkan sebagai berikut -Bahwa saksi pernah memnberikan keterangan di hadapan Penyidik dan saksi membenarkan seluruh keterangannya dalam BAP | Daffne Irsyad Lirival als Ipang Bin Nanang Kosim -Bahwa Terdakwa I membenarkan keterangannya sebagaimana tertuang dalam BAP | -2 ( Buah Mata Kunci T",,,,,,
1159_Pid.Sus_2026_PN Sby.pdf,Pid.Sus,2026,PN Surabaya,/home/hujan/Documents/Kuliah/semester-7/Ekstraksi Informasi/Kode Tugas/MACHINE LEARNING IE/IE_project/output_txt/TXT_Putusan/1159_Pid.Sus_2026_PN Sby.txt,sebagian,wajib_terisi=2/3 pihak=False,1159 / Pid . Sus / 2026 / PN Sby -Bahwa Terdakwa | 1159 / Pid . Sus / 2026 / PN Sby tanggal 16 Juli | 1159 / Pid . Sus / 2026 / PN Sby Maret 2026 atau | 1159 / Pid . Sus / 2026 / PN Sby Menimbang bahwa,"09 September 2026 , | 26 November 1996 | 13 Oktober 2026 | 15 Agustus 2026 | 08 Maret 2026 | 16 Juli 2026",,,,Pasal 51 KUHP,,,,,,-Bahwa pada hari Minggu tanggal 08 Maret 2026 sekira pukul 13 wib di jalan Kusuma Bangsa depan No 63 Surabaya telah terjadi kecelakaan | Menimbang bahwa barang bukti berupa 1 ( unit kendaraan Sepeda Motor Honda Beat No L-3288-BG | -Bahwa saksi tidak mengenal Terdakwa dan tidak ada hubungan keluarga,,,,,,
1172_Pid.B_2026_PN Sby.pdf,Pid.B,2026,PN Surabaya,/home/hujan/Documents/Kuliah/semester-7/Ekstraksi Informasi/Kode Tugas/MACHINE LEARNING IE/IE_project/output_txt/TXT_Putusan/1172_Pid.B_2026_PN Sby.txt,sebagian,wajib_terisi=2/3 pihak=False,1172 / Pid . B / 2026 / PN Sby Menimbang bahwa | 1172 / Pid . B / 2026 / PN Sby tanggal 17 Juli | 1172 / Pid . B / 2026 / PN Sby Hal 14 dari 14,08 September 2025 | 16 Agustus 2026 | 14 Oktober 2026 | 14 Juli 2026 | 16 Mei 2026,,,,,,,,,,Menimbang bahwa barang bukti berupa 1 ( buah bor listrik merk J-LD toll 1 ( buah bor merk Maktec 1 ( buah bor merk Maktec 1 ( buah Gerinda merk Makita warna biru 1 ( buah,,,,,,
1180_Pid.B_2026_PN Sby.pdf,Pid.B,2026,PN Surabaya,/home/hujan/Documents/Kuliah/semester-7/Ekstraksi Informasi/Kode Tugas/MACHINE LEARNING IE/IE_project/output_txt/TXT_Putusan/1180_Pid.B_2026_PN Sby.txt,sebagian,wajib_terisi=1/3 pihak=False,,"16 September 2026 , | 16 Agustus 2026 | 28 Oktober 1978 | 14 Oktober 2026 | 10 April 2026 | 27 Juli 2026 | 29 Mei 2026",,,,Pasal 476 Undang - Undang R epublik Indonesia Nomor 1 Tahun 2023 tentang KUHP,,,,tuntutan pidananya,Menjatuhkan pidana terhadap terdakwa berupa pidana penjara selama 2 ( dua ) tahun di kurangi selama terdakwa berada dalam tahanan dengan perintah terdakwa tetap ditahan,- Bahwa pada hari Jumat tanggal 10 April 2026 sekitar pukul 15 Wib bertempat di Jalan depan Galaxy Mall Surabaya atau depan rumah Jl Ir Soekarno No 27 Kota Surabaya ketika Terdakwa bers ama-sama | Menimbang bahwa barang bukti berupa 1 ( buah alat kunci T yang telah dipergunakan untuk melakukan kejahatan maka ter hadap barang bukti tersebut perlu ditetapkan dimusnahkan | - Perbuatan Terdakwa meresahkan masyarakat,,,,,,
1184_Pid.Sus_2026_PN Sby.pdf,Pid.Sus,2026,PN Surabaya,/home/hujan/Documents/Kuliah/semester-7/Ekstraksi Informasi/Kode Tugas/MACHINE LEARNING IE/IE_project/output_txt/TXT_Putusan/1184_Pid.Sus_2026_PN Sby.txt,sebagian,wajib_terisi=2/3 pihak=False,1184 / Pid . Sus / 2026 / PN Sby tanggal 21 Juli,15 September 2026 | 17 Desember 2026 | 27 Agustus 2026 | 19 Oktober 2026 | 27 Juli 2026 | 30 Mei 2026 | 29 Mei 1986,,,,"Pasal 79 KUHP UU No . 1 Tahun 2023 . | Pasal 52 KUHP ,",,,,tuntutan pidananya,,Menimbang bahwa barang bukti berupa -1 ( bungkus plastic klip yang berisi Kristal warna Putih Narkotika jenis Sabu dengan berat Netto ± 0 gram | -Bahwa benar Terdakwa memesan sabu kepada Saksi MOH ILYAS BIN UMAR ALM ( terpisah dengan cara menghubungi melalui panggilan telepon | -Bahwa saksi sebelumnya tidak mengenal Terdakwa dan tidak ada hubungan keluarga maupun pekerjaan | 13495 : berupa 1 ( kantong plastik berisikan kristal warna putih dengan berat netto ± 0 gram,,,,,,
1186_Pid.B_2026_PN Sby.pdf,Pid.B,2026,PN Surabaya,/home/hujan/Documents/Kuliah/semester-7/Ekstraksi Informasi/Kode Tugas/MACHINE LEARNING IE/IE_project/output_txt/TXT_Putusan/1186_Pid.B_2026_PN Sby.txt,sebagian,wajib_terisi=2/3 pihak=False,1186 / Pid . B / 2026 / PN Sby tanggal 21 Juli,"17 September 2026 , | 23 Oktober 1987 | 19 Agustus 2026 | 18 Oktober 2026 | 18 Maret 2026 , | 28 Juli 2026 | 15 Mei 2026",,,,"Pasal 477 ayat ( 1 ) huruf f Undang-Undang Nomor 1 Tahun 2023 tentang KUHP ,",,,,,,,,,,,,
1190_Pid.B_2026_PN Sby.pdf,Pid.B,2026,PN Surabaya,/home/hujan/Documents/Kuliah/semester-7/Ekstraksi Informasi/Kode Tugas/MACHINE LEARNING IE/IE_project/output_txt/TXT_Putusan/1190_Pid.B_2026_PN Sby.txt,sebagian,wajib_terisi=2/3 pihak=False,1190 / Pid . B / 2026 / PN Sby tanggal 22 Juli,"9 September 2026 , | 25 November 2025 | 19 Oktober 2026 | 20 Agustus 2026 | 22 Juli 2026 | 30 Juni 1994 | 9 Mei 2026 ,",,,,"Pasal 477 ayat ( 1 ) huruf e , f , dan g UU RI No . 1 Tahun 2023 Tentang KUHP",,,,,,-Perbuatan Terdakwa meresahkan masyarakat,,,,,,
1198_Pid.B_2026_PN Sby.pdf,Pid.B,2026,PN Surabaya,/home/hujan/Documents/Kuliah/semester-7/Ekstraksi Informasi/Kode Tugas/MACHINE LEARNING IE/IE_project/output_txt/TXT_Putusan/1198_Pid.B_2026_PN Sby.txt,sebagian,wajib_terisi=2/3 pihak=False,1198 / Pid . B / 2026 / PN Sby tanggal 22 Juli,"07 Desember 2025 , | 9 September 2026 , | 19 Oktober 2026 | 20 Agustus 2026 | 22 Juli 2026 | 20 Mei 2026",,,,"Pasal 476 Jo . Pasal 126 Ayat ( 1 ) Undang-undang Republik Indonesia Nomor 1 Tahun 2023 tentang KUHP ,",,,,,,,,,,,,
11_Pdt.Sus-HKI_Merek_2026_PN Niaga Sby.pdf,Pdt.Sus-HKI,2026,PN Niaga Surabaya,/home/hujan/Documents/Kuliah/semester-7/Ekstraksi Informasi/Kode Tugas/MACHINE LEARNING IE/IE_project/output_txt/TXT_Putusan/11_Pdt.Sus-HKI_Merek_2026_PN Niaga Sby.txt,sebagian,wajib_terisi=2/3 pihak=False,11 / Pdt . Sus-HKI / Merek / 2026 / PN Niaga Sby putusan sebagai berikut,"10 September 2026 | 14 Desember 2032 | 15 April 2015 , | 1 Oktober 2025 | 19 Juni 2026 , | 3 Agustus 2026 | 11 Mei 2026 ,",,,,,,,,,,,,,,,,
1206_Pid.Sus-LH_2026_PN Sby.pdf,Pid.Sus-LH,2026,PN Surabaya,/home/hujan/Documents/Kuliah/semester-7/Ekstraksi Informasi/Kode Tugas/MACHINE LEARNING IE/IE_project/output_txt/TXT_Putusan/1206_Pid.Sus-LH_2026_PN Sby.txt,sebagian,wajib_terisi=2/3 pihak=False,1206 / Pid . Sus -LH / 2026 / PN Sby tanggal 23 Juli,"10 September 2026 , | 18 April 2026 , | 22 Agustus 2026 | 20 Oktober 2026 | 23 Juli 2026 | 17 Juni 2026 | 30 Juni 1995 | 9 Mei 2026",,,,,,,Dakwaan Tunggal Penuntut Umum,,,,,,,,,
1208_Pid.Sus_2026_PN Sby.pdf,Pid.Sus,2026,PN Surabaya,/home/hujan/Documents/Kuliah/semester-7/Ekstraksi Informasi/Kode Tugas/MACHINE LEARNING IE/IE_project/output_txt/TXT_Putusan/1208_Pid.Sus_2026_PN Sby.txt,sebagian,wajib_terisi=2/3 pihak=False,1208 / Pid . Sus / 2026 / PN Sby tanggal 23 Juli,10 September 2026 | 22 Agustus 2026 | 13 Januari 1978 | 20 Oktober 2026 | 28 April 2026 | 23 Juli 2026 | 08 Mei 2026,,,,Pasal 126 ayat ( 1 ) UU RI No . 1 Tahun 2023 T entang KUHP Jo Pasal 65 ayat ( 1 ) KUHP,,,,,,-1 ( potong kaos lengan pendek warna hitam merk GarengJogya T Shirt ukuran XL | -Bahwa keterangan Terdakwa di BAP penyidik telah benar,,,,,,
1209_Pid.Sus_2026_PN Sby.pdf,Pid.Sus,2026,PN Surabaya,/home/hujan/Documents/Kuliah/semester-7/Ekstraksi Informasi/Kode Tugas/MACHINE LEARNING IE/IE_project/output_txt/TXT_Putusan/1209_Pid.Sus_2026_PN Sby.txt,sebagian,wajib_terisi=2/3 pihak=False,1209 / Pid . Sus / 2026 / PN Sby tanggal 23 Juli,"26 September 2025 , | 03 Februari 2026 , | 26 Januari 2026 , | 05 Maret 2026 , | 22 Agustus 2026 | 20 Oktober 2026 | 10 April 2026 | 23 Juli 2026 | 10 Mei 2026",,,,,,,,,,1 ( plastik klip di dalamnya berisikan 5 ( butir diduga Narkotika jenis ekstasi warna orange dengan logo TMT dengan berat netto + 2 gram dan 5 ( butir diduga Narkotika jenis ekstasi | -Perbuatan Terdakwa bertentangan dengan program pemerintah yang sedang giat-giatnya melakukan pemberantasan peredaran dan penyalahgunaan narkotika,,,,,,
1210_Pid.Sus_2026_PN Sby.pdf,Pid.Sus,2026,PN Surabaya,/home/hujan/Documents/Kuliah/semester-7/Ekstraksi Informasi/Kode Tugas/MACHINE LEARNING IE/IE_project/output_txt/TXT_Putusan/1210_Pid.Sus_2026_PN Sby.txt,sebagian,wajib_terisi=2/3 pihak=False,1210 / Pid . Sus / 2026 / PN Sby tanggal 23 Juli,09 September 2026 | 22 Agustus 2026 | 20 Oktober 2026 | 14 April 2004 | 23 Juli 2026 | 01 Mei 2026,,,,,,,,tuntutan pidana yang diajukan oleh Penuntut Umum yang pada pokoknya sebagai berikut : 1 . Menyatakan terdakwa ALIF HENDRIANSYAH Bin TOTOK,,"-Tanggal 04 Mei 2026 sekira pukul 18 WIB didalam pot bunga di depan Kantor Dishub Surabaya Jl Joyoboyo Surabaya didalam pot bunga -Tanggal 04 Mei 2026 sekira pukul 19 WIB didalam pot bunga di | 13147 s 13169 seperti tersebut diatas adalah benar Ganja terdaftar dalam golongan I Nomor urut 8 lampiran I U ndang-Undang Republik Indonesia Nomor 35 tahun 2009 tentang Narkotika | 23 ( puluh tiga plastik klip berisikan daun batang dan biji , sisa pemeriksaan Labfor dengan Nomor : -13147 dengan berat netto ± 52 gram | -Perbuatan Terdakwa bertentangan dengan program Pemerintah dalam hal memberantas peredaran narkotika | -13147 berupa 1 ( kantong plastik berisikan daun batang dan biji dengan berat netto ± 53 gram | -Bahwa saksi pernah diperiksa oleh Penyidik dan tandatangan saya di BAP tersebut benar | 1Menawarkan untuk dijual Narkotika Golongan I bukan tanaman | -Bahwa Terdakwa dalam keadaan sehat jasmani dan rohani",,,,,,
1211_Pid.B_2026_PN Sby.pdf,Pid.B,2026,PN Surabaya,/home/hujan/Documents/Kuliah/semester-7/Ekstraksi Informasi/Kode Tugas/MACHINE LEARNING IE/IE_project/output_txt/TXT_Putusan/1211_Pid.B_2026_PN Sby.txt,sebagian,wajib_terisi=2/3 pihak=False,1211 / Pid . B / 2026 / PN Sby tanggal 23 Juli,"17 September 2026 , | 11 Desember 2024 | 22 Agustus 2026 | 20 Oktober 2026 | 23 Juli 2026 | 11 Juni 2026 | 22 Mei 2026",,,,,,,,,,-1 ( lembar Surat Keterangan dari CV Andrean Cell berisi tentang barang yang hilang -1 ( buah Compact Disc dengan merk CD-R ukuran 700 mb yang berisi tindak pidana Pencurian yang dilakukan oleh Terdakwa Terlampir dalam berkas -1 ( unit Handphone Vivo 1606 warna hitam dengan Imei 866845033432678 dengan nomor panggil 083843863921 Dirampas untuk Negara 4 agar Terdakwa membayar biaya perkara sebesar Rp2,,,,,,
1240_Pid.Sus_2026_PN Sby.pdf,Pid.Sus,2026,PN Surabaya,/home/hujan/Documents/Kuliah/semester-7/Ekstraksi Informasi/Kode Tugas/MACHINE LEARNING IE/IE_project/output_txt/TXT_Putusan/1240_Pid.Sus_2026_PN Sby.txt,sebagian,wajib_terisi=2/3 pihak=False,1240 / Pid . Sus / 2026 / PN Sby tanggal 24 Juli,"9 September 2026 , | 21 Oktober 2026 | 23 Agustus 2026 | 24 Juli 2026 | 15 Juni 2026 | 19 Mei 2026",,,,,,,,,,Menimbang bahwa barang bukti berupa 1 : : berupa 1 ( kantong plastik berisikan kristal warna putih degan berat netto sekitar 0 gram | -Bahwa Terdakwa dalam keadaan sehat jasmani dan rohani dan bersedia memberikan keterangan pada persidangan | -Perbuatan Terdakwa bertentangan dengan program pemerintah dalam pemeberantasan penyalahgunaan narkotika | -No : : seperti tersebut dalam ( dikembalikan dengan berat netto 0 gram | 1 yang seadil-adilnya ( aequo et bono dan 2 yang seringan-ringannya,,,,,,
1251_Pid.Sus_2026_PN Sby.pdf,Pid.Sus,2026,PN Surabaya,/home/hujan/Documents/Kuliah/semester-7/Ekstraksi Informasi/Kode Tugas/MACHINE LEARNING IE/IE_project/output_txt/TXT_Putusan/1251_Pid.Sus_2026_PN Sby.txt,sebagian,wajib_terisi=1/3 pihak=False,,"7 September 2026 , | 12 Agustus 2026 | 1 November 2026 | 2 Januari 2026 | 11 Juni 2026 | 15 Mei 2026",,,,Pasal 618 KUHP,,,,,,1 ( bungkus plastik klip yang berisi narkotika jenis sabu dengan berat netto ± 0 gram Sisa Labfor dengan nomor 15088 dikembalikan Berat Netto ± 0 gram Dirampas untuk dimusnahkan | -Perbuatan Terdakwa bertentangan dan tidak mendukung program pemerintah dalam pemberantasan peredaran gelap narkotika,,,,,,
1255_Pid.B_2026_PN Sby.pdf,Pid.B,2026,PN Surabaya,/home/hujan/Documents/Kuliah/semester-7/Ekstraksi Informasi/Kode Tugas/MACHINE LEARNING IE/IE_project/output_txt/TXT_Putusan/1255_Pid.B_2026_PN Sby.txt,sebagian,wajib_terisi=1/3 pihak=False,,"11 September 2026 , | 14 Desember 2025 | 1 November 2026 | 14 Januari 2026 | 7 Agustus 2026 | 16 April 2026 | 15 Maret 2026 | 19 Juni 2026 | 30 Mei 2003 | 10 Mei 2026",,,,Pasal 476 UU RI No . 1 Tahun 2023 tentang KUHP,,,,,,,,,,,,
1270_Pdt.G_2025_PN Sby.pdf,Pdt.G,2025,PN Surabaya,/home/hujan/Documents/Kuliah/semester-7/Ekstraksi Informasi/Kode Tugas/MACHINE LEARNING IE/IE_project/output_txt/TXT_Putusan/1270_Pdt.G_2025_PN Sby.txt,sebagian,wajib_terisi=2/3 pihak=False,1270 / Pdt . G / 2025 / PN Sby,"1 September 2026 , | 17 November 2025 | 27 Oktober 2025 | 29 Juni 2026",,,,,,,,,,,,,,,,
1276_Pid.Sus_2026_PN Sby.pdf,Pid.Sus,2026,PN Surabaya,/home/hujan/Documents/Kuliah/semester-7/Ekstraksi Informasi/Kode Tugas/MACHINE LEARNING IE/IE_project/output_txt/TXT_Putusan/1276_Pid.Sus_2026_PN Sby.txt,sebagian,wajib_terisi=1/3 pihak=False,,"10 September 2026 | 3 November 2026 | 13 Agustus 2026 | 11 Juni 2026 , | 30 Juli 2026",,,,,,,,,,1 Terdakwa ZAENAL ARIFIN BIN SAWI ( terbukti bersalah secara sah dan menyakinkan melakukan tindak pidana “ tanpa hak memiliki menyimpan menguasai | -1 ( kantong plastik berisi kristal warna putih yang diduga narkotika jenis sabu dengan berat netto ± 0 gram | -Bahwa Terdakwa dalam keadaan sehat jasmani dan rohani dan bersedia memberikan keterangan pada persidangan | -Perbuatan Terdakwa bertentangan dengan program pemerintah dalam pemeberantasan penyalahgunaan narkotika,,,,,,
1289_Pid.Sus_2026_PN Sby.pdf,Pid.Sus,2026,PN Surabaya,/home/hujan/Documents/Kuliah/semester-7/Ekstraksi Informasi/Kode Tugas/MACHINE LEARNING IE/IE_project/output_txt/TXT_Putusan/1289_Pid.Sus_2026_PN Sby.txt,sebagian,wajib_terisi=1/3 pihak=False,,"16 September 2026 , | 19 Agustus 2026 . | 4 Desember 1997 | 4 November 2026 | 23 Juli 2026 | 15 Juni 2026 | 22 Mei 2026",,,,"Pasal 165 ayat ( 2 ) UU RI No . 20 tahun 2025 tentang KUHAP , | Pasal 52 KUHP ,",,,,,,− Bahw a kejadiannya terjadi pada hari Minggu tanggal 10 Mei 2026 seki tar pukul 18 WIB dan pada hari Jumat tanggal 15 Mei 2026 seki tar pukul 17 WIB bertempat di SPBU Labang Kab Bangkalan | - 14988 / - berupa 1 ( kantong plastik berisikan kristal warna putih dengan berat netto ± 4 gram | - Perbuatan Terdakwa tidak mendukung pemerintah dalam pemberantasan tindak pidana narkotika,,,,,,
130_Pdt.P_2018_PN SBY.pdf,Pdt.P,2018,PN Surabaya,/home/hujan/Documents/Kuliah/semester-7/Ekstraksi Informasi/Kode Tugas/MACHINE LEARNING IE/IE_project/output_txt/TXT_Putusan/130_Pdt.P_2018_PN SBY.txt,sebagian,wajib_terisi=2/3 pihak=True,"130 / Pdt . P / 2018 / PN SBY Menimbang , bahwa","16 Februari 2006 , | 12 September 1978 | 7 Nopember 1978 | 03 April 2006 | 05 Mei 2005",,,,,,,,,,,,,KUANG GUITO,,3578264711780001 | 3578261209780002,
1365_Pid.Sus_2026_PN Sby.pdf,Pid.Sus,2026,PN Surabaya,/home/hujan/Documents/Kuliah/semester-7/Ekstraksi Informasi/Kode Tugas/MACHINE LEARNING IE/IE_project/output_txt/TXT_Putusan/1365_Pid.Sus_2026_PN Sby.txt,sebagian,wajib_terisi=1/3 pihak=False,,"11 September 2026 , | 17 November 2026 | 26 Agustus 2026 | 19 Oktober 1970 | 11 Juni 2026 , | 1 Mei 1966",,,,,,,,,,-Perbuatan Para Terdakwa tidak mendukung upaya Pemerintah dalam program pemberantasan narkotika,,,,,,
1423_Pdt.G_2025_PN Sby.pdf,Pdt.G,2025,PN Surabaya,/home/hujan/Documents/Kuliah/semester-7/Ekstraksi Informasi/Kode Tugas/MACHINE LEARNING IE/IE_project/output_txt/TXT_Putusan/1423_Pdt.G_2025_PN Sby.txt,sebagian,wajib_terisi=1/3 pihak=False,,"10 September 2026 , | 29 November 2022 , | 13 Desember 2025 , | 26 Februari 2026 , | 28 Desember 2017 , | 31 Januari 2022 , | 23 Oktober 2024 , | 30 Agustus 2019 , | 11 Desember 1975 | 06 April 2017 , | 31 Agustus 1977 | 24 Oktober 2007 | 8 Desember 1982 | 24 April 2019 , | 05 Januari 2019 | 26 Maret 2021 , | 26 Juni 2025 . | 30 Juli 2020 , | 24 Juni 2023 , | 8 Oktober 1973 | 09 April 2026 | 22 April 2025 | 08 Mei 2025 , | 30 Mei 2018 , | 15 April 1981 | 18 Juli 2025 | 06 Juli 2015 | 9 Maret 1999 | 7 Juli 1971",,,,,,,,,,,,,,,,
1449_Pdt.G_2026_PN Sby.pdf,Pdt.G,2026,PN Surabaya,/home/hujan/Documents/Kuliah/semester-7/Ekstraksi Informasi/Kode Tugas/MACHINE LEARNING IE/IE_project/output_txt/TXT_Putusan/1449_Pdt.G_2026_PN Sby.txt,sebagian,wajib_terisi=1/3 pihak=False,,"30 Desember tertulis | 29 September 2023 , | 27 September 1990 , | 21 Desember 2000 , | 17 November 2008 , | 08 Desember 2025 , | 05 November 2025 , | 18 Februari 2026 , | 31 Oktober 2008 , | 17 Agustus 1951 , | 04 Oktober 2011 , | 14 Agustus 2008 , | 28 Januari 1976 , | 07 Januari 2026 , | 03 September 2008 | 29 Desember 1998 | 11 November 1975 | 20 Agustus 2026 | 28 April 2009 , | 11 Maret 2026 , | 20 maret 2000 , | 31 Juli 2008 , | 15 Juni 1961 , | 15 Mei 2017 , | 13 Maret 1979 | 08 Maret 2024 | 07 Mei 2018 . | 20 April 1977 | 19 April 1979 | 10 April 2017 | 22 Juni 2026 | 28 Juli 2011 | 4 Juli 1970 | 8 Mei 1984",,,,,,,,,,,,,,,"3578221708510001 , | 9171034407700001 ,",
151_Pdt.G_2026_PN Sby.pdf,Pdt.G,2026,PN Surabaya,/home/hujan/Documents/Kuliah/semester-7/Ekstraksi Informasi/Kode Tugas/MACHINE LEARNING IE/IE_project/output_txt/TXT_Putusan/151_Pdt.G_2026_PN Sby.txt,sebagian,wajib_terisi=2/3 pihak=False,"151 / Pdt . G / 2026 / PN Sby -Pendaftaran Rp . | 151 / Pdt . G / 2026 / PN Sby 43 . Bahwa sampai | 151 / Pdt . G / 2026 / PN Sby Kewajiban dalam | 151 / Pdt . G / 2026 / PN Sby Mahapura Jaya ) | 151 / Pdt . G / 2026 / PN Sby EKSEPSI GUGATAN | 151 / Pdt . G / 2026 / PN Sby dibalik nama ke | 151 / Pdt . G / 2026 / PN Sby dapat diterima | 151 / Pdt . G / 2026 / PN Sby "" Iktikad baik","16 Februari 2004 , | 28 Februari 2026 , | 17 Februari 2016 . | 14 Januari 2026 , | 09 September 2026 | 27 Agustus 2026 | 05 Agustus 2019 | 14 Oktober 1994 | 17 April 1979 , | 25 Oktober 1985 | 9 Oktober 2003 | 9 Juli 1973 , | 18 Juli 2016 | 11 Mei 2026",,,,,,,,,,,,,,,,
157_Pdt.P_2018_PN SBY.pdf,Pdt.P,2018,PN Surabaya,/home/hujan/Documents/Kuliah/semester-7/Ekstraksi Informasi/Kode Tugas/MACHINE LEARNING IE/IE_project/output_txt/TXT_Putusan/157_Pdt.P_2018_PN SBY.txt,sebagian,wajib_terisi=1/3 pihak=False,,"22 Desember 1977 , | 24 Januari 2006 , | 4 Oktober 2016 , | 28 Maret 2007 , | 15 Maret 1984 , | 7 April 1979 | 7 Mei 1979 ,",,,,,,,,,,,,,,,,
169_Pdt.G_2026_PN Sby.pdf,Pdt.G,2026,PN Surabaya,/home/hujan/Documents/Kuliah/semester-7/Ekstraksi Informasi/Kode Tugas/MACHINE LEARNING IE/IE_project/output_txt/TXT_Putusan/169_Pdt.G_2026_PN Sby.txt,sebagian,wajib_terisi=1/3 pihak=False,,"30 Desember 2025 , | 12 November 2025 . | 27 Februari 2026 , | 2 September 2026 , | 07 November 2026 , | 31 September 1983 | 09 Januari 2024 . | 26 Januari 2026 , | 03 September 2003 | 26 Agustus 2026 | 31 Januari 2007 | 31 Agustus 1977 | 24 Oktober 2007 | 20 Agustus 2001 | 22 April 2026 , | 08 Juni 2022 , | 20 Mei 2026 . | 31 Mei 2022 , | 15 April 1981 | 29 April 1986 | 16 Juli 2025 | 2 Maret 2026 | 29 Juni 2016 | 28 Mei 1984 | 7 Juni 1971",,,,,,,,,,,,,,,,
177_Pid.B_2026_PN Sby.pdf,Pid.B,2026,PN Surabaya,/home/hujan/Documents/Kuliah/semester-7/Ekstraksi Informasi/Kode Tugas/MACHINE LEARNING IE/IE_project/output_txt/TXT_Putusan/177_Pid.B_2026_PN Sby.txt,sebagian,wajib_terisi=1/3 pihak=True,,"25 November 2025 . | 14 Desember 2025 | 10 Februari 2026 | 2 Januari 2026 , | 28 Februari 1999 | 05 Agustus 2025 | 13 Maret 2026 | 3 Mei 2026",,,,"Pasal 137 jis Pasal 143 , pasal 152 KUHAP , | Pasal 3 ayat ( 1 ) , dan Pasal 618 KUHP | Pasal 477 ayat ( 1 ) huruf e KUHP ,","SYAMSUL ARIFIN Bin MUSTAIN , | I PUJI ISWANTO Bin YATEMIN | Syamsul Arifin Bin Mustain",,,,,-Bahwa benar Awalnya pada hari Selasa tanggal 4 November 2025 sekira jam 15 WIB bertempat di rumah yang beralamat di Jl Tenggumung Karya Lor 3 RT RW Kelurahan Wonokusumo Kecamatan Semampir | 1 ( unit truk Colt Diesel Merk Mitsubishi warna kuning Nopol L-8824- CC tahun 2011 Noka MHMFE74p4bk045761 Nosin 4D34TGI4584 | -Perbuatan Terdakwa meresahkan masyarakat -Perbuatan Terdakwa mengakibatkan saksi korban mengalami kerugian materiil,,,,,,
17_Pdt.Sus-Pailit-GLL_2025_PN.Niaga Sby.pdf,Pdt.Sus-Pailit-GLL,2025,PN Niaga Surabaya,/home/hujan/Documents/Kuliah/semester-7/Ekstraksi Informasi/Kode Tugas/MACHINE LEARNING IE/IE_project/output_txt/TXT_Putusan/17_Pdt.Sus-Pailit-GLL_2025_PN.Niaga Sby.txt,sebagian,wajib_terisi=2/3 pihak=False,"11 / Pdt . Sus-Pailit / 2024 / PN Niaga Sby Lain / 2025 / PN Niaga Sby | 35 / Pdt . G / 2010 / PN . PRA , tgl 26 Januari","23 September 2021 , | 30 November 2018 , | 17 November 2025 , | 29 Desember 2023 , | 20 Oktober 2025 . | 14 Oktober 2022 , | 09 Januari 2025 , | 28 Oktober 2009 , | 14 April 2021 , | 26 Januari 2011 | 29 Agustus 2009 | 21 Januari 2008 | 1 , Juli 2024 , | 25 Juni 2025 , | 30 Juli 2025 , | 21 April 2009 | 7 Juli 1971 , | 9 Juli 2009 . | 28 Mei 1998 , | 7 Juni 2010 | 8 Mei 2009",,,,,,,,,,,,,,,,
186_Pdt.G_2026_PN Sby.pdf,Pdt.G,2026,PN Surabaya,/home/hujan/Documents/Kuliah/semester-7/Ekstraksi Informasi/Kode Tugas/MACHINE LEARNING IE/IE_project/output_txt/TXT_Putusan/186_Pdt.G_2026_PN Sby.txt,sebagian,wajib_terisi=2/3 pihak=False,"71 / Pdt . G / 2023 / PN . Bjm , tertanggal 21","01 September 2024 , | 22 Desember 2025 , | 18 Desember 1971 , | 13 November 2025 , | 18 Agustus 2026 , | 16 Januari 1982 , | 17 Oktober 1998 , | 16 September 1975 | 22 Oktober 1922 , | 09 Februari 2026 | 30 Januari 2026 | 26 Oktober 1994 | 26 Oktober 2025 | 17 April 2025 , | 02 Juni 1971 , | 17 Maret 2026 | 20 Juni 2025 | 05 Mei 2026 | 24 MEI 2025 | 15 Mei 1957 | 21 Mei 2025",,,,,,,,,,,,,,,,
1872_Pid.B_2017_PN SBY.pdf,Pid.B,2017,PN Surabaya,/home/hujan/Documents/Kuliah/semester-7/Ekstraksi Informasi/Kode Tugas/MACHINE LEARNING IE/IE_project/output_txt/TXT_Putusan/1872_Pid.B_2017_PN SBY.txt,sebagian,wajib_terisi=2/3 pihak=True,1872 / Pid . B / 2017 / PN . Sby . BIN SUGIT yang | 1872 / Pid . B / 2017 / PN . Sby “ DEMI KEADILAN,"24 Agustus 2017 , | 12 Desember 1996 | 24 AGUSTUS 2017 | 21 April 2017 | 06 April 1996",,,,"Pasal 365 ayat ( 1 ) dan ( 2 ) ke-1 dan ke-2 KUHP ,",II . RIANTO Bin SUGIT .,,,,,-1 ( unit sepeda motor merk honda Beat warna putih biru No Pol L-4857- WO | Halaman3dari12 Putusan No 1872 Saksi 1 ZULYA dibawah sumpah menerangkan | Hal yang memberatkan : -Perbuatan terdakwa meresahkan masyarakat | 1 setiap orang,,,,,,
191_Pid.B_2018_PN SBY.pdf,Pid.B,2018,PN Surabaya,/home/hujan/Documents/Kuliah/semester-7/Ekstraksi Informasi/Kode Tugas/MACHINE LEARNING IE/IE_project/output_txt/TXT_Putusan/191_Pid.B_2018_PN SBY.txt,sebagian,wajib_terisi=2/3 pihak=True,191 / Pid . B / 2018 / PN . Sby “ DEMI KEADILAN,"01 Februari 2017 | 15 Nopember 2017 | 05 Desember 2017 | 13 Januari 2018 | 17 April 2017 | 31 Maret 2017 | 22 April 2018 | 2 Juni 2016 , | 04 April 1973 | 31 Mei 2017",,,,"pasal 374 KUHP ,",NOOR ZAYYAD Bin H . ABDUL HAMID | Noor Zayyad Bin H . Abdul Hamid,,,,,,,,,,,
1948_Pid.B_2017_PN SBY.pdf,Pid.B,2017,PN Surabaya,/home/hujan/Documents/Kuliah/semester-7/Ekstraksi Informasi/Kode Tugas/MACHINE LEARNING IE/IE_project/output_txt/TXT_Putusan/1948_Pid.B_2017_PN SBY.txt,sebagian,wajib_terisi=1/3 pihak=False,,"16 September 2017 . | 20 JULI 2017 , | 04 Juli 2017 . | 26 Juni 2017 . | 17 Mei 2017 . | 27 Maret 2017 | 28 April 2017",,"ERVIN A . WULAN ,",,"pasal 363 Ayat ( 1 ) ke-3 KUHP , | Pasal 36 2 KUHP",,,,,,1 foto copy BPKB 21 ( unit sepeda motor Yamaha Yupiter warna biru hitam No Pol : L- 4922 –QZ tahun 2007 beserta kunci kontaknya dan 1 ( pasang sandal kulit warna coklat merk My Trip My Boost | Menyatakan terdakwa PURWADI Bin WIDYO SUTARJO bersalah melakukan tindak pidana pencurian dengan pemberatan sebagaimana diatur dalam pasal 363 Ayat ( ke-3 KUHPidana | Bahwa saksi mengetahui saat Sdr PURWADI Bin WIDYO SUTARJO membawa sepeda motor tersebut keluar dari gudang,,,,,,
2209_Pid.B_2025_PN Sby.pdf,Pid.B,2025,PN Surabaya,/home/hujan/Documents/Kuliah/semester-7/Ekstraksi Informasi/Kode Tugas/MACHINE LEARNING IE/IE_project/output_txt/TXT_Putusan/2209_Pid.B_2025_PN Sby.txt,sebagian,wajib_terisi=1/3 pihak=True,,"23 September 2025 | 29 Desember 2025 | 11 November 2025 | 31 Oktober 2025 | 5 November 1985 | 1 Agustus 2025 | 13 Juli 2025 ,",,,,Pasal 363 ayat ( 1 ) ke-5 KUHP,NOVAL BAYU SAPUTRA BIN MOCH . MUCHAYIN | Noval Bayu Saputra Bin Moch . Muchayin,,,tuntutan pidananya,,1 Terdakwa NOVAL BAYU SAPUTRA BIN MOCH MUCHAYIN terbukti secara sah dan meyakinkan bersalah melakukan tindak pidana “ pencurian ” sebagaimana diatur dan diancam pidana dalam Pasal 363 Ayat | -1 ( Buah Sepeda Motor Honda Supra X Tahun 2011 Nopol L-6704-t Nosin Jb81e1693409 Noka Mh1 Warna Hitam | -Perbuatan Terdakwa meresahkan masyarakat,,,,,,
221_Pid.Sus_2018_PN SBY.pdf,Pid.Sus,2018,PN Surabaya,/home/hujan/Documents/Kuliah/semester-7/Ekstraksi Informasi/Kode Tugas/MACHINE LEARNING IE/IE_project/output_txt/TXT_Putusan/221_Pid.Sus_2018_PN SBY.txt,sebagian,wajib_terisi=2/3 pihak=False,221 / Pid . Sus / 2018 / PN . Sby “ DEMI KEADILAN,"25 Nopember 2017 | 15 Desember 2017 | 12 Januari 2018 | 06 Maret 2018 , | 23 April 2018",,,,,,,,,,-Bahwa Terdakwa ditangkap oleh Anggota Satresnarkoba Polrestabes pada Jum’at tanggal 24 Nopember 2017 sekitar pukul 15 WIB bertempat di Jl Penjaringan Sari II- E No 24 Surabaya | 1 ( paket plastik yang berisi Narkotika jenis sabu dengan berat netto 0 gram seperangkat alat hisap untuk sabu dan 1 ( buah HP dirampas untuk dimusnahkan | Hal-hal yang memberatkan : -Perbuatan Terdakwa tidak mendukung program pemerintah dalam hal pemberantasan Narkotika,,,,,,
222_Pid.Sus_2025_PN Sby.pdf,Pid.Sus,2025,PN Surabaya,/home/hujan/Documents/Kuliah/semester-7/Ekstraksi Informasi/Kode Tugas/MACHINE LEARNING IE/IE_project/output_txt/TXT_Putusan/222_Pid.Sus_2025_PN Sby.txt,sebagian,wajib_terisi=2/3 pihak=False,222 / Pid . Sus / 2025 / PN Sby “ DEMI KEADILAN | 222 / Pid . Sus / 2025 / PN Sby plastic berisi,"19 September 2024 | 16 Oktober 2024 , | 05 Desember 2024 | 21 Februari 1977 | 24 Maret 2025 , | 21 Januari 2025 | 14 April 2025 | 10 Mei 2025",,,,"Pasal 184 ayat ( 1 ) huruf c KUHAP ) | Pasal 189 ayat ( 1 ) KUHAP | Pasal 187 KUHAP ,",,,,,,-Perbuatan Terdakwa dinilai telah menghambat upaya Pemerintah dalam pemberantasan peredaran gelap Narkotika,,,,,,
227_Pdt.G_2026_PN Sby.pdf,Pdt.G,2026,PN Surabaya,/home/hujan/Documents/Kuliah/semester-7/Ekstraksi Informasi/Kode Tugas/MACHINE LEARNING IE/IE_project/output_txt/TXT_Putusan/227_Pdt.G_2026_PN Sby.txt,sebagian,wajib_terisi=1/3 pihak=False,,"16 September 2026 , | 24 November 2017 , | 20 Januari 2017 , | 11 Oktober 2023 , | 18 Febuari 2026 , | 1 Agustus 2022 , | 09 Oktober 2019 | 29 Agustus 2023 | 21 Januari 2009 | 21 April 2026 , | 31 Agustus 1977 | 21 Maret 2022 , | 28 Januari 1976 | 31 Maret 2026 . | 26 Juni 2025 . | 15 Juli 2025 , | 15 April 1981 | 30 April 2023 | 30 Juli 2021 | 10 Juli 19",,Biaya PNBP pendaftaran . . . . . . . . . . . Rp,,,,,,,,,,,,,,
2289_Pid.Sus_2017_PN SBY.pdf,Pid.Sus,2017,PN Surabaya,/home/hujan/Documents/Kuliah/semester-7/Ekstraksi Informasi/Kode Tugas/MACHINE LEARNING IE/IE_project/output_txt/TXT_Putusan/2289_Pid.Sus_2017_PN SBY.txt,sebagian,wajib_terisi=1/3 pihak=False,,"5 Oktober 2017 , | 2 September 2017 | 14 Agustus 2017 | 28 April 2017 | 27 Juni 2017 | 17 Mei 2017",,,,,,,,,,"-Bahwa Terdakwa ditangkap oleh petugas kepolisian pada hari Kamis , tanggal 27 April 2017 sekitar jam 05 wib di dalam kamar rumah Lingkungan Jeruk RT 04 Desa Leduk Kec Prigen Kab Pasuruan | 1 Dedi Aprianto dibawah sumpah pada pokoknya menerangkan sebagai berikut -Bahwa saksi tidak kenal dengan Terdakwa dan tidak mempunyai hubungan keluarga | seperti tersebut dalam ( adalah benar tablet bahan aktif : MDMA ( terdaftar dalam golongan I ( nomor urut 37 lampiran I UU RI No 35 Tahun 2009 | -Bahwa Terdawa dihadapkan dalam persidangan ini sehubungan dengan masalah narkoba jenis sabu dan ectasy | -1 ( kantong plastik klip berisi narkotika jenis sabu-sabu berat bersih 4 ( koma enam puluh dua gram | -Perbuatan Terdakwa bertentangan dengan program pemerintah dalam upaya pemberantasan narkotika",,,,,,
2296_Pdt.P_2026_PN Sby.pdf,Pdt.P,2026,PN Surabaya,/home/hujan/Documents/Kuliah/semester-7/Ekstraksi Informasi/Kode Tugas/MACHINE LEARNING IE/IE_project/output_txt/TXT_Putusan/2296_Pdt.P_2026_PN Sby.txt,sebagian,wajib_terisi=1/3 pihak=False,,"23 Januari 2024 , | 04 September 2026 | 20 Agustus 2026 , | 8 Januari 1988 , | 12 Desember 1990 | 02 Juli 2012 , | 14 Juni 1998 | 15 Juli 2026 | 05 Juli 1996 | 16 Juni 1971 | 27 Juni 2026",,,,,,,,,,,,,,,3578110101082836 | 3578116605710001,
22_Pid.B_2018_PN SBY.pdf,Pid.B,2018,PN Surabaya,/home/hujan/Documents/Kuliah/semester-7/Ekstraksi Informasi/Kode Tugas/MACHINE LEARNING IE/IE_project/output_txt/TXT_Putusan/22_Pid.B_2018_PN SBY.txt,sebagian,wajib_terisi=2/3 pihak=False,22 / Pid . B / 2018 / PN . Sby “ DEMI KEADILAN,"28 Februari 2018 , | 16 November 2017 | 25 Desember 2017 | 12 Oktober 2014 | 03 Januari 2018 | 11 Juni 1987",,,,"Pasal 378 KUHP Jo Pasal 55 ayat 1 ke 1 KUHP ,",,,Dakwaan Tunggal Penuntut Umum,,,"-1 ( unit kendaraan roda 4 jenis Toyota A V ANZA VELOZ 1 tahun 2017 warna putih nopol L-1529- HR noka-MHKM5FA4JHK022680 Nosin-2NRF580930 | 1 ( unit handphone samsung duos putih android 5 "" dengan nomor 082145365390",,,,,,
2302_Pid.Sus_2017_PN SBY.pdf,Pid.Sus,2017,PN Surabaya,/home/hujan/Documents/Kuliah/semester-7/Ekstraksi Informasi/Kode Tugas/MACHINE LEARNING IE/IE_project/output_txt/TXT_Putusan/2302_Pid.Sus_2017_PN SBY.txt,sebagian,wajib_terisi=2/3 pihak=True,"2302 / Pid . Sus / 2017 / PN . Sby . Metamfetamina , | 2302 / Pid . Sus / 2017 / PN Sby . “ DEMI KEADILAN","02 September 2017 . | 02 Agustus 2017 . | 4 OKTOBER 2017 , | 04 Oktober 2017 | 01 juni 2017 , | 23 Juni 2017 . | 25 Mei 2017 ,",,"ERVIN A . WULAN ,",,Pasal 112 ayat ( 1 ) UU Nomor 35 Tahun 2009 tentang Narkotika .,MOCH . YUSUF SUSIYANTO bin SEOKRI MARSAID | Moch . Yusuf Susiyanto Bin Soekri Marsaid,,,,,"Terdakwa MOCH YUSUF SUSIYANTO Bin SOK=EKRI MARSAID , dibawah pada pokoknya menerangkan sebagai berikut -Bahwa terdakwa ditangkap oleh petugas kepolisian pada hari kamis tanggal 01 Juni 2017 sekitar | botol sedotan plastik dan korek api yang ditemukan didalam kulkas dan beberapa plastik klip kecil kemasan bekas pakai terdapat sisa sabu yang ditemukan diatas lemari | 2302 Dimana setelah diperlihatkan barang bukti kepada para saksi dan terdakwa serta dihubungkan dengan adanya barang bukti tersebut dirampas untuk dimusnahkan | 1 ( buah bipet kaca yang masih terdapat sisa sabu-sabu klip kosong yang masih ada sisa sabu- sabu dan seperangkat alat hisap Dirampas untuk dimusnahkan | 2302 Dakwaan Pasal 112 ( UU RI No 35 tahun 2009 tentang Narkotika , yang unsur-unsurnya meliputi : 1 Setiap Orang | 2302 -Bahwa yang dilakukan oleh terdakwa tidak memiliki izin dari petugas yang berwenang | 6793 berupa 1 ( buah pipet kaca , terdapat kristal warna putih dengan berat netto 0 gram | 2302 temannya yang bernama Sdr Muin ( dengan harga sebesar Rp 200 sebanyak 1 pocket sabu",,,,,,
2323_Pdt.P_2026_PN Sby.pdf,Pdt.P,2026,PN Surabaya,/home/hujan/Documents/Kuliah/semester-7/Ekstraksi Informasi/Kode Tugas/MACHINE LEARNING IE/IE_project/output_txt/TXT_Putusan/2323_Pdt.P_2026_PN Sby.txt,sebagian,wajib_terisi=1/3 pihak=False,,"13 September 2019 , | 09 Februari 2016 , | 09 September 2026 | 03 Agustus 2026 , | 25 Juli 2023 , | 05 Juni 2003 , | 19 Juni 2000 , | 03 Juni 1984 , | 03 Mei 2012",,,,,,,,,,,,,,,"3578284306840003 , | 3578280505110030 ,",
2340_Pdt.P_2026_PN Sby.pdf,Pdt.P,2026,PN Surabaya,/home/hujan/Documents/Kuliah/semester-7/Ekstraksi Informasi/Kode Tugas/MACHINE LEARNING IE/IE_project/output_txt/TXT_Putusan/2340_Pdt.P_2026_PN Sby.txt,sebagian,wajib_terisi=1/3 pihak=False,,"17 September 2026 , | 24 November 2021 , | 20 Agustus 2026 , | 15 Februari 2018 | 2 Desember 2002 | 18 Maret 1980 , | 21 Oktober 1985 | 27 Juli 2026 | 03 Juni 2005 | 11 Juli 2018 | 13 Mei 2024",,,,,,,,,,,,,,,3501042312140004 | 3578241803800002 | 3578241904120010 | 3501045605640006,
2364_Pdt.P_2026_PN Sby.pdf,Pdt.P,2026,PN Surabaya,/home/hujan/Documents/Kuliah/semester-7/Ekstraksi Informasi/Kode Tugas/MACHINE LEARNING IE/IE_project/output_txt/TXT_Putusan/2364_Pdt.P_2026_PN Sby.txt,sebagian,wajib_terisi=1/3 pihak=False,,"19 September 1978 | 16 September 2026 | 12 Nopember 1973 | 25 November 2022 | 21 Maret 2026 , | 01 Agustus 2026 | 20 Oktober 1973 | 25 Januari 1973 | 21 Juli 2026 , | 21 Juni 1951 , | 23 Maret 2014 | 17 April 2026 | 5 Maret 1976 | 21 Mei 2026",,,,,,,,,,,,,,,"3525116106510001 ,",
2389_Pdt.P_2026_PN Sby.pdf,Pdt.P,2026,PN Surabaya,/home/hujan/Documents/Kuliah/semester-7/Ekstraksi Informasi/Kode Tugas/MACHINE LEARNING IE/IE_project/output_txt/TXT_Putusan/2389_Pdt.P_2026_PN Sby.txt,sebagian,wajib_terisi=1/3 pihak=False,,"10 September 1993 , | 09 September 2026 | 06 Agustus 2026 , | 31 Maret 2022 , | 06 April 2022 , | 22 Juli 1967 , | 30 Juli 2026 | 12 Mei 1989",,,,,,,,,,,,,,,3578102207650004 | 3578100201085099,
2394_Pdt.P_2026_PN Sby.pdf,Pdt.P,2026,PN Surabaya,/home/hujan/Documents/Kuliah/semester-7/Ekstraksi Informasi/Kode Tugas/MACHINE LEARNING IE/IE_project/output_txt/TXT_Putusan/2394_Pdt.P_2026_PN Sby.txt,sebagian,wajib_terisi=1/3 pihak=False,,"18 Desember 2023 , | 10 September 2026 | 07 Agustus 2026 , | 16 Oktober 1989 , | 11 November 1970 | 07 April 2012 , | 01 Maret 1968 | 21 April 1991",,,,,,,,,,,,,,,3578055210700003 | 3578050305110001,
2403_Pdt.P_2026_PN Sby.pdf,Pdt.P,2026,PN Surabaya,/home/hujan/Documents/Kuliah/semester-7/Ekstraksi Informasi/Kode Tugas/MACHINE LEARNING IE/IE_project/output_txt/TXT_Putusan/2403_Pdt.P_2026_PN Sby.txt,sebagian,wajib_terisi=1/3 pihak=False,,"29 Desember 2014 , | 18 Oktober 2018 , | 7 Agustus 2026 , | 9 September 2026 | 02 Oktober 2024 | 30 April 2012 | 4 April 2006 | 11 Juni 1983",,,,,,,,,,,,,,,3578142004120021 | 3578035106830002,
2420_Pdt.P_2026_PN Sby.pdf,Pdt.P,2026,PN Surabaya,/home/hujan/Documents/Kuliah/semester-7/Ekstraksi Informasi/Kode Tugas/MACHINE LEARNING IE/IE_project/output_txt/TXT_Putusan/2420_Pdt.P_2026_PN Sby.txt,sebagian,wajib_terisi=2/3 pihak=False,2420 / Pdt . P / 2026 / PN Sby tersebut,"03 September 2026 , | 11 Oktober 1976 , | 20 Agustus 2026",,,,,,,,,,,,,,,,
2423_Pdt.P_2026_PN Sby.pdf,Pdt.P,2026,PN Surabaya,/home/hujan/Documents/Kuliah/semester-7/Ekstraksi Informasi/Kode Tugas/MACHINE LEARNING IE/IE_project/output_txt/TXT_Putusan/2423_Pdt.P_2026_PN Sby.txt,sebagian,wajib_terisi=2/3 pihak=False,2423 / Pdt . P / 2026 / PN Sby Menimbang bahwa,"10 September 2026 , | 10 September 1973 | 07 Agustus 1973 | 10 Agustus 2026 | 26 Juni 2026",,,,,,,,,,,,,,,"3578060708730007 ,",
2431_Pdt.P_2025_PN Sby.pdf,Pdt.P,2025,PN Surabaya,/home/hujan/Documents/Kuliah/semester-7/Ekstraksi Informasi/Kode Tugas/MACHINE LEARNING IE/IE_project/output_txt/TXT_Putusan/2431_Pdt.P_2025_PN Sby.txt,sebagian,wajib_terisi=1/3 pihak=False,,"11 November 2025 , | 13 Oktober 2025 , | 31 Agustus 2018 , | 22 April 2025 , | 12 Januari 1997 | 5 Juni 2020",,,,,,,,,,,,,,,"3172045201971001 , | 3578102507190011",
2437_Pdt.P_2026_PN Sby.pdf,Pdt.P,2026,PN Surabaya,/home/hujan/Documents/Kuliah/semester-7/Ekstraksi Informasi/Kode Tugas/MACHINE LEARNING IE/IE_project/output_txt/TXT_Putusan/2437_Pdt.P_2026_PN Sby.txt,sebagian,wajib_terisi=2/3 pihak=False,2437 / Pdt . P / 2026 / PN Sby 10 . Bahwa akan,"27 Februari 2020 , | 08 Februari 1981 , | 10 September 2026 | 10 Agustus 2026 , | 16 Januari 2003 | 28 April 2026 , | 22 Januari 2018 | 20 Juli 2023 , | 30 Juni 2013 , | 04 Mei 2021 , | 07 Maret 1981",,,,,,,,,,,,,,,3573014802810007 | 3578310501210007 | 3578200401030001,
2441_Pdt.P_2025_PN Sby.pdf,Pdt.P,2025,PN Surabaya,/home/hujan/Documents/Kuliah/semester-7/Ekstraksi Informasi/Kode Tugas/MACHINE LEARNING IE/IE_project/output_txt/TXT_Putusan/2441_Pdt.P_2025_PN Sby.txt,sebagian,wajib_terisi=2/3 pihak=False,2441 / Pdt . P / 2025 / PN Sby dibacakan,"11 November 2025 , | 25 September 2013 | 26 Agustus 2019 , | 16 Oktober 2007 , | 10 Oktober 2025 | 10 Juni 2025 , | 20 Mei 2025 , | 15 Juli 2008",,,,,,,,,,,,,,,3578116408820001,
2448_Pdt.P_2026_PN Sby.pdf,Pdt.P,2026,PN Surabaya,/home/hujan/Documents/Kuliah/semester-7/Ekstraksi Informasi/Kode Tugas/MACHINE LEARNING IE/IE_project/output_txt/TXT_Putusan/2448_Pdt.P_2026_PN Sby.txt,sebagian,wajib_terisi=1/3 pihak=False,,"15 September 2026 , | 03 Agustus 2026 , | 28 Januari 2026 , | 18 Desember 2024 | 23 Maret 2009 , | 7 November 2024 | 18 April 1942 , | 14 Juli 1972 , | 20 Juni 1996 , | 03 Juni 2003 , | 17 Mei 2026 ,",,,,,,,,,,-OEI SETIAWAN WINARTO,,,,,,
2455_Pdt.P_2026_PN Sby.pdf,Pdt.P,2026,PN Surabaya,/home/hujan/Documents/Kuliah/semester-7/Ekstraksi Informasi/Kode Tugas/MACHINE LEARNING IE/IE_project/output_txt/TXT_Putusan/2455_Pdt.P_2026_PN Sby.txt,sebagian,wajib_terisi=1/3 pihak=False,,"27 September 1968 , | 26 Desember 1958 , | 12 Agustus 2026 . | 9 September 2026 | 28 Agustus 1993 | 18 Januari 2012 | 10 April 2012 | 30 Juli 2026",,,,,,,,,,,,,,,"3578032612580001 , | 3578030101085434",
2463_Pdt.P_2026_PN Sby.pdf,Pdt.P,2026,PN Surabaya,/home/hujan/Documents/Kuliah/semester-7/Ekstraksi Informasi/Kode Tugas/MACHINE LEARNING IE/IE_project/output_txt/TXT_Putusan/2463_Pdt.P_2026_PN Sby.txt,sebagian,wajib_terisi=2/3 pihak=False,2463 / Pdt . P / 2026 / PN Sby- Menyatakan . . . . . . . . . . . . . . . . . . | 2463 / Pdt . P / 2026 / PN Sby Menimbang bahwa | 2463 / Pdt . P / 2026 / PN Sby dokumen Paspor | 2463 / Pdt . P / 2026 / PN Sby -Bahwa Pemohon,"27 Desember 1951 , | 08 Agustus 1981 , | 11 September 2026 | 12 Agustus 2026 | 22 Maret 2022 , | 24 Juli 2018 , | 12 Juli 1964 , | 30 April 2012",,,,,,,,,,,,,,,3578262712510001 | 3578260101088781,
2464_Pdt.P_2026_PN Sby.pdf,Pdt.P,2026,PN Surabaya,/home/hujan/Documents/Kuliah/semester-7/Ekstraksi Informasi/Kode Tugas/MACHINE LEARNING IE/IE_project/output_txt/TXT_Putusan/2464_Pdt.P_2026_PN Sby.txt,sebagian,wajib_terisi=1/3 pihak=False,,"8 September 1967 , | 28 September 2021 | 11 September 1954 | 18 Oktober 2018 , | 12 Agustus 2026 , | 14 Agustus 1986 | 24 Januari 2025 | 8 April 1953 , | 9 Juni 1944 , | 28 April 2012 | 04 Juni 1974 | 4 April 2006",,,,,,,,,,,,,,,3578275109540003 | 3578272809210012 | 3578270906440001,
2472_Pdt.P_2026_PN Sby.pdf,Pdt.P,2026,PN Surabaya,/home/hujan/Documents/Kuliah/semester-7/Ekstraksi Informasi/Kode Tugas/MACHINE LEARNING IE/IE_project/output_txt/TXT_Putusan/2472_Pdt.P_2026_PN Sby.txt,sebagian,wajib_terisi=1/3 pihak=False,,"21 Agustus 2023 , | 09 September 2026 | 14 Januari 1987 , | 28 September 2015 | 17 Januari 2024 , | 10 Juli 2018 | 22 Juli 1987",,,,,,,,,,,,,,,3171042102131010 | 3578021401870002,
2475_Pdt.P_2026_PN Sby.pdf,Pdt.P,2026,PN Surabaya,/home/hujan/Documents/Kuliah/semester-7/Ekstraksi Informasi/Kode Tugas/MACHINE LEARNING IE/IE_project/output_txt/TXT_Putusan/2475_Pdt.P_2026_PN Sby.txt,sebagian,wajib_terisi=2/3 pihak=False,"2475 / Pdt . P / 2026 / PN Sby , tertanggal 13","10 September 2026 | 03 Agustus 2026 , | 23 Maret 1983 ,",,,,,,,,,,,,,,,,
2484_Pdt.P_2026_PN Sby.pdf,Pdt.P,2026,PN Surabaya,/home/hujan/Documents/Kuliah/semester-7/Ekstraksi Informasi/Kode Tugas/MACHINE LEARNING IE/IE_project/output_txt/TXT_Putusan/2484_Pdt.P_2026_PN Sby.txt,sebagian,wajib_terisi=1/3 pihak=False,,"19 September 2015 , | 25 November 2023 , | 30 Januari 2019 , | 04 September 2026 | 13 Agustus 2026 , | 19 Maret 2024 , | 27 Juli 2026 , | 11 Maret 2001",,,,,,,,,,,,,,,3173064403630007 | 3201021707200018,
2487_Pdt.P_2026_PN Sby.pdf,Pdt.P,2026,PN Surabaya,/home/hujan/Documents/Kuliah/semester-7/Ekstraksi Informasi/Kode Tugas/MACHINE LEARNING IE/IE_project/output_txt/TXT_Putusan/2487_Pdt.P_2026_PN Sby.txt,sebagian,wajib_terisi=2/3 pihak=False,"2487 / Pdt . P / 2026 / PN Sby , Pemohon telah","10 Februari 1969 , | 6 September 2016 , | 9 Desember 1996 , | 25 Agustus 2025 , | 14 Agustus 2026 | 12 Maret 1983 , | 17 Juli 2026 , | 25 Juli 2026 . | 25 Juni 1998 ,",,,,,,,,,,,,,,,3578100701082966 | 3578101002690004,
2490_Pdt.P_2026_PN Sby.pdf,Pdt.P,2026,PN Surabaya,/home/hujan/Documents/Kuliah/semester-7/Ekstraksi Informasi/Kode Tugas/MACHINE LEARNING IE/IE_project/output_txt/TXT_Putusan/2490_Pdt.P_2026_PN Sby.txt,sebagian,wajib_terisi=1/3 pihak=False,,"10 September 2026 , | 13 September 1989 , | 04 September 1953 , | 22 Agustus 1953 , | 26 Agustus 2026 , | 16 Januari 1984 | 09 April 2012 | 28 Juli 2026 | 11 Juli 1967 | 12 Mei 2022",,,,,,,,,,,,,,,"3578116208530001 , | 3578110201086057",
2495_Pdt.P_2026_PN Sby.pdf,Pdt.P,2026,PN Surabaya,/home/hujan/Documents/Kuliah/semester-7/Ekstraksi Informasi/Kode Tugas/MACHINE LEARNING IE/IE_project/output_txt/TXT_Putusan/2495_Pdt.P_2026_PN Sby.txt,sebagian,wajib_terisi=1/3 pihak=False,,"22 Desember 2025 , | 3 September 2026 , | 29 Oktober 2025 , | 05 Agustus 2026 , | 03 Januari 1953 , | 22 Agustus 1997 | 26 Juni 2026 , | 20 Maret 1986 | 21 Maret 1999",,,,,,,,,,,,,,,"3578062910250001 ,",
2500_Pdt.P_2026_PN Sby.pdf,Pdt.P,2026,PN Surabaya,/home/hujan/Documents/Kuliah/semester-7/Ekstraksi Informasi/Kode Tugas/MACHINE LEARNING IE/IE_project/output_txt/TXT_Putusan/2500_Pdt.P_2026_PN Sby.txt,sebagian,wajib_terisi=1/3 pihak=False,,"7 Februari 1970 , | 9 September 2026 | 27 November 2014 | 28 Oktober 2001 | 16 April 2002 , | 14 Agustus 2026 | 24 Maret 1995 | 02 April 1970 | 26 Maret 1970 | 08 April 2012",,,,,,,,,,,,,,,"3578244702700001 , | 3578240101081208",
2504_Pdt.P_2026_PN Sby.pdf,Pdt.P,2026,PN Surabaya,/home/hujan/Documents/Kuliah/semester-7/Ekstraksi Informasi/Kode Tugas/MACHINE LEARNING IE/IE_project/output_txt/TXT_Putusan/2504_Pdt.P_2026_PN Sby.txt,sebagian,wajib_terisi=1/3 pihak=False,,"18 Agustus 2026 . | 10 September 2026 | 5 Agustus 1988 , | 14 Juni 1962 , | 10 Mei 1982 , | 30 Maret 2023 | 08 Juli 2026 | 30 Mei 2016",,,,,,,,,,,,,,,3578121406620004 | 3578120101088906,
2505_Pdt.P_2026_PN Sby.pdf,Pdt.P,2026,PN Surabaya,/home/hujan/Documents/Kuliah/semester-7/Ekstraksi Informasi/Kode Tugas/MACHINE LEARNING IE/IE_project/output_txt/TXT_Putusan/2505_Pdt.P_2026_PN Sby.txt,sebagian,wajib_terisi=2/3 pihak=False,2505 / Pdt . P / 2026 / PN Sby “ DEMI KEADILAN,"18 Agustus 2026 , | 09 September 2026 | 20 April 2026 , | 25 Juni 2020 , | 11 Juli 2026 ,",,,,,,,,,,,,,,,"3578105005070009 , | 3578100201086796",
2508_Pdt.P_2026_PN Sby.pdf,Pdt.P,2026,PN Surabaya,/home/hujan/Documents/Kuliah/semester-7/Ekstraksi Informasi/Kode Tugas/MACHINE LEARNING IE/IE_project/output_txt/TXT_Putusan/2508_Pdt.P_2026_PN Sby.txt,sebagian,wajib_terisi=1/3 pihak=False,,"18 Agustus 2026 , | 12 Januari 2023 , | 25 Maret 1988 , | 22 Maret 2022 , | 16 Maret 2019 , | 20 Juli 2026 , | 18 Mei 1971 | 01 Mei 1958",,,,,,,,,,,,,,,3578130301083440 | 3578130105580001,
2509_Pdt.P_2026_PN Sby.pdf,Pdt.P,2026,PN Surabaya,/home/hujan/Documents/Kuliah/semester-7/Ekstraksi Informasi/Kode Tugas/MACHINE LEARNING IE/IE_project/output_txt/TXT_Putusan/2509_Pdt.P_2026_PN Sby.txt,sebagian,wajib_terisi=1/3 pihak=False,,"24 September 2005 , | 18 Agustus 2026 , | 18 Oktober 2018 , | 24 Desember 2013 | 29 Juli 2026 , | 15 Juni 1974 , | 04 Mei 1974 , | 4 April 2006",,,,,,,,,,,,,,,5103050405740006 | 3578300105130003,
2518_Pdt.P_2026_PN Sby.pdf,Pdt.P,2026,PN Surabaya,/home/hujan/Documents/Kuliah/semester-7/Ekstraksi Informasi/Kode Tugas/MACHINE LEARNING IE/IE_project/output_txt/TXT_Putusan/2518_Pdt.P_2026_PN Sby.txt,sebagian,wajib_terisi=2/3 pihak=False,"368 / Pdt . P / 1990 / PN . Uj-Pdg , bukti P-14","27 September 1991 . | 05 Agustus 2026 , | 29 Agustus 1978 , | 06 April 1982 , | 04 Januari 1989 | 16 Juli 2026 . | 23 Mei 2022",,,,,,,,,,,,,,,"3578016908780002 , | 3578010804820003 , | 3578012805110004 | 3578010101086159",
2522_Pdt.P_2025_PN Sby.pdf,Pdt.P,2025,PN Surabaya,/home/hujan/Documents/Kuliah/semester-7/Ekstraksi Informasi/Kode Tugas/MACHINE LEARNING IE/IE_project/output_txt/TXT_Putusan/2522_Pdt.P_2025_PN Sby.txt,sebagian,wajib_terisi=2/3 pihak=False,2522 / Pdt . P / 2025 / PN Sby . bernama SUGENG | 2522 / Pdt . P / 2025 / PN Sby . Catatan Sipil | 2522 / Pdt . P / 2025 / PN Sby . Undang-undang,"11 November 2025 , | 15 November 1982 , | 16 Oktober 2025 , | 13 Oktober 1982 , | 24 Agustus 2023 | 18 Juni 2001 , | 24 Maret 2023 | 5 Juli 2004 ,",,,,,,,,,,,,,,,"3578171310820001 , | 3578170101087570",
2523_Pdt.P_2026_PN Sby.pdf,Pdt.P,2026,PN Surabaya,/home/hujan/Documents/Kuliah/semester-7/Ekstraksi Informasi/Kode Tugas/MACHINE LEARNING IE/IE_project/output_txt/TXT_Putusan/2523_Pdt.P_2026_PN Sby.txt,sebagian,wajib_terisi=1/3 pihak=False,,"04 September 2026 , | 15 Desember 1987 , | 29 Agustus 2022 , | 19 Februari 2017 | 05 April 2012 , | 01 Maret 2017 , | 25 Januari 2011 | 18 Agustus 2026 | 21 Juli 2026 , | 24 Juni 2018 , | 01 Mei 1953 , | 25 Maret 2015 | 22 Mei 2024 ,",,,,,,,,,,,,,,,"3578300101089166 , | 3578131503280001 | 3578200101086298 | 3578130101080728 | 3578137006350087 | 3578131806150002 | 3578300711570001",
2524_Pdt.P_2026_PN Sby.pdf,Pdt.P,2026,PN Surabaya,/home/hujan/Documents/Kuliah/semester-7/Ekstraksi Informasi/Kode Tugas/MACHINE LEARNING IE/IE_project/output_txt/TXT_Putusan/2524_Pdt.P_2026_PN Sby.txt,sebagian,wajib_terisi=1/3 pihak=False,,"13 Desember 1980 , | 10 September 2026 | 04 Agustus 2003 | 11 Agustus 2026 | 08 Agustus 2024 | 29 Juni 2012",,,,,,,,,,,,,,,3578165312800004 | 3578160101089662,
2525_Pdt.P_2026_PN Sby.pdf,Pdt.P,2026,PN Surabaya,/home/hujan/Documents/Kuliah/semester-7/Ekstraksi Informasi/Kode Tugas/MACHINE LEARNING IE/IE_project/output_txt/TXT_Putusan/2525_Pdt.P_2026_PN Sby.txt,sebagian,wajib_terisi=1/3 pihak=False,,"23 November 1972 | 19 Agustus 2026 | 30 Januari 1958 | 16 Juni 1989 , | 6 Maret 1986",,,,,,,,,,,,,,,3578111601580002 | 3578110201082543,
2528_Pdt.P_2026_PN Sby.pdf,Pdt.P,2026,PN Surabaya,/home/hujan/Documents/Kuliah/semester-7/Ekstraksi Informasi/Kode Tugas/MACHINE LEARNING IE/IE_project/output_txt/TXT_Putusan/2528_Pdt.P_2026_PN Sby.txt,sebagian,wajib_terisi=1/3 pihak=False,,"14 Januari 2026 , | 19 Januari 1997 , | 26 Januari 2018 , | 17 Agustus 2026 , | 9 September 2026 | 19 Juni 2010 , | 19 Juni 1997",,,,,,,,,,,,,,,"3526025901920003 , | 3578120101082314",
2534_Pdt.P_2026_PN Sby.pdf,Pdt.P,2026,PN Surabaya,/home/hujan/Documents/Kuliah/semester-7/Ekstraksi Informasi/Kode Tugas/MACHINE LEARNING IE/IE_project/output_txt/TXT_Putusan/2534_Pdt.P_2026_PN Sby.txt,sebagian,wajib_terisi=1/3 pihak=False,,"01 Desember 1972 , | 10 September 2026 | 20 Agustus 2026 , | 22 Januari 1959 . | 14 Februari 1985 | 10 November 2011 | 22 Juli 1969 , | 18 Juli 2026 . | 10 April 2012",,,,,,,,,,,,,,,"3578162201590001 , | 3578160401081473",
2535_Pdt.P_2026_PN Sby.pdf,Pdt.P,2026,PN Surabaya,/home/hujan/Documents/Kuliah/semester-7/Ekstraksi Informasi/Kode Tugas/MACHINE LEARNING IE/IE_project/output_txt/TXT_Putusan/2535_Pdt.P_2026_PN Sby.txt,sebagian,wajib_terisi=1/3 pihak=False,,"19 Agustus 2026 , | 14 September 2026 | 10 Februari 2011 | 26 Maret 2024 , | 06 Juli 1973 , | 22 April 2022 | 30 Juni 1997",,,,,,,,,,,,,,,"3578204607730002 , | 3578200201085529 ,",
253_Pdt.G_2026_PN Sby.pdf,Pdt.G,2026,PN Surabaya,/home/hujan/Documents/Kuliah/semester-7/Ekstraksi Informasi/Kode Tugas/MACHINE LEARNING IE/IE_project/output_txt/TXT_Putusan/253_Pdt.G_2026_PN Sby.txt,sebagian,wajib_terisi=1/3 pihak=False,,"23 September 2025 , | 01 Desember 2025 . | 18 November 2026 , | 31 Oktober 2025 , | 31 Agustus 2026 , | 24 Februari 2026 | 21 November 1970 | 26 Februari 1973 | 8 Januari 2026 , | 18 Agustus 1988 | 16 Maret 2026 , | 22 April 2026 | 17 April 1979 | 4 Mei 2026 ,",,,,,,,,,,,,,,“ Alasan sah sebagaimana dimaksud pada ayat ( 3 ) meliputi antara lain : a . kondisi kesehatan yang tidak memungkinkan hadir dalam pertemuan Mediasi berdasarkan surat keterangan dokter,,
2553_Pdt.P_2026_PN Sby.pdf,Pdt.P,2026,PN Surabaya,/home/hujan/Documents/Kuliah/semester-7/Ekstraksi Informasi/Kode Tugas/MACHINE LEARNING IE/IE_project/output_txt/TXT_Putusan/2553_Pdt.P_2026_PN Sby.txt,sebagian,wajib_terisi=1/3 pihak=False,,"15 Februari 1995 , | 12 Februari 2017 , | 14 September 2026 | 31 Agustus 2026 , | 2 November 1999 , | 27 Nopember 2017 | 27 Januari 2018 | 13 Maret 2018 | 24 Juli 2026",,,,,,,,,,,,,,,3578100701082017 | 3578131802210008,
2554_Pdt.P_2026_PN Sby.pdf,Pdt.P,2026,PN Surabaya,/home/hujan/Documents/Kuliah/semester-7/Ekstraksi Informasi/Kode Tugas/MACHINE LEARNING IE/IE_project/output_txt/TXT_Putusan/2554_Pdt.P_2026_PN Sby.txt,sebagian,wajib_terisi=1/3 pihak=False,,"2 September 2026 , | 20 Desember 2016 | 19 Agustus 2026 | 03 Januari 1997 | 11 April 2012 | 9 Mei 1969 , | 05 Juni 2025",,,,,,,,,,,,,,,3578144905690002 | 3578140101080888,
2557_Pdt.P_2026_PN Sby.pdf,Pdt.P,2026,PN Surabaya,/home/hujan/Documents/Kuliah/semester-7/Ekstraksi Informasi/Kode Tugas/MACHINE LEARNING IE/IE_project/output_txt/TXT_Putusan/2557_Pdt.P_2026_PN Sby.txt,sebagian,wajib_terisi=1/3 pihak=True,,"6 Nopember 1982 . . | 03 Desember 2010 , | 25 September 2012 | 24 Agustus 2026 | 22 Oktober 1995 | 02 Juli 2012 , | 24 April 2012 | 14 Juli 1969 | 14 Juli 2017 | 26 Mei 2023",,,,,,,,,,,,,"DENNY KURNIAWAN , | Denny Kurniawan ,",,3510071407690003 | 3510071110056423 | 3578221407690002,
2558_Pdt.P_2026_PN Sby.pdf,Pdt.P,2026,PN Surabaya,/home/hujan/Documents/Kuliah/semester-7/Ekstraksi Informasi/Kode Tugas/MACHINE LEARNING IE/IE_project/output_txt/TXT_Putusan/2558_Pdt.P_2026_PN Sby.txt,sebagian,wajib_terisi=1/3 pihak=True,,"1 September 2026 , | 14 Februari 1986 , | 13 Januari 1969 , | 19 Januari 2005 , | 6 Januari 2023 . | 24 Agustus 2026 | 14 April 2023 , | 02 Juni 1987 , | 07 Juni 2021 ,",,,,,,,,,,,,,"Nge , Edi Prasadja | NGE , EDI PRASADJA",,3578081301690001 | 3578080201080695,
2559_Pdt.P_2026_PN Sby.pdf,Pdt.P,2026,PN Surabaya,/home/hujan/Documents/Kuliah/semester-7/Ekstraksi Informasi/Kode Tugas/MACHINE LEARNING IE/IE_project/output_txt/TXT_Putusan/2559_Pdt.P_2026_PN Sby.txt,sebagian,wajib_terisi=1/3 pihak=False,,"10 September 2026 | 20 Agustus 2026 , | 07 Februari 2005 | 16 Juni 2001 , | 02 Juli 2001 . | 07 Juli 2018 ,",,,,,,,,,,,,,,,3578061606010005 | 3578064202610006,
2567_Pdt.P_2026_PN Sby.pdf,Pdt.P,2026,PN Surabaya,/home/hujan/Documents/Kuliah/semester-7/Ekstraksi Informasi/Kode Tugas/MACHINE LEARNING IE/IE_project/output_txt/TXT_Putusan/2567_Pdt.P_2026_PN Sby.txt,sebagian,wajib_terisi=1/3 pihak=False,,"17 September 2026 , | 26 Agustus 2026 , | 09 September 2001 | 14 Oktober 1970 , | 12 Februari 2018 | 04 November 2024 | 15 Juli 1994 | 04 Juni 1994 | 11 Juni 2026 | 31 Mei 1964",,,,,,,,,,,,,,,3578101410700006 | 3578100101085370,
2569_Pdt.P_2026_PN Sby.pdf,Pdt.P,2026,PN Surabaya,/home/hujan/Documents/Kuliah/semester-7/Ekstraksi Informasi/Kode Tugas/MACHINE LEARNING IE/IE_project/output_txt/TXT_Putusan/2569_Pdt.P_2026_PN Sby.txt,sebagian,wajib_terisi=1/3 pihak=False,,"10 September 2026 | 19 Agustus 2026 , | 08 Januari 2022 , | 03 Februari 2022 | 22 Oktober 2007 | 01 Juli 1990 , | 10 April 2012",,,,,,,,,,,,,,,3578134107900002 | 3578131602100013,
2572_Pdt.P_2026_PN Sby.pdf,Pdt.P,2026,PN Surabaya,/home/hujan/Documents/Kuliah/semester-7/Ekstraksi Informasi/Kode Tugas/MACHINE LEARNING IE/IE_project/output_txt/TXT_Putusan/2572_Pdt.P_2026_PN Sby.txt,sebagian,wajib_terisi=2/3 pihak=False,2572 / Pdt . P / 2026 / PN Sby 3 . Bahwa PEMOHON | 2572 / Pdt . P / 2026 / PN Sby Atas keterangan | 2572 / Pdt . P / 2026 / PN Sby dapat diberikan,"15 September 2026 | 18 Oktober 1979 , | 07 Nopember 1979 | 21 Agustus 2026 | 12 Juli 2017 | 20 Juni 2022 | 03 Mei 2017",,,,,,,,,,,,,,,"3578182110130009 , | 3578081810790002 ,",
2573_Pdt.P_2026_PN Sby.pdf,Pdt.P,2026,PN Surabaya,/home/hujan/Documents/Kuliah/semester-7/Ekstraksi Informasi/Kode Tugas/MACHINE LEARNING IE/IE_project/output_txt/TXT_Putusan/2573_Pdt.P_2026_PN Sby.txt,sebagian,wajib_terisi=1/3 pihak=False,,"9 September 2026 , | 26 Agustus 2026 , | 2 Desember 1968 , | 25 Mei 2026 , | 18 April 1993 | 22 April 2021 | 29 Juni 1996 | 11 Juni 2026 | 04 Juli 2022 | 04 Mei 1967",,,,,,,,,,,,,,,3578140212680004 | 3578140301080304,
2577_Pdt.P_2026_PN Sby.pdf,Pdt.P,2026,PN Surabaya,/home/hujan/Documents/Kuliah/semester-7/Ekstraksi Informasi/Kode Tugas/MACHINE LEARNING IE/IE_project/output_txt/TXT_Putusan/2577_Pdt.P_2026_PN Sby.txt,sebagian,wajib_terisi=1/3 pihak=False,,"25 November 2022 , | 9 September 2026 , | 25 Oktober 2020 , | 9 Februari 2026 , | 26 Agustus 2026 , | 28 Januari 2026 , | 15 April 2026 , | 7 Maret 1978 ,",,,,,,,,,,,,,,,"3578210703780001 , | 3578052103130009 ,",
2578_Pdt.P_2026_PN Sby.pdf,Pdt.P,2026,PN Surabaya,/home/hujan/Documents/Kuliah/semester-7/Ekstraksi Informasi/Kode Tugas/MACHINE LEARNING IE/IE_project/output_txt/TXT_Putusan/2578_Pdt.P_2026_PN Sby.txt,sebagian,wajib_terisi=1/3 pihak=False,,"29 Oktober 2007 , | 10 September 2026 | 26 Agustus 2026 | 13 April 1975 , | 30 Juni 1975 , | 10 April 2012 | 21 Mei 1975 , | 27 Juli 2026 | 13 Juni 2025",,,,,,,,,,,,,,,3578291304750001 | 3578290101084222,
2581_Pdt.P_2026_PN Sby.pdf,Pdt.P,2026,PN Surabaya,/home/hujan/Documents/Kuliah/semester-7/Ekstraksi Informasi/Kode Tugas/MACHINE LEARNING IE/IE_project/output_txt/TXT_Putusan/2581_Pdt.P_2026_PN Sby.txt,sebagian,wajib_terisi=1/3 pihak=False,,"10 September 1951 , | 09 September 2026 , | 17 Nopember 2011 , | 11 Desember 1991 , | 26 Agustus 2026 , | 29 Maret 1976 , | 28 Mei 1976 , | 7 April 1976 | 3 Juli 1976",,,,,,,,,,,,,,,"3578244609510001 , | 3578240101082701",
2582_Pdt.P_2026_PN Sby.pdf,Pdt.P,2026,PN Surabaya,/home/hujan/Documents/Kuliah/semester-7/Ekstraksi Informasi/Kode Tugas/MACHINE LEARNING IE/IE_project/output_txt/TXT_Putusan/2582_Pdt.P_2026_PN Sby.txt,sebagian,wajib_terisi=1/3 pihak=False,,"09 September 2026 , | 24 Februari 1997 , | 24 Agustus 2026 , | 11 Februari 2021 | 10 Oktober 2000 | 16 Juli 1966 , | 14 Juli 2026 , | 3 Juni 2025 , | 28 April 2023 | 12 Mei 1977 ,",,,,,,,,,,,,,,,3578080101087221 | 3578081205770002,
2587_Pdt.P_2026_PN Sby.pdf,Pdt.P,2026,PN Surabaya,/home/hujan/Documents/Kuliah/semester-7/Ekstraksi Informasi/Kode Tugas/MACHINE LEARNING IE/IE_project/output_txt/TXT_Putusan/2587_Pdt.P_2026_PN Sby.txt,sebagian,wajib_terisi=2/3 pihak=False,"2587 / Pdt . P / 2026 / PN Sby , dengan alasan | 2587 / Pdt . P / 2026 / PN Sby telah dicabut","10 September 2026 , | 14 Agustus 2026 , | 27 Maret 1966 ,",,,,,,,,,,,,,,,"3578216703660001 ,",
2588_Pdt.P_2026_PN Sby.pdf,Pdt.P,2026,PN Surabaya,/home/hujan/Documents/Kuliah/semester-7/Ekstraksi Informasi/Kode Tugas/MACHINE LEARNING IE/IE_project/output_txt/TXT_Putusan/2588_Pdt.P_2026_PN Sby.txt,sebagian,wajib_terisi=2/3 pihak=False,2588 / Pdt . P / 2026 / PN Sby dan Pencatatan,"13 Desember 1999 , | 17 September 2026 | 25 Februari 2020 | 20 Agustus 2026 | 10 Juni 2015 | 13 Mei 2023 | 03 Mei 2018 | 8 Mei 2000",,,,,,,,,,,,,,,3578060301088654 | 3525071312990002,
2589_Pdt.P_2026_PN Sby.pdf,Pdt.P,2026,PN Surabaya,/home/hujan/Documents/Kuliah/semester-7/Ekstraksi Informasi/Kode Tugas/MACHINE LEARNING IE/IE_project/output_txt/TXT_Putusan/2589_Pdt.P_2026_PN Sby.txt,sebagian,wajib_terisi=2/3 pihak=False,"2589 / Pdt . P / 2026 / PN . Sby . dengan alasan | 2589 / Pdt . P / 2026 / PN . Sby “ DEMI KEADILAN | 2589 / Pdt . P / 2026 / PN . Sby , dari Register","10 September 2026 | 26 Agustus 2026 , | 05 September 1957",,,,,,,,,,,,,,,,
2594_Pdt.P_2026_PN Sby.pdf,Pdt.P,2026,PN Surabaya,/home/hujan/Documents/Kuliah/semester-7/Ekstraksi Informasi/Kode Tugas/MACHINE LEARNING IE/IE_project/output_txt/TXT_Putusan/2594_Pdt.P_2026_PN Sby.txt,sebagian,wajib_terisi=1/3 pihak=False,,"13 November 1997 , | 15 September 2026 | 24 Desember 2013 | 10 Februari 2023 | 16 Desember 1997 | 26 Agustus 2026",,,,,,,,,,,,,,,3578050201088936 | 3578055311970002,
2596_Pdt.P_2026_PN Sby.pdf,Pdt.P,2026,PN Surabaya,/home/hujan/Documents/Kuliah/semester-7/Ekstraksi Informasi/Kode Tugas/MACHINE LEARNING IE/IE_project/output_txt/TXT_Putusan/2596_Pdt.P_2026_PN Sby.txt,sebagian,wajib_terisi=1/3 pihak=False,,"15 September 2026 | 26 Agustus 2026 | 15 Januari 2026 | 03 April 1978 , | 12 Agustus 2014 | 13 Maret 1976 | 17 April 2018",,,,,,,,,,,,,,,"3578050304780006 , | 3578050101085736",
2600_Pdt.P_2026_PN Sby.pdf,Pdt.P,2026,PN Surabaya,/home/hujan/Documents/Kuliah/semester-7/Ekstraksi Informasi/Kode Tugas/MACHINE LEARNING IE/IE_project/output_txt/TXT_Putusan/2600_Pdt.P_2026_PN Sby.txt,sebagian,wajib_terisi=1/3 pihak=False,,"12 September 1944 , | 12 November 1973 , | 02 Agustus 2025 , | 07 Agustus 1970 , | 19 Agustus 2026 | 19 Juli 2024 , | 24 Juni 2025 , | 15 Juni 1948 | 4 April 1970",,,,,,,,,,,,,,,3578101209440005,
2604_Pdt.P_2026_PN Sby.pdf,Pdt.P,2026,PN Surabaya,/home/hujan/Documents/Kuliah/semester-7/Ekstraksi Informasi/Kode Tugas/MACHINE LEARNING IE/IE_project/output_txt/TXT_Putusan/2604_Pdt.P_2026_PN Sby.txt,sebagian,wajib_terisi=1/3 pihak=False,,"18 September 2013 , | 18 Agustus 2026 , | 28 Oktober 2013",,,,,,,,,,,,,,,3578085011920004,
2607_Pdt.P_2026_PN Sby.pdf,Pdt.P,2026,PN Surabaya,/home/hujan/Documents/Kuliah/semester-7/Ekstraksi Informasi/Kode Tugas/MACHINE LEARNING IE/IE_project/output_txt/TXT_Putusan/2607_Pdt.P_2026_PN Sby.txt,sebagian,wajib_terisi=1/3 pihak=False,,"10 November 1992 , | 15 Agustus 2024 , | 16 September 2026 | 24 Agustus 2026 | 30 Januari 2011 | 4 Maret 2011 ,",,,,,,,,,,,,,,,"3578085011920004 ,",
2608_Pdt.P_2026_PN Sby.pdf,Pdt.P,2026,PN Surabaya,/home/hujan/Documents/Kuliah/semester-7/Ekstraksi Informasi/Kode Tugas/MACHINE LEARNING IE/IE_project/output_txt/TXT_Putusan/2608_Pdt.P_2026_PN Sby.txt,sebagian,wajib_terisi=2/3 pihak=False,"2608 / Pdt . P / 2026 / PN Sby Tgl . 18-03-2009 , | 2608 / Pdt . P / 2026 / PN Sby 2 . Biaya Proses | 2608 / Pdt . P / 2026 / PN Sby November 2011 , | 2608 / Pdt . P / 2026 / PN Sby -Sebidang tanah","17 September 2026 , | 26 Agustus 2026 | 22 April 1984 , | 30 Oktober 2011 | 15 Juli 2026 , | 21 Mei 2021 , | 8 Juni 2021",,,,,,,,,,,,,,,3578312204840001 | 3578310101083554,
2609_Pdt.P_2026_PN Sby.pdf,Pdt.P,2026,PN Surabaya,/home/hujan/Documents/Kuliah/semester-7/Ekstraksi Informasi/Kode Tugas/MACHINE LEARNING IE/IE_project/output_txt/TXT_Putusan/2609_Pdt.P_2026_PN Sby.txt,sebagian,wajib_terisi=1/3 pihak=False,,"10 September 2026 , | 18 Oktober 2018 , | 27 Agustus 2026 , | 16 Maret 2001 , | 24 Oktober 2025 | 15 Oktober 2000 | 25 April 2001 | 09 Juni 1980",,,,,,,,,,,,,,,3578175603010004 | 3578170301087876,
2610_Pdt.P_2026_PN Sby.pdf,Pdt.P,2026,PN Surabaya,/home/hujan/Documents/Kuliah/semester-7/Ekstraksi Informasi/Kode Tugas/MACHINE LEARNING IE/IE_project/output_txt/TXT_Putusan/2610_Pdt.P_2026_PN Sby.txt,sebagian,wajib_terisi=1/3 pihak=False,,"14 September 2026 , | 27 Agustus 2026 , | 31 Agustus 1965 | 27 Juli 1987 , | 17 April 1995 | 30 Maret 1995 | 30 Mei 2026",,,,,,,,,,,,,,,3578013005260001 . | 3578012607190004 | 3578012506880003,
2615_Pdt.P_2026_PN Sby.pdf,Pdt.P,2026,PN Surabaya,/home/hujan/Documents/Kuliah/semester-7/Ekstraksi Informasi/Kode Tugas/MACHINE LEARNING IE/IE_project/output_txt/TXT_Putusan/2615_Pdt.P_2026_PN Sby.txt,sebagian,wajib_terisi=1/3 pihak=False,,"01 September 1972 , | 14 September 2026 | 05 Februari 2022 | 24 Agustus 2026 | 05 Agustus 2025 | 19 Agustus 1971 | 20 Maret 2022",,,,,,,,,,,,,,,3578100201089355 | 3578104109720003,
2616_Pdt.P_2026_PN Sby.pdf,Pdt.P,2026,PN Surabaya,/home/hujan/Documents/Kuliah/semester-7/Ekstraksi Informasi/Kode Tugas/MACHINE LEARNING IE/IE_project/output_txt/TXT_Putusan/2616_Pdt.P_2026_PN Sby.txt,sebagian,wajib_terisi=1/3 pihak=False,,"10 September 2026 , | 15 Agustus 1997 , | 27 Agustus 2026 , | 06 Oktober 1997 . | 23 Agustus 1995 . | 05 Agustus 2025 | 20 Juli 2026 ,",,,,,,,,,,,,,,,"3521015303730005 , | 3578222804150004 | 3521015508970002",
2618_Pdt.P_2026_PN Sby.pdf,Pdt.P,2026,PN Surabaya,/home/hujan/Documents/Kuliah/semester-7/Ekstraksi Informasi/Kode Tugas/MACHINE LEARNING IE/IE_project/output_txt/TXT_Putusan/2618_Pdt.P_2026_PN Sby.txt,sebagian,wajib_terisi=2/3 pihak=False,"2618 / Pdt . P / 2026 / PN Sby , dengan alasan | 2618 / Pdt . P / 2026 / PN Sby Rincian Biaya : | 2618 / Pdt . P / 2026 / PN Sby telah dicabut","15 Agustus 1956 , | 11 Agustus 2026 ,",,,,,,,,,,,,,,,"3578065508560007 ,",
2619_Pdt.P_2026_PN Sby.pdf,Pdt.P,2026,PN Surabaya,/home/hujan/Documents/Kuliah/semester-7/Ekstraksi Informasi/Kode Tugas/MACHINE LEARNING IE/IE_project/output_txt/TXT_Putusan/2619_Pdt.P_2026_PN Sby.txt,sebagian,wajib_terisi=2/3 pihak=False,2619 / Pdt . P / 2026 / PN Sby Mengingat Pasal | 2619 / Pdt . P / 2026 / PN Sby halaman 11 dari | 2619 / Pdt . P / 2026 / PN Sby 4 . Membebankan,"18 November 2009 . | 17 September 2026 | 29 Desember 1978 | 15 Agustus 2022 | 24 Oktober 1997 | 26 Juni 1976 , | 8 Juni 2022 , | 17 Juli 1976",,,,,,,,,,,,,,,3578080401087359 | 3578082606760004,
2620_Pdt.P_2026_PN Sby.pdf,Pdt.P,2026,PN Surabaya,/home/hujan/Documents/Kuliah/semester-7/Ekstraksi Informasi/Kode Tugas/MACHINE LEARNING IE/IE_project/output_txt/TXT_Putusan/2620_Pdt.P_2026_PN Sby.txt,sebagian,wajib_terisi=1/3 pihak=False,,"14 September 2026 | 05 Februari 2022 | 13 November 2019 | 26 Agustus 2026 | 19 Agustus 1971 | 01 Juli 1984 , | 20 Maret 2022 | 17 Juni 2014",,,,,,,,,,,,,,,3578104107840007 | 3578101311140037,
2624_Pdt.P_2026_PN Sby.pdf,Pdt.P,2026,PN Surabaya,/home/hujan/Documents/Kuliah/semester-7/Ekstraksi Informasi/Kode Tugas/MACHINE LEARNING IE/IE_project/output_txt/TXT_Putusan/2624_Pdt.P_2026_PN Sby.txt,sebagian,wajib_terisi=1/3 pihak=False,,"17 Oktober 1964 , | 14 September 2026 | 25 September 1987 | 27 Agustus 2026 | 05 Oktober 1987 | 23 Juni 2026",,,,,,,,,,,,,,,3578102306260007 | 3578105710640008,
2626_Pdt.P_2026_PN Sby.pdf,Pdt.P,2026,PN Surabaya,/home/hujan/Documents/Kuliah/semester-7/Ekstraksi Informasi/Kode Tugas/MACHINE LEARNING IE/IE_project/output_txt/TXT_Putusan/2626_Pdt.P_2026_PN Sby.txt,sebagian,wajib_terisi=1/3 pihak=False,,"15 September 2026 | 8 November 1990 , | 18 November 2009 | 4 Januari 2010 , | 6 Agustus 2026 , | 20 Juni 2005 , | 14 Juli 2004 ,",,,,,,,,,,,,,,,3578205507790001,
2629_Pdt.P_2026_PN Sby.pdf,Pdt.P,2026,PN Surabaya,/home/hujan/Documents/Kuliah/semester-7/Ekstraksi Informasi/Kode Tugas/MACHINE LEARNING IE/IE_project/output_txt/TXT_Putusan/2629_Pdt.P_2026_PN Sby.txt,sebagian,wajib_terisi=1/3 pihak=False,,"28 Agustus 2026 , | 16 September 2020 | 23 September 1997 | 29 Nopember 1975 | 05 Agustus 1016 | 18 Juli 1959 , | 06 April 1978",,,,,,,,,,,,,,,"3578211807590001 , | 3578210101088474",
2631_Pdt.P_2026_PN Sby.pdf,Pdt.P,2026,PN Surabaya,/home/hujan/Documents/Kuliah/semester-7/Ekstraksi Informasi/Kode Tugas/MACHINE LEARNING IE/IE_project/output_txt/TXT_Putusan/2631_Pdt.P_2026_PN Sby.txt,sebagian,wajib_terisi=1/3 pihak=False,,"10 September 2026 , | 28 Agustus 2026 , | 07 Agustus 2006 | 17 April 2024 | 09 Maret 1987 | 07 Juli 1960 | 13 Mei 2024",,,,,,,,,,,,,,,3578200201082337 | 3578200707600001,
2632_Pdt.P_2026_PN Sby.pdf,Pdt.P,2026,PN Surabaya,/home/hujan/Documents/Kuliah/semester-7/Ekstraksi Informasi/Kode Tugas/MACHINE LEARNING IE/IE_project/output_txt/TXT_Putusan/2632_Pdt.P_2026_PN Sby.txt,sebagian,wajib_terisi=2/3 pihak=False,"2632 / Pdt . P / 2026 / PN Sby , Pemohon telah","13 September 1951 , | 25 September 1978 , | 14 September 2026 | 21 Agustus 2026 , | 01 Desember 1971 | 21 Juli 2026 , | 2 Mei 2012 ,",,,,,,,,,,,,,,,3578025309510002 | 3578022107260001,
2636_Pdt.P_2026_PN Sby.pdf,Pdt.P,2026,PN Surabaya,/home/hujan/Documents/Kuliah/semester-7/Ekstraksi Informasi/Kode Tugas/MACHINE LEARNING IE/IE_project/output_txt/TXT_Putusan/2636_Pdt.P_2026_PN Sby.txt,sebagian,wajib_terisi=1/3 pihak=False,,"10 September 1970 , | 12 Desember 1997 , | 09 November 1997 , | 14 September 2026 | 29 Desember 2025 | 27 Agustus 2026 | 24 Juli 2026 , | 12 April 1965 | 16 Mei 1995 , | 17 Juli 2016 | 03 Mei 2012",,,,,,,,,,,,,,,3578251204650001 | 3578255707700001 | 3578250101087058 | 3578254911970001,
263_Pdt.G_2026_PN Sby.pdf,Pdt.G,2026,PN Surabaya,/home/hujan/Documents/Kuliah/semester-7/Ekstraksi Informasi/Kode Tugas/MACHINE LEARNING IE/IE_project/output_txt/TXT_Putusan/263_Pdt.G_2026_PN Sby.txt,sebagian,wajib_terisi=2/3 pihak=False,263 / Pdt . G / 2026 / PN Sby,"09 Februari 2018 . | 10 Februari 2026 , | 26 November 2015 , | 10 November 2012 . | 17 September 2026 | 25 Agustus 1956 , | 01 Oktober 2012 . | 06 Agustus 2012 . | 30 September 2013 | 02 Januari 2025 . | 26 Maret 2026 , | 29 Maret 2023 . | 11 Maret 2013 . | 15 Januari 2016 | 20 Maret 2018 . | 15 April 1976 , | 22 Agustus 2025 | 05 Juni 2025 . | 10 Juli 2026 , | 26 Juni 2013 . | 23 Juli 2012 . | 09 April 2026 | 27 Mei 1975 , | 08 April 2015 | 15 Mei 2013 . | 13 April 2013 | 15 Maret 2025 | 19 Juni 1979",,,,,,,,,,,,,,,,
2645_Pdt.P_2026_PN Sby.pdf,Pdt.P,2026,PN Surabaya,/home/hujan/Documents/Kuliah/semester-7/Ekstraksi Informasi/Kode Tugas/MACHINE LEARNING IE/IE_project/output_txt/TXT_Putusan/2645_Pdt.P_2026_PN Sby.txt,sebagian,wajib_terisi=1/3 pihak=False,,"01 September 2026 , | 21 November 2022 , | 23 Desember 1990 , | 15 Januari 1991 , | 19 Agustus 2026 , | 9 Nopember 1988 , | 11 Maret 2025 , | 22 Oktober 1988 | 22 Juni 2026 , | 25 Juli 2021",,,,,,,,,,,,,,,"3578146312900001 , | 3578202206260002",
2650_Pdt.P_2026_PN Sby.pdf,Pdt.P,2026,PN Surabaya,/home/hujan/Documents/Kuliah/semester-7/Ekstraksi Informasi/Kode Tugas/MACHINE LEARNING IE/IE_project/output_txt/TXT_Putusan/2650_Pdt.P_2026_PN Sby.txt,sebagian,wajib_terisi=1/3 pihak=False,,"01 September 2026 , | 09 Februari 2023 , | 31 Agustus 2026 , | 12 Januari 2023 , | 21 November 1975 | 23 Mei 2018 , | 30 Mei 1994 ,",,,,,,,,,,,,,,,3578060301085751 | 3578062111750005,
2651_Pdt.P_2026_PN Sby.pdf,Pdt.P,2026,PN Surabaya,/home/hujan/Documents/Kuliah/semester-7/Ekstraksi Informasi/Kode Tugas/MACHINE LEARNING IE/IE_project/output_txt/TXT_Putusan/2651_Pdt.P_2026_PN Sby.txt,sebagian,wajib_terisi=1/3 pihak=False,,"11 September 2014 , | 05 Januari 200 1 , | 9 Februari 2001 , | 17 Oktober 2017 , | 10 Februari 2023 | 31 Agustus 2026 | 16 Juni 1979 , | 13 Mei 2019 , | 10 Maret 2017 | 26 Juni 2026",,,,,,,,,,,,,,,3578124501010001,
2653_Pdt.P_2026_PN Sby.pdf,Pdt.P,2026,PN Surabaya,/home/hujan/Documents/Kuliah/semester-7/Ekstraksi Informasi/Kode Tugas/MACHINE LEARNING IE/IE_project/output_txt/TXT_Putusan/2653_Pdt.P_2026_PN Sby.txt,sebagian,wajib_terisi=1/3 pihak=False,,"18 November 2034 , | 1 September 2026 , | 20 Desember 1963 , | 18 Oktober 2018 , | 16 Januari 2015 | 31 Agustus 2026 | 06 Juli 2012 | 4 April 2006",,,,,,,,,,,,,,,3578104112630003 | 3578100301086477,
2654_Pdt.P_2026_PN Sby.pdf,Pdt.P,2026,PN Surabaya,/home/hujan/Documents/Kuliah/semester-7/Ekstraksi Informasi/Kode Tugas/MACHINE LEARNING IE/IE_project/output_txt/TXT_Putusan/2654_Pdt.P_2026_PN Sby.txt,sebagian,wajib_terisi=1/3 pihak=False,,"16 September 2026 , | 10 Desember 2009 , | 30 Desember 1982 , | 21 Desember 1979 , | 09 Agustus 1983 , | 27 Agustus 2026 , | 18 Maret 1979 , | 16 Mei 1998 , | 12 Maret 2002 | 08 April 1996 | 15 Juli 2026 | 05 Juni 2012",,,,,,,,,,,,,,,,
2661_Pdt.P_2026_PN Sby.pdf,Pdt.P,2026,PN Surabaya,/home/hujan/Documents/Kuliah/semester-7/Ekstraksi Informasi/Kode Tugas/MACHINE LEARNING IE/IE_project/output_txt/TXT_Putusan/2661_Pdt.P_2026_PN Sby.txt,sebagian,wajib_terisi=1/3 pihak=False,,"17 September 2026 , | 24 Januari 1983 . | 08 Januari 2024 | 31 Agustus 2026",,,,,,,,,,,,,,,3578085401830007 . | 3578060301084037,
2667_Pdt.P_2026_PN Sby.pdf,Pdt.P,2026,PN Surabaya,/home/hujan/Documents/Kuliah/semester-7/Ekstraksi Informasi/Kode Tugas/MACHINE LEARNING IE/IE_project/output_txt/TXT_Putusan/2667_Pdt.P_2026_PN Sby.txt,sebagian,wajib_terisi=1/3 pihak=False,,"02 September 2026 , | 07 Desember 2026 , | 22 November 2021 , | 24 Februari 2020 , | 25 Januari 1991 , | 14 Desember 1990 | 16 Januari 2024 | 10 Juli 2023 ,",,,,,,,,,,,,,,,"3578035412900002 , | 3578031012150012 ,",
2668_Pdt.P_2026_PN Sby.pdf,Pdt.P,2026,PN Surabaya,/home/hujan/Documents/Kuliah/semester-7/Ekstraksi Informasi/Kode Tugas/MACHINE LEARNING IE/IE_project/output_txt/TXT_Putusan/2668_Pdt.P_2026_PN Sby.txt,sebagian,wajib_terisi=1/3 pihak=False,,"19 Agustus 2026 , | 02 September 2026 | 31 Maret 1980 , | 10 April 1980 , | 26 Juni 2006 , | 02 Mei 2012",,,,,,,,,,,,,,,3578283103800001 | 3578280101082921,
2671_Pdt.P_2026_PN Sby.pdf,Pdt.P,2026,PN Surabaya,/home/hujan/Documents/Kuliah/semester-7/Ekstraksi Informasi/Kode Tugas/MACHINE LEARNING IE/IE_project/output_txt/TXT_Putusan/2671_Pdt.P_2026_PN Sby.txt,sebagian,wajib_terisi=1/3 pihak=False,,"19 November 1990 , | 14 September 2026 | 19 Januari 1990 , | 14 November 2020 | 28 Januari 2002 | 13 Juni 2007 | 01 Juni 2013 | 29 Juni 2001 | 22 Mei 2021",,,,,,,,,,,,,,,"3578101511130012 , | 3524205911900002",
2672_Pdt.P_2026_PN Sby.pdf,Pdt.P,2026,PN Surabaya,/home/hujan/Documents/Kuliah/semester-7/Ekstraksi Informasi/Kode Tugas/MACHINE LEARNING IE/IE_project/output_txt/TXT_Putusan/2672_Pdt.P_2026_PN Sby.txt,sebagian,wajib_terisi=1/3 pihak=False,,"1 September 2026 , | 12 Februari 1971 , | 25 Februari 2026 , | 31 Agustus 2026 , | 29 Agustus 1942 , | 19 Desember 2025 | 14 Oktober 2024 | 24 April 1977 , | 10 Juli 1981 , | 10 Juli 2026 , | 9 April 2026 , | 23 Mei 1977",,,,,,,,,,,,,,,"3578036908420001 , | 3173052404770011 | 3578032502260002 | 3515082801099455",
2674_Pdt.P_2026_PN Sby.pdf,Pdt.P,2026,PN Surabaya,/home/hujan/Documents/Kuliah/semester-7/Ekstraksi Informasi/Kode Tugas/MACHINE LEARNING IE/IE_project/output_txt/TXT_Putusan/2674_Pdt.P_2026_PN Sby.txt,sebagian,wajib_terisi=1/3 pihak=False,,"03 September 2026 , | 01 November 1998 , | 04 Desember 1989 , | 03 Februari 2022 . | 01 Oktober 2022 , | 05 September 1994 | 27 Agustus 2026 , | 26 Agustus 1971 , | 20 Mei 1963 ,",,,,,,,,,,,,,,,"3578052608710004 , | 3578050101082369 ,",
2675_Pdt.P_2026_PN Sby.pdf,Pdt.P,2026,PN Surabaya,/home/hujan/Documents/Kuliah/semester-7/Ekstraksi Informasi/Kode Tugas/MACHINE LEARNING IE/IE_project/output_txt/TXT_Putusan/2675_Pdt.P_2026_PN Sby.txt,sebagian,wajib_terisi=1/3 pihak=False,,"17 September 2026 , | 18 Oktober 2018 , | 2 Januari 1983 , | 10 Februari 1985 | 08 Agustus 2008 | 17 Januari 2014 | 15 Juni 2026 | 10 Juni 1988 | 01 Mei 2012",,,,,,,,,,,,,,,3578040705090012 | 3578084201830003,
2695_Pdt.P_2026_PN Sby.pdf,Pdt.P,2026,PN Surabaya,/home/hujan/Documents/Kuliah/semester-7/Ekstraksi Informasi/Kode Tugas/MACHINE LEARNING IE/IE_project/output_txt/TXT_Putusan/2695_Pdt.P_2026_PN Sby.txt,sebagian,wajib_terisi=1/3 pihak=False,,"11 September 2026 , | 20 November 1947 , | 27 Agustus 2026",,,,,,,,,,,,,,,3578030101086111 | 3578032011470001 | 417690,
2696_Pdt.P_2026_PN Sby.pdf,Pdt.P,2026,PN Surabaya,/home/hujan/Documents/Kuliah/semester-7/Ekstraksi Informasi/Kode Tugas/MACHINE LEARNING IE/IE_project/output_txt/TXT_Putusan/2696_Pdt.P_2026_PN Sby.txt,sebagian,wajib_terisi=1/3 pihak=False,,"11 September 2026 , | 28 Juni 1986 . | 07 Juni 1957 , | 07 JUNI 1957 | 15 Juli 2026",,,,,,,,,,,,,,,"3578160301083833 , | 3578160706570003",
2697_Pdt.P_2026_PN Sby.pdf,Pdt.P,2026,PN Surabaya,/home/hujan/Documents/Kuliah/semester-7/Ekstraksi Informasi/Kode Tugas/MACHINE LEARNING IE/IE_project/output_txt/TXT_Putusan/2697_Pdt.P_2026_PN Sby.txt,sebagian,wajib_terisi=1/3 pihak=False,,"11 September 2026 , | 01 Oktober 1958 | 10 Mei 2026",,,,,,,,,,,,,,,3578134110580001 | 3578130301083637,
2699_Pdt.P_2026_PN Sby.pdf,Pdt.P,2026,PN Surabaya,/home/hujan/Documents/Kuliah/semester-7/Ekstraksi Informasi/Kode Tugas/MACHINE LEARNING IE/IE_project/output_txt/TXT_Putusan/2699_Pdt.P_2026_PN Sby.txt,sebagian,wajib_terisi=2/3 pihak=False,2694 / Pdt . P / 2026 / PN Sby yang dibacakan,"11 September 2026 , | 19 Maret 1970 ,",,,,,,,,,,,,,,,,
26_Pid.Sus_2018_PN SBY.pdf,Pid.Sus,2018,PN Surabaya,/home/hujan/Documents/Kuliah/semester-7/Ekstraksi Informasi/Kode Tugas/MACHINE LEARNING IE/IE_project/output_txt/TXT_Putusan/26_Pid.Sus_2018_PN SBY.txt,sebagian,wajib_terisi=1/3 pihak=False,,"21 Februari 2018 , | 05 Desember 2017 | 18 Oktober 2017 | 03 Januari 2018 | 06 Maret 1958 | 02 April 2018",,,,Pasal 48 KUHP,,,,,,"-Bahwa saya ditangkap pada hari Jumat tanggal 06 Oktober 2017 sektiar jam 12 wib di pinggir Karangrejo Gg Kec Surabaya pada saat sedang mengantarkan pesanan sabu kepada pelanggan | Hal-hal yang memberatkan : -Perbuatan para Terdakwa tidak mendukung program pemerintah dalam memberantas tindak pidana narkoba | 1 AGUS PURWANTO , dibawah sumpah pada pokoknya menerangkan sebagai berikut : -Saksi dalam keadaan sehat jasmani dan rohani | -1 ( plastik klip isi sabu sisa labfor 0 ( koma nol tiga delapan gram -1 ( botol plastik bekas isi urine sisa labfor",,,,,,
2700_Pdt.P_2026_PN Sby.pdf,Pdt.P,2026,PN Surabaya,/home/hujan/Documents/Kuliah/semester-7/Ekstraksi Informasi/Kode Tugas/MACHINE LEARNING IE/IE_project/output_txt/TXT_Putusan/2700_Pdt.P_2026_PN Sby.txt,sebagian,wajib_terisi=2/3 pihak=False,2694 / Pdt . P / 2026 / PN Sby yang dibacakan,"11 September 2026 , | 14 Desember 1977 ,",,,,,,,,,,,,,,,,
2702_Pdt.P_2026_PN Sby.pdf,Pdt.P,2026,PN Surabaya,/home/hujan/Documents/Kuliah/semester-7/Ekstraksi Informasi/Kode Tugas/MACHINE LEARNING IE/IE_project/output_txt/TXT_Putusan/2702_Pdt.P_2026_PN Sby.txt,sebagian,wajib_terisi=2/3 pihak=False,2694 / Pdt . P / 2026 / PN Sby yang dibacakan,"11 September 2026 , | 13 Oktober 1984 ,",,,,,,,,,,,,,,,,
2711_Pdt.P_2026_PN Sby.pdf,Pdt.P,2026,PN Surabaya,/home/hujan/Documents/Kuliah/semester-7/Ekstraksi Informasi/Kode Tugas/MACHINE LEARNING IE/IE_project/output_txt/TXT_Putusan/2711_Pdt.P_2026_PN Sby.txt,sebagian,wajib_terisi=1/3 pihak=False,,"14 Desember 1963 , | 28 Februari 2020 , | 21 Maret 2024 , | 21 Juni 1988 ,",,,,,,,,,,,,,,,"3578215412630004 , | 3578212102200004",
2724_Pdt.P_2026_PN Sby.pdf,Pdt.P,2026,PN Surabaya,/home/hujan/Documents/Kuliah/semester-7/Ekstraksi Informasi/Kode Tugas/MACHINE LEARNING IE/IE_project/output_txt/TXT_Putusan/2724_Pdt.P_2026_PN Sby.txt,sebagian,wajib_terisi=1/3 pihak=False,,"12 Februari 1985 , | 03 September 1997 | 20 Oktober 2008 , | 16 Agustus 1965 , | 18 September 2026 | 22 April 2024 | 08 April 2012 | 12 Juni 1997 | 31 Juli 2008",,,,,,,,,,,,,,,"3578045202850002 , | 3578040301080703 | 1997",
2738_Pdt.P_2026_PN Sby.pdf,Pdt.P,2026,PN Surabaya,/home/hujan/Documents/Kuliah/semester-7/Ekstraksi Informasi/Kode Tugas/MACHINE LEARNING IE/IE_project/output_txt/TXT_Putusan/2738_Pdt.P_2026_PN Sby.txt,sebagian,wajib_terisi=1/3 pihak=False,,"4 September 2026 | 16 Januari 2023 | 15 Agustus 2026 | 16 Maret 1978 , | 06 April 1978 | 20 Juli 1974 | 6 Juli 2016",,,,,,,,,,,,,,,"3578141603780004 , | 3578142001200140",
2753_Pdt.P_2026_PN Sby.pdf,Pdt.P,2026,PN Surabaya,/home/hujan/Documents/Kuliah/semester-7/Ekstraksi Informasi/Kode Tugas/MACHINE LEARNING IE/IE_project/output_txt/TXT_Putusan/2753_Pdt.P_2026_PN Sby.txt,sebagian,wajib_terisi=1/3 pihak=False,,"2 September 2026 , | 29 Agustus 2025 . | 26 Maret 1997 , | 31 Agustus 2026 | 16 Juli 2025",,,,,,,,,,,,,,,"3517016603970002 , | 3578023006260003 | 3517014406720002",
2779_Pid.B_2017_PN SBY.pdf,Pid.B,2017,PN Surabaya,/home/hujan/Documents/Kuliah/semester-7/Ekstraksi Informasi/Kode Tugas/MACHINE LEARNING IE/IE_project/output_txt/TXT_Putusan/2779_Pid.B_2017_PN SBY.txt,sebagian,wajib_terisi=2/3 pihak=False,2779 / Pid . B / 2017 / PN . Sby “ DEMI KEADILAN,"22 Nopember 2017 , | 17 Oktober 2016 | 08 Maret 2017 | 10 April 1996",,,,Pasal 365 ayat ( 2 ) ke-1 dan ke-2 KUHP jo pasal 53 ayat ( 1 ) KUHP,,,,,,Hal yang memberatkan : -Perbuatan terdakwa merugikan orang lain,,,,,,
2782_Pid.Sus_2017_PN SBY.pdf,Pid.Sus,2017,PN Surabaya,/home/hujan/Documents/Kuliah/semester-7/Ekstraksi Informasi/Kode Tugas/MACHINE LEARNING IE/IE_project/output_txt/TXT_Putusan/2782_Pid.Sus_2017_PN SBY.txt,sebagian,wajib_terisi=1/3 pihak=True,,14 September 2017 | 23 Desember 2017 | 25 Oktober 2017 | 8 Agustus 2017 | 12 Maret 1975 | 30 Juni 2017,,,,,Mohamad Ali Bin Taip | MOHAMAD ALI Bin TAIP,,,,,"-Bahwa Terdakwa dilakukan penangkapan pada hari Kamis tanggal 8 Juni 2017 sekitar jam 10 wib di depan rumah Jl Gadel Sari Barat Gg 3 No 24 Surabaya | -Perbuatan Terdakwa bertentangan dengan program pemerintah dalam upaya pemberantasan narkotika , merusak generasi muda | -Bahwa yang saksi ketahui sehubungan dengan perkara ini adalah adanya perkara narkotika yang melibatkan Terdakwa | -Bahwa Terdakwa dihadapkan dalam persidangan ini karena masalah narkotika jenis sabu",,,,,,
2857_Pid.B_2017_PN SBY.pdf,Pid.B,2017,PN Surabaya,/home/hujan/Documents/Kuliah/semester-7/Ekstraksi Informasi/Kode Tugas/MACHINE LEARNING IE/IE_project/output_txt/TXT_Putusan/2857_Pid.B_2017_PN SBY.txt,sebagian,wajib_terisi=2/3 pihak=False,2857 / Pid . B / 2017 / PN . Sby .,"21 September 2017 , | 27 NOPEMBER 2017 , | 26 Desember 2017 | 26 Februari 2017 | 12 Nopember 1894 | 27 Nopember 2017 | 15 Agustus 2017 | 20 Oktober 2017 | 19 April 1986 | 22 Maret 1975 | 16 Juni 2017 | 27 Juli 2017 | 12 Mei 2017",,"H . SUTRISNO ,",,"Pasal 365 ayat ( 4 ) KUHP dan Dakwaan Kedua melanggar Pasal 365 ayat ( 2 ) ke-1 , ke-2 KUHP | Pasal 365 ayat ( 4 ) KUHP , Pasal 365 ayat ( 2 ) ke-1 , ke-2 KUHP | Pasal 54 KUHAP",,,,,,“ maling maling ” sehingga suami saksi LILY SURYANI yaitu GO HONG BUN yang akan masuk ke mobil kembali mendatangi saksi LILY SURYANI sementara itu saksi DAHRUJI alias CONG UJI Bin UMAR berlari kearah | -1 ( pasang sepatu merk New Era warna putih kombinasi warna merah strip hitam bertalikan warna hijau | -Perbuatan Terdakwa meresahkan masyarakat,,,,,,
2864_Pid.B_2017_PN SBY.pdf,Pid.B,2017,PN Surabaya,/home/hujan/Documents/Kuliah/semester-7/Ekstraksi Informasi/Kode Tugas/MACHINE LEARNING IE/IE_project/output_txt/TXT_Putusan/2864_Pid.B_2017_PN SBY.txt,sebagian,wajib_terisi=1/3 pihak=False,,"29 September 2017 | 26 Oktober 2017 , | 27 Desember 2017 | 14 Agustus 2017 | 23 Juli 2017 ,",,,,pasal 362 KUHP .,,,,,,-Bahwa Terdakwa mengakui telah melakukan pengambilan berupa 1 ( buah Handphone merek Xiomi Redmi 3 SPro warna gold IME 863524033868501 beserta simcard IM3 No panggil 085655600286 | 1 ( lembar nota pembelian HP merk Xiaomi Redmi 3 S Pro warna gold dengan imei 863524033868501 dikembalikan kepada saksi M Vishal | -Perbuatan Terdakwa meresahkan masyarakat,,,,,,
28_Pid.Pra_2026_PN Sby.pdf,Pid.Pra,2026,PN Surabaya,/home/hujan/Documents/Kuliah/semester-7/Ekstraksi Informasi/Kode Tugas/MACHINE LEARNING IE/IE_project/output_txt/TXT_Putusan/28_Pid.Pra_2026_PN Sby.txt,sebagian,wajib_terisi=1/3 pihak=False,,"12 September 2025 , | 21 November 2025 , | 05 Februari 2026 , | 27 Agustus 2026 , | 31 Januari 2026 , | 05 Desember 2025 | 14 Oktober 2025 | 01 Juli 2025 , | 24 Juli 2026 , | 13 April 2026 | 20 Mei 2026 ,",,,,"Pasal 158 sampai dengan Pasal 164 Undang-Undang Nomor 20 Tahun 2025 tentang KUHAP , | Pasal 1 angka 8 UU RI Nomor 20 Tahun 2025 Tentang KUHAP , | Pasal 433 KUHP Dan Atau Pasal 27 Ayat ( 3 ) KUHP",,,,,,,,,,,,
291_Pid.Sus_2018_PN SBY.pdf,Pid.Sus,2018,PN Surabaya,/home/hujan/Documents/Kuliah/semester-7/Ekstraksi Informasi/Kode Tugas/MACHINE LEARNING IE/IE_project/output_txt/TXT_Putusan/291_Pid.Sus_2018_PN SBY.txt,sebagian,wajib_terisi=2/3 pihak=True,291 / Pid . Sus / 2018 / PN . Sby kecil Narkotika,"22 Januari 2018 , | 17 Agustus 1995 . | 02 Nopember 2017 | 30 Oktober 2017 | 01 Maret 2018 | 06 MARET 2018",,,,,"AFRIYAN VERNANDO PRATAMA Bin SUDI SLAMET RIYANTO ,",,,,,1 ( poket plastik kecil narkotika jenis sabu Hal 9 dari 12 Putusan No | Hal-hal yang meringankan : Terdakwa berlaku sopan dalam persidangan | ANGGARA SETIAWAN,,,,,,
3058_Pid.B_2017_PN SBY.pdf,Pid.B,2017,PN Surabaya,/home/hujan/Documents/Kuliah/semester-7/Ekstraksi Informasi/Kode Tugas/MACHINE LEARNING IE/IE_project/output_txt/TXT_Putusan/3058_Pid.B_2017_PN SBY.txt,sebagian,wajib_terisi=2/3 pihak=False,3058 / Pid . B / 2017 / PN . Sby “ DEMI KEADILAN,04 September 2017 | 15 Nopember 2017 | 11 Desember 2017 | 14 Oktober 2017 | 14 Januari 2018 | 16 Agustus 2017 | 01 Juni 1976 | 09 Juli 2017,,,,Pasal 365 ayat ( 1 ) KUHP .,,,,,,1 ( buah handphone merk Asus Zenfone warna merah hitam dikembalikan kepada saksi EVIED DWI CAHYANINGTYAS,,,,,,
3080_Pid.Sus_2017_PN SBY.pdf,Pid.Sus,2017,PN Surabaya,/home/hujan/Documents/Kuliah/semester-7/Ekstraksi Informasi/Kode Tugas/MACHINE LEARNING IE/IE_project/output_txt/TXT_Putusan/3080_Pid.Sus_2017_PN SBY.txt,sebagian,wajib_terisi=1/3 pihak=False,,"16 Januari 2018 , | 16 November 2017 | 14 Desember 1980 | 10 Agustus 2017 | 23 Oktober 2017",,,,,,,,,,1 ( bungkus plastik berisi narkotika jenis sabu berisikan netto 0 gram setelah pemeriksaan labfor 1 ( buah HP polytron Dirampas untuk dimusnahkan | -Perbuatan Para Terdakwa tidak mendukung program pemerintah dalam pemberantasan narkotika | -Bahwa saksi tidak kenal dengan Para Terdakwa dan tidak mempunyai hubungan keluarga,,,,,,
3089_Pid.B_2017_PN SBY.pdf,Pid.B,2017,PN Surabaya,/home/hujan/Documents/Kuliah/semester-7/Ekstraksi Informasi/Kode Tugas/MACHINE LEARNING IE/IE_project/output_txt/TXT_Putusan/3089_Pid.B_2017_PN SBY.txt,sebagian,wajib_terisi=1/3 pihak=False,,"31 Januari 2018 , | 24 Oktober 2017 , | 16 November 2017 | 06 Agustus 2017 | 7 Oktober 1973 | 14 Juli 1981",,,,"Pasal 365 ayat ( 2 ) ke 1 dan ke 2 KUHP , , UU No . 8 Tahun 1981 tentang Hukum Acara Pidana , | Pasal 193 ayat ( 2 ) huruf b KUHAP , | Pasal 363 ayat ( 1 ) ke-4 KUHP | Pasal 194 ayat ( 1 ) KUHAP , | Pasal 44-51 KUHP",,,,,,Sebuah celurit Sebuah parang Sebuah pistol mainan Sebuah HP merk Oppo A 37 warna putih nomor emai 860369033756154 Sisa lakban warna putih | - Sebuah Clurit,,,,,,
3099_Pid.B_2017_PN SBY.pdf,Pid.B,2017,PN Surabaya,/home/hujan/Documents/Kuliah/semester-7/Ekstraksi Informasi/Kode Tugas/MACHINE LEARNING IE/IE_project/output_txt/TXT_Putusan/3099_Pid.B_2017_PN SBY.txt,sebagian,wajib_terisi=2/3 pihak=False,3099 / Pid . B / 2017 / PN . Sby 1 ( satu ) lembar | 3099 / Pid . B / 2017 / PN . Sby 5 . Perpanjangan | 3099 / Pid . B / 2017 / PN . Sby didakwakan oleh,"15 Desember 28 Juni 1982 | 01 Nopember 2017 . | 18 Agustus 2017 , | 06 September 2017 | 12 Oktober 2017 , | 16 JANUARI 2018 , | 16 Februari 2015 | 16 Januari 2018 | 14 Juli 2015 | 30 Juni 1995",,,,"Pasal 378 KUHP , atau Kedua melanggar Pasal 372 KUHP , dan ketiga pasal 263 ayat ( 2 ) KUHP , | pasal 378 KUHP dan 263 ayat ( 2 ) KUHP",,,,,,1 ( lembar fotocopy nota kredit nomor H4 1 ( lembar fotocopy berita acara pemeriksaan fisik kendaraan bermotor 1 ( lembar angsuran a Agus Halim 1 ( lemmbar | Hal-hal yang meringankan : Terdakwa berlaku sopan dalam persidangan,,,,,,
3107_Pid.Sus_2017_PN SBY.pdf,Pid.Sus,2017,PN Surabaya,/home/hujan/Documents/Kuliah/semester-7/Ekstraksi Informasi/Kode Tugas/MACHINE LEARNING IE/IE_project/output_txt/TXT_Putusan/3107_Pid.Sus_2017_PN SBY.txt,sebagian,wajib_terisi=2/3 pihak=True,"3107 / Pid . Sus / 2017 / PN . Sby . pembungkusnya , | 3107 / Pid . Sus / 2017 / PN . Sby “ DEMI KEADILAN | 3107 / Pid . Sus / 2017 / PN . Sby . plastik kecil | 3107 / Pid . Sus / 2017 / PN . Sby . dan bertujuan","16 Januari 2018 , | 16 Nopember 1981 | 15 Agustus 2017",,,,,SAPUTRA HIDAYAT BIN SUMARJO,,,"tuntutan Jaksa Penuntut Umum yang menuntut Terdakwa dengan pidana penjara selama 8 tahun dan pidana denda sejumlah Rp . 1 . 000 . 000 . 000 , - ( satu milyar rupiah ) subsidair pidana penjara selama 2 tahun dan terdakwa menyatakan",,1 ( bungkus rokok Gudang Garam Surya yang didalamnya berisi 1 ( poket plastik kecil Narkotika golongan I jenis Sabu-sabu dengan berat ±0 beserta bungkusnya yang disimpan oleh Terdakwa | ------------ 1 setiap orang,,,,,,
3116_Pid.B_2017_PN SBY.pdf,Pid.B,2017,PN Surabaya,/home/hujan/Documents/Kuliah/semester-7/Ekstraksi Informasi/Kode Tugas/MACHINE LEARNING IE/IE_project/output_txt/TXT_Putusan/3116_Pid.B_2017_PN SBY.txt,sebagian,wajib_terisi=2/3 pihak=False,3116 / Pid . B / 2017 / PN Sby . tidaknya pada,"15 Februari 2018 , | 15 September 2017 | 22 November 2017 | 21 Januari 2017 | 24 Oktober 2017 | 24 Agustus 2017 | 16 Mei 1982",,,,pasal 303 Bis ayat ( 1 ) ke-2 KUHP,,,,,,"Menimbang bahwa Terdakwa MASHURI pada hari Jum’at , tanggal 25 Agustus 2017 sekira pukul 17 Wib bertempat di Warnet Centro Net Jalan Barata Jaya No 9 Surabaya telah bermain judi | 1 ( buah ATM Bank BCA Pasword dengan No dirampas untuk dimusnahkan 1 ( unit Computer dikembalikan kepada pemilik Warnet Sentro Net | -Perbuatan Terdakwa meresahkan masyarakat",,,,,,
3119_Pid.Sus_2017_PN SBY.pdf,Pid.Sus,2017,PN Surabaya,/home/hujan/Documents/Kuliah/semester-7/Ekstraksi Informasi/Kode Tugas/MACHINE LEARNING IE/IE_project/output_txt/TXT_Putusan/3119_Pid.Sus_2017_PN SBY.txt,sebagian,wajib_terisi=1/3 pihak=True,,"14 Desember 2017 , | 22 November 2017 | 2 September 2017 | 11 Oktober 2017 | 20 Januari 2018 | 18 Agustus 2017",,,,,II I IARYONO Bin WAGE ISYANTO | II Haryono Bin Wage Isyanto,,,,,3 ( kemasan plastik kecil berisi sabu-sabu tiap kemasan berat netto 0 gram diterima Labfor satu kantong plastik berisikan kristal warna putih dengan berat netto 0 gram atu kantong plastik | -Bahwa terdakwa tidak mempunyai ijin dari pihak yang berwenang untuk memiliki menvimpan menguasai atau menyediakan Narkotika Golongan I bukan tanaman dimaksud | -Bahwa saksi melakukan penangkapan terhadap para terdakwa pada hari Jum’at tanggal 11 Agustus 2017 pukul 17 Wib bertempat di Jalan HM Noer Surabaya | -Bahwa para terdakwa dilakukan penangkapan pada tanggal 11 Agustus 2017 jam 17 Wib di Jalan HM Noer Surabaya | -Perbuatan para terdakwa bertentangan dengan program pemerintah dalam pemberantasan Narkotika | menyatakan tetap pada tuntutannya,,,,,,
3120_Pdt.P_2025_PN Sby.pdf,Pdt.P,2025,PN Surabaya,/home/hujan/Documents/Kuliah/semester-7/Ekstraksi Informasi/Kode Tugas/MACHINE LEARNING IE/IE_project/output_txt/TXT_Putusan/3120_Pdt.P_2025_PN Sby.txt,sebagian,wajib_terisi=1/3 pihak=False,,"10 Agustus 1987 , | 11 Desember 2025 | 16 Januari 2023 | 08 Januari 2026 | 09 April 2012 | 19 Juni 2006",,,,,,,,,,,,,,,"3578111008870001 , | 3578110201086492",
318_Pdt.Bth_2026_PN Sby.pdf,Pdt.Bth,2026,PN Surabaya,/home/hujan/Documents/Kuliah/semester-7/Ekstraksi Informasi/Kode Tugas/MACHINE LEARNING IE/IE_project/output_txt/TXT_Putusan/318_Pdt.Bth_2026_PN Sby.txt,sebagian,wajib_terisi=2/3 pihak=False,1113 / Pdt . G / 2025 / PN . Sby dan 200 / Pdt . G / 2026 / PN . Sby,"24 September 2025 , | 30 November 2023 , | 19 Desember 2023 , | 27 Januari 2026 , | 21 Agustus 1974 , | 4 Oktober 1972 , | 8 Oktober 2015 , | 11 November 1975 | 16 Desember 1970 | 11 Februari 2025 | 14 Maret 2026 , | 15 Agustus 2024 | 16 Juli 2025 , | 22 Juli 2026 , | 03 Juni 2026 , | 6 April 2026 , | 20 Maret 2025 | 03 Mei 2016 . | 13 Mei 2025 , | 16 Mei 2017 , | 7 Juli 1971 ,",,,,,,,,,,,,,,"Swasta , beralamat di Jl . Graha Family XA-57 , Kel . Babatan , Kec . Wiyung- Kota Surabaya , sebagai TERLAWAN III",,
31_Pid.Sus_2018_PN SBY.pdf,Pid.Sus,2018,PN Surabaya,/home/hujan/Documents/Kuliah/semester-7/Ekstraksi Informasi/Kode Tugas/MACHINE LEARNING IE/IE_project/output_txt/TXT_Putusan/31_Pid.Sus_2018_PN SBY.txt,sebagian,wajib_terisi=1/3 pihak=True,,"21 Februari 2018 , | 14 September 2017 | 10 November 2017 | 09 Desember 2017 | 03 Januari 2018 | 01 Oktober 2017 | 31 Agustus 2017 | 02 April 2018",,,,,DAHLAN Bin MOCHAMAD,,,,,Hal-hal yang memberatkan : -Perbuatan Terdakwa merusak pembinaan generasi muda,,,,,,
3278_Pid.Sus_2017_PN SBY.pdf,Pid.Sus,2017,PN Surabaya,/home/hujan/Documents/Kuliah/semester-7/Ekstraksi Informasi/Kode Tugas/MACHINE LEARNING IE/IE_project/output_txt/TXT_Putusan/3278_Pid.Sus_2017_PN SBY.txt,sebagian,wajib_terisi=2/3 pihak=False,3278 / Pid . Sus / 2017 / PN Sby . 8196 / 2017 / NNF | 3278 / Pid . Sus / 2017 / PN Sby . Dirampas untuk | 3278 / Pid . Sus / 2017 / PN Sby . -Bahwa setelah,"20 Desember 2017 , | 18 November 2017 | 1 September 2017 | 10 agustus 2017 | 5 Februari 2018 | 11 Oktober 2017 | 12 Juni 1996 ,",,,,Pasal 39 ayat ( 1 ) UU No . 35 Tahun 2009 Tentang Narkotika dijelaksan | Pasal 2 KUHP,,,,,,1 terdakwa NORLISA bersalah melakukan Tindak Pidana “ tanpa hak atau melawan hukum mengimpor narkotika golongan I yang dalam bentuk bukan tanaman beratnya 5 ( gram ” | -1 ( bungkus plastik kecil ukuran paket hemat ( yang berisi sisa serbuk kristal Putih yang diduga Narkotika jenis shabu-shabu 0 gram | -Perbuatan Terdakwa tidak mendukung program Pemerintah dalam memberantas Narkotika di Indonesia,,,,,,
3485_Pid.B_2017_PN SBY.pdf,Pid.B,2017,PN Surabaya,/home/hujan/Documents/Kuliah/semester-7/Ekstraksi Informasi/Kode Tugas/MACHINE LEARNING IE/IE_project/output_txt/TXT_Putusan/3485_Pid.B_2017_PN SBY.txt,sebagian,wajib_terisi=2/3 pihak=False,3485 / Pid . B / 2017 / PN . Sby . -1 ( satu ) lembar | 3485 / Pid . B / 2017 / PN . Sby . 6 . Membebankan | 3485 / Pid . B / 2017 / PN . Sby . bertemu di Jl . | 3485 / Pid . B / 2017 / PN . Sby . Minggu tanggal | 3485 / Pid . B / 2017 / PN . Sby “ DEMI KEADILAN,"06 Februari 2018 , | 22 September 2017 | 05 November 2016 | 19 Desember 2016 | 06 FEBRUARI 2018 | 01 Februari 1995 | 19 Maret 2017 | 16 Juni 2017",,,,Pasal 378 KUHP Jo Pasal 65 ayat ( 1 ) KUHP atau kedua Pasal 372 KUHP Jo Pasal 65 ayat ( 1 ) KUHP,,,,,,-1 ( lembar bukti pembelian 1 ( unit Handphone merk Samsung galaxi S7 Edge warna blue coral berupa nota pembelian dari WP Cellular tanggal 24 Maret 2017 | Hal yang memberatkan : -Perbuatan terdakwa merugikan orang lain | Saksi 1 HADI WIBOWO dibawah sumpah menerangkan,,,,,,
3502_Pid.Sus_2017_PN SBY.pdf,Pid.Sus,2017,PN Surabaya,/home/hujan/Documents/Kuliah/semester-7/Ekstraksi Informasi/Kode Tugas/MACHINE LEARNING IE/IE_project/output_txt/TXT_Putusan/3502_Pid.Sus_2017_PN SBY.txt,sebagian,wajib_terisi=1/3 pihak=True,,"29 Nopember 2017 | 17 Oktober 2016 | 24 Januari 2018 | 4 Desember 2017 | 19 Juli 2017 , | 24 Juni 2016",,,,,Abd . Azis Bin Abd . Rohman | ABD . AZIS Bin ABD . ROHMAN,,,tuntutan pidananya,,"Bahwa ia terdakwa ABD AZIS Bin ABD ROHMAN bersama sama dengan PEPPY CAHAYA SETRIADI SUUD ( diajukan dalam berkas perkara lain pada hari Jum’at tanggal 24 Juni 2016 sekitar pukul 11 wib atau | -Terdakwa tidak mendukung program pemerintah dalam pemberantasan narkotika , perbuatan Terdakwa merusak generasi muda Terdakwa sebagai narapidana dalam perkara tindak pidana narkotika | 1 Witarsa dibawah sumpah pada pokoknya menerangkan sebagai berikut -Bahwa yang saksi ketahui sehubungan dengan perkara ini adalah adanya perkara narkotika yang melibatkan Terdakwa | 2 ( plastic klip dengan berat kotor 96 ( puluh enam koma delapan puluh gram dan 47 ( puluh tujuh koma lima puluh gram beserta pembungkusnya atau berat seluruhnya kurang lebih | -Bahwa saksi pernah diperiksa oleh BNNP Jawa timur sehubungan dengan perkara yang melibatkan Terdakwa dan keterangan dalam BAP benar | -2 ( bungkus plastik narkotika jenis sabu dengan berat brutto 144 ( empat puluh empat koma tiga gram",,,,,,
3518_Pid.B_2017_PN SBY.pdf,Pid.B,2017,PN Surabaya,/home/hujan/Documents/Kuliah/semester-7/Ekstraksi Informasi/Kode Tugas/MACHINE LEARNING IE/IE_project/output_txt/TXT_Putusan/3518_Pid.B_2017_PN SBY.txt,sebagian,wajib_terisi=2/3 pihak=False,3518 / Pid . B / 2017 / PN . Sby . Unsur kedua : | 3518 / Pid . B / 2017 / PN . Sby . Nokia X2 Dual | 3518 / Pid . B / 2017 / PN . Sby . samping pintu,"22 Februari 2018 , | 23 September 2017 | 23 November 2017 | 29 Desember 2017 | 30 Oktober 1987 | 14 Oktober 2017 | 16 Oktober 1905 | 26 Maret 1906",,,,"Pasal 363 ayat 1 ke-3 , 5 KUHP Jo Pasal 65 ayat ( 1 ) KUHP | Pasal 48 KUHP .",,,,,,-Bahwa benar sebelumnya tidak mengenal terdakwa | -1 ( unit Handphone Samsung Duos warna Putih | L-2925-KO berikut kunci kontak dan STNK,,,,,,
3524_Pid.B_2017_PN SBY.pdf,Pid.B,2017,PN Surabaya,/home/hujan/Documents/Kuliah/semester-7/Ekstraksi Informasi/Kode Tugas/MACHINE LEARNING IE/IE_project/output_txt/TXT_Putusan/3524_Pid.B_2017_PN SBY.txt,sebagian,wajib_terisi=2/3 pihak=True,3524 / Pid . B / 2017 / PN Sby tersebut,"12 Februari 2018 , | 29 September 2017 | 24 Desember 1977 | 29 November 2017 | 31 Januari 2017",,,,"Pasal 372 KUHP ,",Eko Yayak Nugroho Bin Maryunan | EKO YAYAK NUGROHO Bin MARYUNAN,,,,,Menimbang bahwa barang bukti berupa BPKB asli sepeda motor Yamaha Mio M3 warna Merah tahun 2015 No L 5308 WA Noka MH3SE8810FJ525919 Nosin E3R2E0581660 STNK an Hariyanto alamat Jalan Simo Jawar V | - Perbuatan Terdakwa merugikan korban,,,,,,
354_Pdt.Bth_2026_PN Sby.pdf,Pdt.Bth,2026,PN Surabaya,/home/hujan/Documents/Kuliah/semester-7/Ekstraksi Informasi/Kode Tugas/MACHINE LEARNING IE/IE_project/output_txt/TXT_Putusan/354_Pdt.Bth_2026_PN Sby.txt,sebagian,wajib_terisi=2/3 pihak=False,354 / Pdt . Bth / 2026 / PN Sby adalah “ Legalitas Formal | 354 / Pdt . Bth / 2026 / PN Sby 7 . Bahwa Pelawan | 354 / Pdt . Bth / 2026 / PN Sby “ Sertipikat Hak | 436 / Pdt . G / 2017 / PN . Sby terkait,"09 September 2026 , | 03 November 2020 , | 16 Desember 2015 , | 06 Februari 2021 , | 18 November 2015 , | 11 Januari 2019 , | 16 Oktober 2018 , | 04 Maret 2021 , | 25 Januari 2016 | 14 April 2026 , | 20 Juni 2026 , | 17 Juni 2022 , | 11 Maret 2026 | 13 April 1976 | 9 Juni 2011 , | 26 Mei 2023 , | 30 April 2017 | 07 Juli 2008",,,,,,,,,,,,,,,,
3569_Pid.Sus_2017_PN SBY.pdf,Pid.Sus,2017,PN Surabaya,/home/hujan/Documents/Kuliah/semester-7/Ekstraksi Informasi/Kode Tugas/MACHINE LEARNING IE/IE_project/output_txt/TXT_Putusan/3569_Pid.Sus_2017_PN SBY.txt,sebagian,wajib_terisi=1/3 pihak=True,,"07 Februari 2018 , | 13 September 2017 | 23 November 2017 | 12 Desember 2017 | 02 Januari 2018 | 26 Oktober 2017 | 28 Agustus 2017 | 03 Maret 2018 | 30 Juni 1995",,,,,I . PENTAN O IRGI SATRIA RAMADHANI Bin BAMBANG HADI PURNOMO | II . MUHAMMAD EDO FATTHURAHMAN Bin EDI SUSANTO,,,,,Menimbang bahwa dengan demikian ada permufakatan jahat dalam rangka adanya kepemilikan narkotika tersebut yang mana Para Terdakwa hanyalah teman dimana terdakwa II MUHAMMAD EDO FATTHURAHMAN Bin EDI | narkotika jenis sabu didalam pipet kaca dengan berat ± 1 ( koma empat empat gram dengan pipetnya tewc dfoungkus dan diikat dengan benang putih selanjutnya digantungi label dilak serta Cap | Hal-hal yang memberatkan : -Perbuatan terdakwa bertentangan dengan program pemerintah dalam pemberantasan Narkotika | 8856 : berupa dua buah pipet kaca masih terdapat sia Kristal warna putih dengan berat netto 0 gram | -Narkotika jenis sabu didalam pipet kaca dengan berat + 1 Gram beserta pipetnya | 1 PENTANO IRGI SATRIA RAMADHANI Bin BAMBANG HADI PURNOMO | -Bahwa saksi merupakan anggota Kepolisian RI,,,,,,
3626_Pid.Sus_2017_PN SBY.pdf,Pid.Sus,2017,PN Surabaya,/home/hujan/Documents/Kuliah/semester-7/Ekstraksi Informasi/Kode Tugas/MACHINE LEARNING IE/IE_project/output_txt/TXT_Putusan/3626_Pid.Sus_2017_PN SBY.txt,sebagian,wajib_terisi=2/3 pihak=True,3626 / Pid . Sus / 2017 / PN . Sby “ DEMI KEADILAN,20 September 1995 | 03 Desember 2017 | 30 Nopember 2017 | 04 Oktober 2017 | 05 Januari 2018 | 05 April 2018 | 07 Maret 2018,,,,,SEPTIAN HADI PURNOMO BIN LUKMAN HADI SANTOSO . | TEGAR PUTRA SYAFAATULLAH Bin ARIFIN USMAN,,,,,2 kantong plastik berisi Sabu Sisa hasil pemeriksaan lab dengan berat 0 gram dan 0 gram sebuah dompet merk LEA warna coklat dirampas untuk dimusnahkan,,,,,,
3628_Pid.Sus_2017_PN SBY.pdf,Pid.Sus,2017,PN Surabaya,/home/hujan/Documents/Kuliah/semester-7/Ekstraksi Informasi/Kode Tugas/MACHINE LEARNING IE/IE_project/output_txt/TXT_Putusan/3628_Pid.Sus_2017_PN SBY.txt,sebagian,wajib_terisi=1/3 pihak=False,,"13 September 2017 | 22 Januari 2018 , | 29 November 2017 | 18 Desember 2017 | 06 Oktober 2017 | 6 Maret 2018",,,,,,,,tuntutan pidananya,,-Perbuatan Terdakwa tidak mendukung program pemerintah dalam pemberantasan narkotika dan meresahkan masyarakat | -Bahwa saksi tidak kenal dengan Terdakwa dan tidak mempunyai hubungan keluarga,,,,,,
3686_Pid.B_2017_PN SBY.pdf,Pid.B,2017,PN Surabaya,/home/hujan/Documents/Kuliah/semester-7/Ekstraksi Informasi/Kode Tugas/MACHINE LEARNING IE/IE_project/output_txt/TXT_Putusan/3686_Pid.B_2017_PN SBY.txt,sebagian,wajib_terisi=1/3 pihak=False,,"30 September 2017 , | 1 Oktober 2017 , | 30 November 2017 | 13 Desember 2017 | 11 Januari 2018 | 12 Maret 2018 | 14 Juni 1993",,,,Pasal 170 ayat ( 2 ) ke- 3 KUHP | Pasal 351 ayat ( 1 ) KUHP,,,,tuntutan pidana yang diajukan oleh Penuntut Umum yang pada pokoknya sebagai berikut : 1 . Menyatakan terdakwa MOCHAMMAD JA’FAR bin . HASIM,"tuntutan pidana dari Penuntut Umum serta pembelaan terdakwa maupun Penasihat Hukumnya , maka pidana yang akan dijatuhkan terhadap terdakwa seperti yang tersebut dalam amar putusan ini dipandang sudah adil dan patut",Bahwa saksi pernah di periksa di kepolisian dan keterangan yang saksi berikan adalah sebagaimana terurai dalam berita acara pemeriksaan kepolisian Bahwa saksi aktif dalam komunitas Bonek sudah 10-20 | Bahwa terdakwa ditangkap oleh petugas tim Opsnal Unit Jatanras Satreskrim Polrestabes Surabaya pada hari Selasa tanggal 2 Oktober 2017 jam 03 WIB di dalam rumahnya di Jl Karangpoh Surabaya karena | Hal-hal yang memberatkan : Perbuatan terdakwa meresahkan masyarakat,,,,,,
3689_Pid.Sus_2017_PN SBY.pdf,Pid.Sus,2017,PN Surabaya,/home/hujan/Documents/Kuliah/semester-7/Ekstraksi Informasi/Kode Tugas/MACHINE LEARNING IE/IE_project/output_txt/TXT_Putusan/3689_Pid.Sus_2017_PN SBY.txt,sebagian,wajib_terisi=2/3 pihak=False,3689 / Pid . Sus / 2017 / PN Sby,"26 Februari 2018 , | 06 Oktober 2017 , | 13 Desember 2017 | 11 Januari 2018 | 29 Agustus 1972 | 12 Maret 2018 | 20 April 1980",,,,,,,,,,-Perbuatan Para Terdakwa tidak mendukung program pemerintah,,,,,,
3708_Pid.B_2017_PN SBY.pdf,Pid.B,2017,PN Surabaya,/home/hujan/Documents/Kuliah/semester-7/Ekstraksi Informasi/Kode Tugas/MACHINE LEARNING IE/IE_project/output_txt/TXT_Putusan/3708_Pid.B_2017_PN SBY.txt,sebagian,wajib_terisi=2/3 pihak=True,"3708 / Pid . B / 2017 / PN . Sby . , Ad . 1 . Unsur “ | 3708 / Pid . B / 2017 / PN . Sby . , buah HP merk | 3708 / Pid . B / 2017 / PN . Sby “ DEMI KEADILAN",27 September 2017 | 18 Desember 2017 | 12 Januari 2018 | 10 Oktober 2017 | 13 Maret 2018,,,,"Pasal 363 ayat ( 1 ) ke-3 KUHP ,",KHOLIL Bin ABDUL HASAN | Kholil Bin Abdul Hasan,,,,,M E N U N T U T 1 Terdakwa KHOLIL Bin ABDUL HASAN BAGUS SINDU ADI Bin SUMARSONO terbukti bersalah melakukan tindak pidana “ mengambil barang sesuatu yang seluruhnya atau sebagian kepunyaan | 2 ( buah HP merk Samsung warna putih dikembalikan kepada saksi Ahmad Mustakim | -Perbuatan Terdakwa meresahkan masyarakat,,,,,,
370_Pdt.G_2026_PN Sby.pdf,Pdt.G,2026,PN Surabaya,/home/hujan/Documents/Kuliah/semester-7/Ekstraksi Informasi/Kode Tugas/MACHINE LEARNING IE/IE_project/output_txt/TXT_Putusan/370_Pdt.G_2026_PN Sby.txt,sebagian,wajib_terisi=2/3 pihak=False,911 / Pdt . G / 2022 / PN Sby tanggal 8 Maret | 370 / Pdt . G / 2026 / PN Sby Menimbang bahwa,"10 September 2026 , | 18 Februari 2025 | 14 April 2026 , | 27 Agustus 2026 | 07 Maret 2026 , | 13 Maret 2025 , | 23 Juni 2026 , | 19 Mei 2026 , | 25 Mei 2025 ,",,Biaya PNBP pendaftaran . . . . . . . . . . . Rp,,,,,,,,,,,,,,
3730_Pid.B_2017_PN SBY.pdf,Pid.B,2017,PN Surabaya,/home/hujan/Documents/Kuliah/semester-7/Ekstraksi Informasi/Kode Tugas/MACHINE LEARNING IE/IE_project/output_txt/TXT_Putusan/3730_Pid.B_2017_PN SBY.txt,sebagian,wajib_terisi=2/3 pihak=False,3730 / Pid . B / 2017 / PN . Sby “ DEMI KEADILAN,"22 Februari 2018 , | 06 September 2017 | 02 Nopember 2017 | 15 Desember 2017 | 13 Januari 2018 | 30 Juni 1978",,,,,,,,,,Hal – hal yang memberatkan : -Perbuatan terdakwa merupakan perbuatan yang melawan hukum | -1 ( buah HP merk Nokia warna merah model 208 | rondo99,,,,,,
374_Pdt.G_2017_PN SBY.pdf,Pdt.G,2017,PN Surabaya,/home/hujan/Documents/Kuliah/semester-7/Ekstraksi Informasi/Kode Tugas/MACHINE LEARNING IE/IE_project/output_txt/TXT_Putusan/374_Pdt.G_2017_PN SBY.txt,sebagian,wajib_terisi=2/3 pihak=False,374 / Pdt . G / 2017 / PN Sby . 5 . Bukti P-5 . 1 | 374 / Pdt . G / 2017 / PN Sby . 3 ( tiga ) orang | 374 / Pdt . G / 2017 / PN Sby . a . Bahwa Surat | 374 / Pdt . G / 2017 / PN Sby . pencairan dana | 374 / Pdt . G / 2017 / PN Sby . yang berbunyi,"11 Oktober 2017 , | 1 Nopember 2017 , | 9 Desember 2016 , | 3 Januari 2018 , | 1 Agustus 2016 , | 20 Maret 2015 , | 29 maret 2015 . | 14 Juli 2016",,,,,,,,,,,,,,,,
3751_Pid.B_2017_PN SBY.pdf,Pid.B,2017,PN Surabaya,/home/hujan/Documents/Kuliah/semester-7/Ekstraksi Informasi/Kode Tugas/MACHINE LEARNING IE/IE_project/output_txt/TXT_Putusan/3751_Pid.B_2017_PN SBY.txt,sebagian,wajib_terisi=2/3 pihak=False,3751 / Pid . B / 2017 / PN Sby Hotel Tunjungan | 3751 / Pid . B / 2017 / PN Sby dan meyakinkan,"26 Februari 2018 , | 24 Oktober 2017 , | 18 Desember 2017 | 16 April 1984",,,,"Pasal 372 KUHP ,",,,,,,Menimbang bahwa barang bukti berupa BPKB asli sepeda motor Yamaha Mio M3 warna Merah tahun 2015 No L 5308 WA Noka MH3SE8810FJ525919 Nosin E3R2E0581660 STNK an Hariyanto alamat Jalan Simo Jawar V | - Perbuatan Terdakwa meresahkan masyarakat,,,,,,
376_Pdt.G_2026_PN Sby.pdf,Pdt.G,2026,PN Surabaya,/home/hujan/Documents/Kuliah/semester-7/Ekstraksi Informasi/Kode Tugas/MACHINE LEARNING IE/IE_project/output_txt/TXT_Putusan/376_Pdt.G_2026_PN Sby.txt,sebagian,wajib_terisi=2/3 pihak=False,"376 / Pdt . G / 2026 / PN Sby 1 . Bahwa Gugatan | 376 / Pdt . G / 2026 / PN Sby 7 . Fotocopy dari | 376 / Pdt . G / 2026 / PN Sby selaku pribadi , | 376 / Pdt . G / 2026 / PN Sby a . debitur yang | 376 / Pdt . G / 2026 / PN Sby Perjanjian ( wan | 376 / Pdt . G / 2026 / PN Sby - Akta Addendum | 376 / Pdt . G / 2026 / PN Sby namun Penggugat | 376 / Pdt . G / 2026 / PN Sby Citraland Surya | 376 / Pdt . G / 2026 / PN Sby keduanya harus","22 September 2008 , | 03 Februari 2026 , | 1 September 1980 , | 29 Desember 2025 , | 16 Desember 1976 , | 19 Oktober 2015 , | 26 Agustus 2024 , | 5 November 2015 , | 29 Januari 2001 , | 26 Februari 1973 | 14 Maret 2026 , | 02 April 2026 , | 5 Agustus 2019 | 26 Juli 2034 , | 7 Agustus 2008 | 24 April 1986 | 11 Juni 2030 | 15 Juni 2026 | 3 Mei 2002 , | 7 Juni 1971",,,,,,,,,,,,,,,,
3784_Pid.Sus_2017_PN SBY.pdf,Pid.Sus,2017,PN Surabaya,/home/hujan/Documents/Kuliah/semester-7/Ekstraksi Informasi/Kode Tugas/MACHINE LEARNING IE/IE_project/output_txt/TXT_Putusan/3784_Pid.Sus_2017_PN SBY.txt,sebagian,wajib_terisi=1/3 pihak=True,,"04 November 2017 , | 18 Desember 2017 | 16 Januari 2018 | 17 Maret 2018 | 20 Mei 1989",,,,"Pasal 193 ayat ( 2 ) huruf b KUHAP , | Pasal 222 ayat ( 1 ) KUHAP , | Pasal 44-51 KUHP",NI MADE TITIN INDRAYANTI BIN DIDIK,,,,,1 ( unit mobil Toyota Avansa No Pol N 926 YK 1 ( lembar STNK mobil Toyota Avansa No Pol N 926 YK dikembalikan kepada saksi Suki | Putusan No 3784 SBY 1 ( unit mobil Toyota Avansa No Pol N 926 YK,,,,,,
3824_Pid.B_2017_PN SBY.pdf,Pid.B,2017,PN Surabaya,/home/hujan/Documents/Kuliah/semester-7/Ekstraksi Informasi/Kode Tugas/MACHINE LEARNING IE/IE_project/output_txt/TXT_Putusan/3824_Pid.B_2017_PN SBY.txt,sebagian,wajib_terisi=2/3 pihak=False,3824 / Pid . B / 2017 / PN . Sby “ DEMI KEADILAN,"24 Januari 2018 , | 09 Nopember 2017 | 05 Desember 1982",,,,"Pasal 362 KUHP ,",,,,,,,,,,,,
3825_Pid.B_2017_PN SBY.pdf,Pid.B,2017,PN Surabaya,/home/hujan/Documents/Kuliah/semester-7/Ekstraksi Informasi/Kode Tugas/MACHINE LEARNING IE/IE_project/output_txt/TXT_Putusan/3825_Pid.B_2017_PN SBY.txt,sebagian,wajib_terisi=1/3 pihak=False,,"29 Januari 2018 , | 27 Desember 2017 | 16 Oktober 2017 | 19 Oktober 1990",,,,"Pasal 363 ayat ( 1 ) ke-4 KUHP ,",,,,,,Sebuah sepeda motor Honda Vario warna Putih tahun 2015 No Pol L-5270-QL dikembalikan kepada pemilik,,,,,,
3828_Pid.Sus_2017_PN SBY.pdf,Pid.Sus,2017,PN Surabaya,/home/hujan/Documents/Kuliah/semester-7/Ekstraksi Informasi/Kode Tugas/MACHINE LEARNING IE/IE_project/output_txt/TXT_Putusan/3828_Pid.Sus_2017_PN SBY.txt,sebagian,wajib_terisi=2/3 pihak=False,3828 / Pid . Sus / 2017 / PN . Sby . ditandatangani | 3828 / Pid . Sus / 2017 / PN . Sby “ DEMI KEADILAN,"06 Februari 2018 , | 06 FEBRUARI 2018 | 11 Januari 1983 | 17 Oktober 2017",,,,,,,,,,Hal yang memberatkan : -Perbuatan terdakwa tidak mendukung program pemerintah dalam pemberantasan narkotika | 1 ( bungkus plastik kecil berisi kristal warna putih ( dengan berat ± 0 gram dirampas untuk dimusnahkan | 1 setiap orang,,,,,,
3882_Pid.Sus_2017_PN SBY.pdf,Pid.Sus,2017,PN Surabaya,/home/hujan/Documents/Kuliah/semester-7/Ekstraksi Informasi/Kode Tugas/MACHINE LEARNING IE/IE_project/output_txt/TXT_Putusan/3882_Pid.Sus_2017_PN SBY.txt,sebagian,wajib_terisi=1/3 pihak=True,,19 Desember 2018 | 05 Nopember 2017 | 16 Oktober 2017 | 18 Januari 2018 | 15 Juni 1994 . | 18 Maret 2018,,,,"Pasal 112 ayat ( 1 ) UU No . 35 Tahun 2009 tentang Narkotika tersebut ,",II . YESI NANDA MAHERITA Binti ERIAN SANTOSO | I . EKA SETIO WAHYU Binti WARSITO,,,,,·1 ( poket plastik poket berisi narkotika jenis sabu dengan berat ± 0 ( koma nol delapan tiga gram beserta pembungkusnya | 35 Tahun 2009 tentang Narkotika dan ketentuan-ketentuan hukum yang bersangkutan lainnya,,,,,,
3886_Pid.B_2017_PN SBY.pdf,Pid.B,2017,PN Surabaya,/home/hujan/Documents/Kuliah/semester-7/Ekstraksi Informasi/Kode Tugas/MACHINE LEARNING IE/IE_project/output_txt/TXT_Putusan/3886_Pid.B_2017_PN SBY.txt,sebagian,wajib_terisi=2/3 pihak=False,3886 / Pid . B / 2017 / PN . Sby . 1 . Barang Siapa .,"19 Desember 2017 , | 30 Januari 2018 , | 04 Oktober 2017 | 16 Oktober 1905 | 28 April 2017 | 26 Maret 1906 | 09 Juli 1998",,,,Pasal 365 ayat ( 2 ) ke-2KUHP . | Pasal 48 KUHP .,,,,,,-Menyatakan terdakwa MUHAMMAD ARIFIN BIN MOCH HASAN terbukti secara sah dan meyakinkan bersalah melakukan tindak pidana “ pencurian dengan pemberatan ” | -Bahwa benar terdakwa ditangkap oleh petugas kepolisian karena kedapatan melakukan tindak pidana pencurian dengan pemberatan | 1 ( buah note book merk HP warna biru digunakan dalam perkara lain atas nama terdakwa Sugeng Widodo,,,,,,
3906_Pid.Sus_2017_PN SBY.pdf,Pid.Sus,2017,PN Surabaya,/home/hujan/Documents/Kuliah/semester-7/Ekstraksi Informasi/Kode Tugas/MACHINE LEARNING IE/IE_project/output_txt/TXT_Putusan/3906_Pid.Sus_2017_PN SBY.txt,sebagian,wajib_terisi=2/3 pihak=True,"3906 / Pid . Sus / 2017 / PN Sby 1 . Maskori Hasan ,","30 September 1982 | 5 Februari 2018 , | 19 Desember 2017 | 04 Nopember 2017 | 04 Oktober 2017 | 18 Januari 2018 | 18 Maret 2018",,,,,I Sigit Hadi Nurcahyo Bin Bambang Setyo Hadi | I SIGIT HADI NURCAHYO Bin BAMBANG SETYO HADI | II M . Wanto Bin Sueb | II M . WANTO Bin SUEB,,,tuntutan pidana yang diajukan oleh Jaksa Penuntut Umum yang pada pokoknya sebagai berikut : 1 . Menyatakan terdakwa 1 . Sigit Hadi Nurcahyo,,-Bahwa Terdakwa I dan Terdakwa II pada hari Rabu tanggal 04 Oktober 2017 sekitar pukul 21 WIB bertempat di rumah Terdakwa I di Desa Katerungan RT RW Kecamatan Krian Sidoarjo telah memiliki menyimpan menguasai atau menyediakan Narkotika jenis sabu | 9622 NNF 2017 Bareskrim Polri Puslabfor Labfor Cabang Surabaya pada hari Rabu tanggal 01 Nopember 2017 setelah dilakukan pemeriksaan secara Laboratoris Kriminalistik disimpulkan barang bukti atas | -Perbuatan Para Terdakwa tidak mendukung program pemerintah dalam memberantas tindak pidana Narkotika,,,,,,
397_Pdt.G_2017_PN SBY.pdf,Pdt.G,2017,PN Surabaya,/home/hujan/Documents/Kuliah/semester-7/Ekstraksi Informasi/Kode Tugas/MACHINE LEARNING IE/IE_project/output_txt/TXT_Putusan/397_Pdt.G_2017_PN SBY.txt,sebagian,wajib_terisi=2/3 pihak=False,397 / Pdt . G / 2017 / PN Sby 5 . Bahwa terkait | 397 / Pdt . G / 2017 / PN Sby c . Dalil posita | 397 / Pdt . G / 2017 / PN Sby Jenis Kelamin : | 397 / Pdt . G / 2017 / PN SBY “ DEMI KEADILAN | 397 / Pdt . G / 2017 / PN Sby Tempat Tinggal | 397 / Pdt . G / 2017 / PN Sby Agama : Islam,"07 September 2017 , | 20 Desember 2017 , | 06 Agustus 2016 , | 04 Oktober 2017 , | 11 April 2014 , | 30 April 2016 , | , 09 Juni 1975 | 29 Mei 2017 , | 30 Mei 2016 , | 28 Juni 2016 | 15 Mei 1977",,,,,,,,,,,,,,a . Bahwa pihak ke II ( kedua ) sepakat dengan pihak ke I ( kesatu ) untuk diputus hubungan kerjanya sejak tanggal 30 April 2016 | -Bahwa saksi tidak kenal dengan Para Penggugat dan Tergugat,,
424_Pid.Sus_2018_PN SBY.pdf,Pid.Sus,2018,PN Surabaya,/home/hujan/Documents/Kuliah/semester-7/Ekstraksi Informasi/Kode Tugas/MACHINE LEARNING IE/IE_project/output_txt/TXT_Putusan/424_Pid.Sus_2018_PN SBY.txt,sebagian,wajib_terisi=2/3 pihak=True,424 / Pid . Sus / 2018 / PN . Sby “ DEMI KEADILAN,"09 Desember 2017 , | 08 Maret 2018 | 01 Juli 1993 | 13 Mei 2018",,,,,"IMAM ROSADAH ARIFIN bin M . SAID ,",,,,,-1 ( poket Narkotika jenis shabu dengan berat sekitar 0 ( koma lima puluh lima gram,,,,,,
456_Pdt.G_2026_PN Sby.pdf,Pdt.G,2026,PN Surabaya,/home/hujan/Documents/Kuliah/semester-7/Ekstraksi Informasi/Kode Tugas/MACHINE LEARNING IE/IE_project/output_txt/TXT_Putusan/456_Pdt.G_2026_PN Sby.txt,sebagian,wajib_terisi=2/3 pihak=False,456 / Pdt . G / 2026 / PN Sby sebagai berikut,"18 Agustus 2026 , | 06 Februari 2025 | 14 April 2026 , | 30 April 2025 , | 10 Maret 2025",,,,,,,,,,,,,,,,
45_Pdt.G_2026_PN Sby.pdf,Pdt.G,2026,PN Surabaya,/home/hujan/Documents/Kuliah/semester-7/Ekstraksi Informasi/Kode Tugas/MACHINE LEARNING IE/IE_project/output_txt/TXT_Putusan/45_Pdt.G_2026_PN Sby.txt,sebagian,wajib_terisi=1/3 pihak=False,,"3 September 2026 , | 28 Januari 2026 , | 29 Desember 2025 | 26 Februari 2026 | 30 Maret 2026 , | 15 April 2024 , | 26 Maret 2024 , | 20 April 2026 , | 4 Mei 2026 ,",,,,Pasal 1243 KUHP,,,,,,,,,,,,
515_Pdt.G_2026_PN Sby.pdf,Pdt.G,2026,PN Surabaya,/home/hujan/Documents/Kuliah/semester-7/Ekstraksi Informasi/Kode Tugas/MACHINE LEARNING IE/IE_project/output_txt/TXT_Putusan/515_Pdt.G_2026_PN Sby.txt,sebagian,wajib_terisi=2/3 pihak=False,515 / Pdt . G / 2026 / PN Sby . 2 . Tim Kurator,"9 September 2026 , | 20 Februari 2026 | 19 Agustus 2026 | 15 Juli 2026 , | 26 Mei 2026 ,",,,,,,,,,,,,,,,,
527_Pdt.G_2017_PN SBY.pdf,Pdt.G,2017,PN Surabaya,/home/hujan/Documents/Kuliah/semester-7/Ekstraksi Informasi/Kode Tugas/MACHINE LEARNING IE/IE_project/output_txt/TXT_Putusan/527_Pdt.G_2017_PN SBY.txt,sebagian,wajib_terisi=2/3 pihak=False,527 / Pdt . G / 2017 / PN Sby . 5 . Bukti T-5 : | 527 / Pdt . G / 2017 / PN Sby . Putusan Nomor,"26 September 2017 , | 05 Desember 2017 , | 10 Oktober 2017 , | 5 Agustus 1999 , | 28 Agustus 2017 | 04 Agustus 2016 | 23 April 1969 , | 11 Juli 2016",,,,,,,,,,,,,,,,
538_Pdt.Bth_2026_PN Sby.pdf,Pdt.Bth,2026,PN Surabaya,/home/hujan/Documents/Kuliah/semester-7/Ekstraksi Informasi/Kode Tugas/MACHINE LEARNING IE/IE_project/output_txt/TXT_Putusan/538_Pdt.Bth_2026_PN Sby.txt,sebagian,wajib_terisi=2/3 pihak=False,1791 / Pid . Sus / 2025 / PN Sby,"01 Desember 2025 , | 7 September 2026 , | 18 DESEMBER 2025 , | 24 Oktober 2024 . | 30 Oktober 2025 , | 19 September 1972 | 30 OKTOBER 2025 , | 17 November 2025 | 27 Agustus 2026 | 14 April 2022 , | 28 April 2025 , | 11 Oktober 1975 | 07 April 2026 , | 21 Agustus 2001 | 21 Agustus 1974 | 30 Juni 2026 , | 13 Mei 2026 , | 7 APRIL 2026 | 28 Juli 2026 | 8 Juni 1976 | 1 Mei 2001",,,,"Pasal 46 ayat ( 2 ) KUHAP | Pasal 1 angka 16 KUHAP , | Pasal 270 KUHAP",,,,,,,,,,,,
551_Pdt.G_2026_PN Sby.pdf,Pdt.G,2026,PN Surabaya,/home/hujan/Documents/Kuliah/semester-7/Ekstraksi Informasi/Kode Tugas/MACHINE LEARNING IE/IE_project/output_txt/TXT_Putusan/551_Pdt.G_2026_PN Sby.txt,sebagian,wajib_terisi=2/3 pihak=False,551 / Pdt . G / 2026 / PN . Sby . tertanggal 21 | 551 / Pdt . G / 2026 / PN . Sby . didalam Pasal,"03 September 2026 , | 08 Desember 2000 , | 20 Agustus 2026 , | 22 Januari 2025 , | 18 Juni 2026 | 13 Mei 2026 | 21 Mei 2007",,,,,,,,,,,,,,,,
55_Pid.Sus-TPK_2026_PN Sby.pdf,Pid.Sus-TPK,2026,PN Surabaya,/home/hujan/Documents/Kuliah/semester-7/Ekstraksi Informasi/Kode Tugas/MACHINE LEARNING IE/IE_project/output_txt/TXT_Putusan/55_Pid.Sus-TPK_2026_PN Sby.txt,sebagian,wajib_terisi=1/3 pihak=False,,"10 September 2024 , | 13 Februari 2025 . | 31 Desember 2024 . | 25 Oktober 2025 . | 31 Januari 2025 . | 23 Agustus 2026 . | 25 Januari 2017 , | 09 Agustus 2024 , | 01 Oktober 2024 , | 24 September 2018 | 28 November 2024 | 15 Desember 1983 | 02 April 2026 . | 21 Maret 2024 , | 29 Januari 1973 | 9 Desember 2016 | 29 Juli 2025 . | 18 Juli 2024 . | 09 Juni 2022 . | 5 Agustus 1925 | 5 April 2024 , | 25 Juli 2006 , | 30 Maret 2026 | 24 Juni 2026 | 29 Juni 1936 | 6 Juni 1985 | 21 Mei 2024 | 17 Mei 1943",,,,Pasal 603 Jis Pasal 20 huruf c Jis Pasal 126 ayat ( 1 ) UU Nomor 1 Tahun 2023 Tentang KUHP | Pasal 3 Jis Pasal 18 UU Nomor 31 tahun 1999 tentang Pemberantasan Tindak | Pasal 235 ayat ( 3 ) Undang-Undang Nomor 20 Tahun 2025 tentang KUHAP | Pasal 82 ayat ( 2 ) KUHP | Pasal 64 KUHP,,,,,,-Bahwa saksi adalah pemilik toko bangunan UD Dua Putra Barokah yang beralamat di dusun Sukarame kecamatan Nonggunong Kabupaten Sumene p -Bahwa UD Dua Putra Barokah berdiri sejak tahun 2022 -Bahwa Toko | -Bahwa saksi kenal dan tidak memiliki hubungan keluarga dengan Terdak wa -Bahwa saksi kenal dengan Risky Pratama sejak tahun 2022 pada saat itu Risky Pratama masih sebagai Tenaga Fasilitator Lapangan | -Bahwa saksi tidak memiliki hubungan keluarga dengan terdakwa -Bahwa saksi adalah pemilik Toko Bangunan Sumber Cahaya -Bahwa benar toko Bangunan Sumber Cahaya ditunjuk sebagai penyedia bahan bangunan | -Bahwa saksi kenal dengan terdakwa tetapi tidak memiliki hubungan kelua rga -Bahwa saksi adalah pemilik toko bangunan UD Mitra Setia yang beralam at di Dusun Pesisir Desa Parenduan Kab Sumenep -Bahwa | -Bahwa Saksi adalah pemilik Toko bangunan UD “ Maju Mapan ” berdiri pa da tahun 2017 beralamat di Desa Jenlejen Kec Pakong Kab Pemekasan b ergerak dibidang usaha bahan bangunan -Bahwa Toko bangunan | -Bahwa saksi tidak memiliki hubungan keluarga dengana terdakwa -Bahwa saksi adalah pemilik toko bangunan UD Al Barokah -Bahwa toko bangunan UD Al Barokah berdiri sejak tahun 2017 -Bahwa benar UD Al | -Bahwa saksi tidak memiliki hubungan keluarga dengan terdakwa -Bahwa saksi ada hubungan keluarga dengan terdakwa Amin Arif Santoso yaitu saksi adalah menantu ponakan dari terdakwa Amin Arif Santoso | -Bahwa saksi tidak kenal dan tidak memiliki hubungan keluarga dengan terdakwa -Bahwa saksi adalah pemilik UD Baban Indah -Bahwa UD Baban Indah ditunjuk sebagai penyedia bahan bangunan pad a program | -Bahwa saksi tidak memiliki hubungan keluarga dengan terdakwa -Bahwa saksi adalah Pendamping Fasilitator Lapangan Pemberda yaan Desa Gelaman Kecamatan Arjasa Kepulauan program Bantuan Stimul | ( alat bukti yang diajukan di dalam persidangan termasuk alat bukti yang diperoleh dari hasil penyadapan harus diperoleh secara sah berdasarkan ketentuan peraturan perundangan-undangan | -Menghitung,,,,,,
56_Pdt.G.S_2026_PN Sby.pdf,Pdt.G.S,2026,PN Surabaya,/home/hujan/Documents/Kuliah/semester-7/Ekstraksi Informasi/Kode Tugas/MACHINE LEARNING IE/IE_project/output_txt/TXT_Putusan/56_Pdt.G.S_2026_PN Sby.txt,sebagian,wajib_terisi=1/3 pihak=False,,"9 September 2026 | 29 Juli 2026 ,",,,,,,,,,,,,,,,,
57_Pdt.G.S_2026_PN Sby.pdf,Pdt.G.S,2026,PN Surabaya,/home/hujan/Documents/Kuliah/semester-7/Ekstraksi Informasi/Kode Tugas/MACHINE LEARNING IE/IE_project/output_txt/TXT_Putusan/57_Pdt.G.S_2026_PN Sby.txt,sebagian,wajib_terisi=1/3 pihak=False,,"31 Desember 2027 . | 28 Desember 2022 , | 19 Agustus 2026 , | 10 September 2026 | 28 Februari 2008 | 1 Januari 2023 | 20 Juli 2026 , | 31 Juli 1971 ,",,,,,,,,,,,,,,,,
58_Pdt.G_2026_PN Sby.pdf,Pdt.G,2026,PN Surabaya,/home/hujan/Documents/Kuliah/semester-7/Ekstraksi Informasi/Kode Tugas/MACHINE LEARNING IE/IE_project/output_txt/TXT_Putusan/58_Pdt.G_2026_PN Sby.txt,sebagian,wajib_terisi=2/3 pihak=False,58 / Pdt . G / 2026 / PN . Sby 29 . Bahwa somasi | 58 / Pdt . G / 2026 / PN . Sby 4 . Memerintakan | 58 / Pdt . G / 2026 / PN . Sby d ) Ada hubungan | 58 / Pdt . G / 2026 / PN . Sby Tergugat I sama | 58 / Pdt . G / 2026 / PN . Sby selaku Debitur | 58 / Pdt . G / 2026 / PN . Sby memiliki legal | 131 / Pdt . G / 2023 / PN . Kpn,"28 September 1996 , | 20 Februari 2025 , | 30 Nopember 1994 , | 06 November 2020 , | 09 Februari 1998 , | 12 Januari 2026 , | 09 September 2026 | 10 Agustus 2026 , | 22 Desember 2025 | 31 Januari 1919 | 20 Oktober 2015 | 16 April 2026 , | 29 Juli 2019 , | 16 Juni 2010 , | 06 Juni 1994 , | 26 Mei 2010 , | 17 April 2003 | 30 Mei 2016 ,",,,,,,,,,,,,,,"1 ) Harus ada perbuatan yang dimaksud dengan perbuatan ini baik yang bersidat positif maupun yang bersifat negative , artinya setiap tingkah tingkah laku berbuat atau tidak berbuat | 1 . Fotokopi Perjanjian kredit dengan memakai jaminan nomor 64 , tanggal 16 Mei 2014 , diberi tanda bukti TI-1 | Dalam Pokok Perkara : 1 . Menolak atau setidaknya tidak dapat menerima Gugatan Penggugat | 1 . Perbuatan tersebut melawan hukum",,
594_Pdt.P_2026_PN Sby.pdf,Pdt.P,2026,PN Surabaya,/home/hujan/Documents/Kuliah/semester-7/Ekstraksi Informasi/Kode Tugas/MACHINE LEARNING IE/IE_project/output_txt/TXT_Putusan/594_Pdt.P_2026_PN Sby.txt,sebagian,wajib_terisi=2/3 pihak=False,"594 / Pdt . P / 2026 / PN Sby , tanggal 2 Maret 20 | 594 / Pdt . P / 2026 / PN Sby s DEMI KEADILAN","15 September 1989 , | 19 Februari 2026 | 29 Desember 2025 | 18 Agustus 1998 | 30 Januari 2026 | 2 Maret 2026 , | 06 Juli 2018 | 11 Juni 2024",,,,,,,,,,,,,,,"3578105509890007 , | 3578152411160002",
611_Pdt.G_2017_PN SBY.pdf,Pdt.G,2017,PN Surabaya,/home/hujan/Documents/Kuliah/semester-7/Ekstraksi Informasi/Kode Tugas/MACHINE LEARNING IE/IE_project/output_txt/TXT_Putusan/611_Pdt.G_2017_PN SBY.txt,sebagian,wajib_terisi=2/3 pihak=False,611 / Pdt . G / 2017 / PN . Sby .,"06 NOVEMBER 2017 , | 15 November 2017 | 28 Desember 2017 | 31 Oktober 2017",,,,,,,,,,,,,,,,
62_Pdt.Sus-PHI_2026_PN Sby.pdf,Pdt.Sus-PHI,2026,PN Surabaya,/home/hujan/Documents/Kuliah/semester-7/Ekstraksi Informasi/Kode Tugas/MACHINE LEARNING IE/IE_project/output_txt/TXT_Putusan/62_Pdt.Sus-PHI_2026_PN Sby.txt,sebagian,wajib_terisi=2/3 pihak=False,62 / Pdt . Sus . PHI / 2026 / PN Sby,"12 Februari 2026 , | 11 Desember 2025 . | 17 November 2025 . | 27 Agustus 2026 , | 16 September 2026 | 10 Oktober 2009 , | 26 Februari 1972 | 20 Agustus 2001 | 14 Juni 2026 , | 31 Maret 2026 | 15 Mei 2026 , | 14 April 2026 | 25 Maret 2025 | 27 Mei 2025",,,,,,,,,,,,,,,,
62_Pdt.Sus-PKPU_2025_PN Niaga Sby.pdf,Pdt.Sus-PKPU,2025,PN Niaga Surabaya,/home/hujan/Documents/Kuliah/semester-7/Ekstraksi Informasi/Kode Tugas/MACHINE LEARNING IE/IE_project/output_txt/TXT_Putusan/62_Pdt.Sus-PKPU_2025_PN Niaga Sby.txt,sebagian,wajib_terisi=2/3 pihak=False,62 / Pdt . Sus-PKPU / 2025 / PN . Niaga . Sby b . Sebesar,"01 September 2026 , | 18 Desember 2025 , | 19 Agustus 2026 , | 2 Februari 2026 , | 27 November 2026 | 15 Oktober 2026 | 28 Januari 2027 | 23 Juli 2026 , | 2 April 2026 , | 27 Maret 2025 | 18 Mei 2026 ,",,,,,,,,,,,,,,"a . Pembayaran Pertama dilakukan dengan menyerahkan Cek Cash Bank BNI Cek No . CH570903 sebesar Rp . 500 . 000 . 000 , 00 ( lima ratus juta rupiah ) tanggal 26 Agustus 2026 ( Terlampir )",,
62_Pdt.Sus-PKPU_2026_PN Niaga Sby.pdf,Pdt.Sus-PKPU,2026,PN Niaga Surabaya,/home/hujan/Documents/Kuliah/semester-7/Ekstraksi Informasi/Kode Tugas/MACHINE LEARNING IE/IE_project/output_txt/TXT_Putusan/62_Pdt.Sus-PKPU_2026_PN Niaga Sby.txt,sebagian,wajib_terisi=2/3 pihak=False,"62 / Pdt . Sus-PKPU / 2026 / PN Niaga Sby oleh OEI ,","10 September 2026 , | 21 Januari 2026 , | 27 Agustus 2027 , | 19 Desember 2019 | 18 Februari 2026 | 24 November 2021 | 31 Juli 2025 , | 01 April 2026 | 29 April 2020 | 22 Juni 2026 | 21 Mei 2025",,PNBP Rp .,,,,,,,,,,,,,,
630_Pdt.G_2026_PN Sby.pdf,Pdt.G,2026,PN Surabaya,/home/hujan/Documents/Kuliah/semester-7/Ekstraksi Informasi/Kode Tugas/MACHINE LEARNING IE/IE_project/output_txt/TXT_Putusan/630_Pdt.G_2026_PN Sby.txt,sebagian,wajib_terisi=2/3 pihak=False,630 / Pdt . G / 2026 / PN Sby sebagai berikut,"08 September 2026 , | 04 Februari 1990 , | 11 Agustus 1981 , | 14 Desember 2025 | 19 Agustus 2026 | 03 April 1987 , | 22 Juli 2026 , | 28 Mei 2026 , | 02 Mei 1953 , | 10 Juni 2026",,,,,,,,,,,,,,,,
64_Pdt.Sus-PHI_2026_PN Sby.pdf,Pdt.Sus-PHI,2026,PN Surabaya,/home/hujan/Documents/Kuliah/semester-7/Ekstraksi Informasi/Kode Tugas/MACHINE LEARNING IE/IE_project/output_txt/TXT_Putusan/64_Pdt.Sus-PHI_2026_PN Sby.txt,sebagian,wajib_terisi=2/3 pihak=False,64 / Pdt . Sus-PHI / 2026 / PN . Sby Pada Pengadilan,"18 September 1983 , | 27 September 1990 , | 18 Desember 1985 , | 29 November 1968 , | 1 Desember 2002 , | 14 Januari 2024 , | 24 September 2025 | 27 November 2025 | 19 Agustus 2026 | 18 Juni 2026 , | 14 Juli 2025 , | 11 Mei 2026 , | 16 Mei 2013 , | 13 Mei 1975 , | 23 Mei 2022 , | 23 Juli 2026",,,,,,,,,,,,,,,,
652_Pdt.G_2026_PN Sby.pdf,Pdt.G,2026,PN Surabaya,/home/hujan/Documents/Kuliah/semester-7/Ekstraksi Informasi/Kode Tugas/MACHINE LEARNING IE/IE_project/output_txt/TXT_Putusan/652_Pdt.G_2026_PN Sby.txt,sebagian,wajib_terisi=2/3 pihak=False,652 / Pdt . G / 2026 / PN Sby 14 . Bahwa keterlibatan | 652 / Pdt . G / 2026 / PN Sby nyata perbuatan main,"03 September 2026 , | 18 Agustus 2026 , | 27 Oktober 2025 , | 10 Maret 1984 , | 18 Juni 2026 , | 28 Juli 2025 , | 31 Juli 2025 . | 2 AGUSTUS 2025",,,,,,,,,,,,,,,,
665_Pdt.G_2017_PN SBY.pdf,Pdt.G,2017,PN Surabaya,/home/hujan/Documents/Kuliah/semester-7/Ekstraksi Informasi/Kode Tugas/MACHINE LEARNING IE/IE_project/output_txt/TXT_Putusan/665_Pdt.G_2017_PN SBY.txt,sebagian,wajib_terisi=1/3 pihak=False,,"01 September 2015 , | 07 Agustus 2017 , | 28 Januari 2018 , | 04 Februari 1980 | 28 Desember 2013 | 26 Februari 2014 | 25 Agustus 2014 | 24 aGUSTUS 2017 | 19 Oktober 2012 | 27 Maret 2014 | 28 April 2014 | 18 Maret 2015 | 1 April 1996 | 26 Juni 2014 | 26 Mei 2017 | 07 Mei 2015",,,,,,,,,,,,,,,,
66_Pdt.G.S_2017_PN SBY.pdf,Pdt.G.S,2017,PN Surabaya,/home/hujan/Documents/Kuliah/semester-7/Ekstraksi Informasi/Kode Tugas/MACHINE LEARNING IE/IE_project/output_txt/TXT_Putusan/66_Pdt.G.S_2017_PN SBY.txt,sebagian,wajib_terisi=2/3 pihak=False,"66 / Pdt . G . S / 2017 / PN . Sby , tersebut belum","22 November 2017 , | 18 Desember 2017 , | 12 Februari 1970 | 9 September 1968 | 24 Maret 1963",,,,,,,,,,,,,,,,
66_Pdt.Sus-PKPU_2026_PN Niaga Sby.pdf,Pdt.Sus-PKPU,2026,PN Niaga Surabaya,/home/hujan/Documents/Kuliah/semester-7/Ekstraksi Informasi/Kode Tugas/MACHINE LEARNING IE/IE_project/output_txt/TXT_Putusan/66_Pdt.Sus-PKPU_2026_PN Niaga Sby.txt,sebagian,wajib_terisi=2/3 pihak=False,212 / Pdt . G / 2025 / PN Byw pada Pengadilan | 235 / Pdt . P / 2023 / PN . BYW,"10 September 2026 , | 15 November 2024 , | 18 Desember 2025 , | 10 Februari 2020 , | 24 April 2026 , | 24 Januari 2022 | 10 Agustus 2021 | 24 Oktober 2018 | 5 Maret 2025 , | 17 Juli 2026 , | 28 Juni 2026 . | 21 Mei 2024 , | 6 Juni 2025 , | 21 Jan 2026 , | 23 Juli 2021",,,,,,,,,,,,,,,,
69_Pdt.Sus-PKPU_2025_PN Niaga Sby.pdf,Pdt.Sus-PKPU,2025,PN Niaga Surabaya,/home/hujan/Documents/Kuliah/semester-7/Ekstraksi Informasi/Kode Tugas/MACHINE LEARNING IE/IE_project/output_txt/TXT_Putusan/69_Pdt.Sus-PKPU_2025_PN Niaga Sby.txt,sebagian,wajib_terisi=1/3 pihak=False,,"19 Februari 2026 , | 29 Desember 2025 , | 27 Agustus 2026 , | 26 Januari 2026 , | 7 September 2026 | 24 Maret 1982 , | 02 Juli 2026 , | 18 Juni 2026 , | 21 Mei 2026 , | 24 April 2026",,,,,,,,,,,,,,,,"1 . Mengabulkan Permohonan Penundaan Kewajiban Pembayaran Utang Tetap kepada Debitor / PT Kurnia Alam Sejati ( Dalam PKPU ) selama 28 ( dua puluh delapan ) hari terhitung sejak tanggal Putusan diucapkan 2 . Menetapkan bahwa Sidang Permusyawaratan Majelis Hakim Berikutnya pada hari Kamis tanggal 26 Februari 2026 bertempat di Pengadilan Niaga pada Pengadilan Negeri Surabaya beralamat di Jalan Raya Arjuno No . 16- 18 Surabaya 5 . Menangguhkan putusan mengenai ongkos perkara sampai dengan berakhirnya Penundaan Kewajiban Pembayaran Utang ( PKPU ) . Menimbang bahwa berdasarkan Putusan Pengadilan Niaga pada Pengadilan Negeri Surabaya Nomor 69 / Pdt . Sus-PKPU / 2025 / PN Niaga Sby , tertanggal 26 Februari 2026 , TERMOHON PKPU telah memperoleh perpanjangan Penundaan Kewajiban Pembayaran Utang Sementara ( PKPUS ) dengan segala akibat hukumnya , dengan amar putusan sebagai berikut : MENGADILI : 1 . Mengabulkan Permohonan Penundaan Kewajiban Pembayaran Utang Tetap kepada Debitor / PT Kurnia Alam Sejati ( Dalam PKPU ) selama 84 ( delapan puluh empat ) hari terhitung sejak tanggal Putusan diucapkan 2 . Menetapkan bahwa Sidang Permusyawaratan Majelis Hakim berikutnya pada hari Kamis tanggal 21 Mei 2026 bertempat di Pengadilan Niaga pada Pengadilan Negeri Surabaya beralamat di Jalan Raya Arjuno No . 16-18 Surabaya"
6_Pdt.Sus-HKI_Merek_2026_PN Niaga Sby.pdf,Pdt.Sus-HKI,2026,PN Niaga Surabaya,/home/hujan/Documents/Kuliah/semester-7/Ekstraksi Informasi/Kode Tugas/MACHINE LEARNING IE/IE_project/output_txt/TXT_Putusan/6_Pdt.Sus-HKI_Merek_2026_PN Niaga Sby.txt,sebagian,wajib_terisi=1/3 pihak=False,,"16 September 2026 , | 19 Agustus 2011 , | 13 Januari 2018 , | 28 Februari 2025 | 25 November 2020 | 28 Nopember 1995 | 20 April 2003 . | 23 Agustus 2021 | 28 April 2026 . | 29 Oktober 2019 | 17 April 2003 , | 24 Juli 2020 , | 28 Juni 2011 . | 27 Juni 2008 , | 2 Januari 1982 | 22 Juni 2026 , | 19 Juni 2011 , | 24 Maret 2004 | 18 Maret 2006 | 06 Mei 2008 . | 30 Mei 2022 , | 15 Mei 2005 , | 30 Maret 2021 | 11 Juni 1998 | 4 Mei 2026 . | 10 Juli 2026 | 27 Mei 2006",,,,"Pasal 21 ayat ( 3 ) UU No . 20 Tahun 2016 yang berbunyi : "" Permohonan",,,,,,,,,,"1 . PENGGUGAT REKONVENSI ADALAH PEMILIK HAK EKSKLUSIF KEPERDATAAN YANG SAH , MUTLAK , BERDASARKAN ASAS KONSTITUTIF ( FIRST TO FILE SYSTEM ) DAN DILINDUNGI OLEH KONSTITUSI NEGARA . Bahwa PENGGUGAT REKONVENSI",,
713_Pdt.G_2026_PN Sby.pdf,Pdt.G,2026,PN Surabaya,/home/hujan/Documents/Kuliah/semester-7/Ekstraksi Informasi/Kode Tugas/MACHINE LEARNING IE/IE_project/output_txt/TXT_Putusan/713_Pdt.G_2026_PN Sby.txt,sebagian,wajib_terisi=1/3 pihak=False,,"15 September 2017 , | 05 Agustus 2026 , | 13 Mei 2026 , | 23 Juni 2026",,,,,,,,,,,,,,,,
71_Pdt.Sus-PHI_2026_PN Sby.pdf,Pdt.Sus-PHI,2026,PN Surabaya,/home/hujan/Documents/Kuliah/semester-7/Ekstraksi Informasi/Kode Tugas/MACHINE LEARNING IE/IE_project/output_txt/TXT_Putusan/71_Pdt.Sus-PHI_2026_PN Sby.txt,sebagian,wajib_terisi=1/3 pihak=False,,"13 September 2024 . | 01 Februari 1974 , | 06 November 1981 , | 10 Oktober 2024 , | 1 Januari 2015 , | 24 Maret 2011 , | 01 Maret 2025 , | 1 Nopember 2010 | 07 Januari 2025 | 13 Agustus 1972 | 17 Juli 2026 , | 27 Juni 2020 , | 17 Mei 2017 , | 17 April 1970 | 10 Juni 2025 | 29 Mei 2024",,,,,,,,,,,,,,,,
71_Pdt.Sus-PKPU_2026_PN Niaga Sby.pdf,Pdt.Sus-PKPU,2026,PN Niaga Surabaya,/home/hujan/Documents/Kuliah/semester-7/Ekstraksi Informasi/Kode Tugas/MACHINE LEARNING IE/IE_project/output_txt/TXT_Putusan/71_Pdt.Sus-PKPU_2026_PN Niaga Sby.txt,sebagian,wajib_terisi=2/3 pihak=False,"59 / Pdt . Sus-PKPU / 2026 / PN . Niaga . Sby . , tanggal 23 Juli","23 September 2004 , | 11 Februari 2025 , | 18 November 2024 , | 30 Desember 2024 , | 05 Januari 2026 , | 18 Agustus 2026 , | 14 September 2026 | 1 Desember 1983 , | 17 Oktober 2024 , | 08 Februari 2008 | 29 Oktober 2025 | 13 Maret 2025 , | 24 April 2025 , | 20 Juli 2026 , | 21 Juni 2025 , | 16 Mei 2024 , | 07 Mei 2025",,,,,,,,,,,,,,,3578232502610002,
721_Pid.Sus_2026_PN Sby.pdf,Pid.Sus,2026,PN Surabaya,/home/hujan/Documents/Kuliah/semester-7/Ekstraksi Informasi/Kode Tugas/MACHINE LEARNING IE/IE_project/output_txt/TXT_Putusan/721_Pid.Sus_2026_PN Sby.txt,sebagian,wajib_terisi=1/3 pihak=False,,"09 September 2026 , | 18 September 2025 . | 09 November 2025 , | 16 Februari 2026 | 24 Desember 2025 | 11 Agustus 2025 | 09 Agustus 2024 | 25 Agustus 2026 | 16 Januari 2025 | 25 Januari 2019 | 6 Agustus 1981 | 27 April 2026 | 17 Maret 2026 | 17 Mei 2025 , | 25 Juli 2026 | 26 Mei 2026",,,,Pasal 607 ayat ( 1 ) huruf a Undang-undang Nomor 1 tahun 2023 tentang KUHP | Pasal 54 ayat ( 1 ) KUHP,,,,,,-Bahwa saksi pernah membuka rekening Bank di BCA dengan nomor rekening 4650909751 atas nama HARIYANTO -Bahwa saksi membuka rekening BCA dengan nomor rekening 4650909751 atas nama HARIYANTO pada bulan | -Bahwa saksi mengenali barang bukti berupa mobil Toyota Rush warna Putih dengan Nopol L-1306-AEO dimana data kendaraan berupa STNK | 1 ( unit mobil Totoya Rush tahun 2025 warna putih dengan nopol : L-1306-AEO,,,,,,
72_Pdt.Sus-PHI_2026_PN Sby.pdf,Pdt.Sus-PHI,2026,PN Surabaya,/home/hujan/Documents/Kuliah/semester-7/Ekstraksi Informasi/Kode Tugas/MACHINE LEARNING IE/IE_project/output_txt/TXT_Putusan/72_Pdt.Sus-PHI_2026_PN Sby.txt,sebagian,wajib_terisi=1/3 pihak=False,,"23 Januari 2025 , | 02 September 2026 | 01 Agustus 2021 , | 26 Februari 2025 | 24 Maret 2011 , | 04 Maret 2025 , | 13 Agustus 1972 | 15 Juli 2026 , | 26 Juni 2025 , | 04 Mei 1972 , | 17 Mei 2017 , | 17 April 1970 | 28 Mei 2025",,,,,,,,,,,,,,,,
738_Pdt.G_2026_PN Sby.pdf,Pdt.G,2026,PN Surabaya,/home/hujan/Documents/Kuliah/semester-7/Ekstraksi Informasi/Kode Tugas/MACHINE LEARNING IE/IE_project/output_txt/TXT_Putusan/738_Pdt.G_2026_PN Sby.txt,sebagian,wajib_terisi=1/3 pihak=False,,"10 September 2026 , | 19 April 2008 , | 21 Agustus 2026 | 13 Januari 2008 | 20 Juli 2026 ,",,,,,,,,,,,,,,,,
73_Pdt.Sus-PHI_2026_PN Sby.pdf,Pdt.Sus-PHI,2026,PN Surabaya,/home/hujan/Documents/Kuliah/semester-7/Ekstraksi Informasi/Kode Tugas/MACHINE LEARNING IE/IE_project/output_txt/TXT_Putusan/73_Pdt.Sus-PHI_2026_PN Sby.txt,sebagian,wajib_terisi=2/3 pihak=False,73 / Pdt . Sus -PHI / 2026 / PN Sby tanggal 17 Maret 2026 | 73 / Pdt . Sus -PHI / 2026 / PN Sby d . Bahwa Penggugat | 73 / Pdt . Sus -PHI / 2026 / PN Sby Juni 2025 s / d | 73 / Pdt . Sus -PHI / 2026 / PN Sby Perincian Biaya | 73 / Pdt . Sus -PHI / 2026 / PN Sby 2015 beralamat,"01 September 2024 -30 September 2024 , | 01 Agustus 2024 -31 Agustus 2024 , | 01 Oktober 2024 -31 Oktober 2024 , | 8 Mei 2022 -20 Oktober 2023 | 7 Mei 2021 -07 Mei 2022 | 1 Mei 2015 -06 Mei 2021 | 31 Desember 2019 , | 28 Februari 2025 , | 30 November 2024 , | 03 Februari 2014 , | 31 Januari 2025 , | 26 November 2013 | 17 Maret 2026 , | 26 Januari 2026 | 25 Maret 1977 , | 30 April 2015 , | 28 Maret 2025 , | 25 April 2026 , | 31 Juli 2024 , | 20 Juli 2026 , | 30 Juni 2025 , | 22 Juni 2026 . | 11 Juni 2026 , | 27 Juni 2024 , | 30 Mei 2025 , | 19 Maret 2019 | 01 Juli 2015",,,,,,,,,,,,,,,3578242503770002,
75_Pid.Sus_2018_PN SBY.pdf,Pid.Sus,2018,PN Surabaya,/home/hujan/Documents/Kuliah/semester-7/Ekstraksi Informasi/Kode Tugas/MACHINE LEARNING IE/IE_project/output_txt/TXT_Putusan/75_Pid.Sus_2018_PN SBY.txt,sebagian,wajib_terisi=2/3 pihak=False,75 / Pid . Sus / 2018 / PN Sby 6 . Membebankan,"19 Februari 2018 , | 27 September 1991 | 20 Desember 1996 | 01 Nopember 2017 | 11 Oktober 2017 | 11 Januari 2018",,,,,,,,,,-Perbuatan Para Terdakwa tidak mendukung program pemerintah untuk memberantas penyalahgunaan narkotika,,,,,,
76_Pdt.Sus-PKPU_2025_PN Niaga Sby.pdf,Pdt.Sus-PKPU,2025,PN Niaga Surabaya,/home/hujan/Documents/Kuliah/semester-7/Ekstraksi Informasi/Kode Tugas/MACHINE LEARNING IE/IE_project/output_txt/TXT_Putusan/76_Pdt.Sus-PKPU_2025_PN Niaga Sby.txt,sebagian,wajib_terisi=1/3 pihak=False,,"09 September 2026 , | 12 November 2024 , | 22 Desember 2025 . | 19 Februari 2026 , | 28 Januari 2026 , | 27 Agustus 2026 . | 15 Agustus 2022 , | 24 April 2026 , | 28 JANUARI 2026 | 22 Juni 2026 , | 19 Mei 2026 , | 5 Maret 2026",,,,,,,,,,,,,,"015 / J&P / Pmhn- PKPUT / 2026 tertanggal 04 Agustus 2026 perihal Permohonan Perpanjangan PKPU Tetap ( terlampir ) . 3 . Rapat Pembahasan Rencana Perdamaian dan Pemungutan Suara atas Perpanjangan PKPU Tetap Tim | 033 / PKPU- RDA / II / 2026 tertanggal 4 Februari 2026 perihal Persetujuan Kepada PT . Rejeki Damai Abadi ( Dalam PKPU ) Untuk Menandatangani Dokimen PT . Bank Negara Indonesia ( Persero ) , Tbk ( terlampir ) | a . Kreditor Konkuren -Sebanyak 5 ( enam ) Kreditor Konkuren atau mewakili 83 . 33% ( delapan puluh tiga koma tiga puluh tiga persen ) dari jumlah Kreditor Konkuren yang hadir di dalam Rapat Pemungutan Suara | S- 373 / D&G / 0826 tertanggal 13 Agustus 2026 perihal Tanggapan terhadap Rencana Perdamaian PT Rejeki Damai Abadi ( Dalam PKPU ) tertanggal 5 Agustus 2026 dalam Perkara Penundaan Kewajiban Pembayaran Utang | 035 / PKPU- RDA / II / 2026 tertanggal 18 Februari 2026 perihal Permintaan Draft Rencana Perdamaian dan Jadwal Kunjungan Presentasi Rencana Perdamaian dengan Para Kreditor ( terlampir ) | 037 / PKPU- RDA / II / 2026 tertanggal 19 Februari 2026 perihal Pemberian Izin untuk Mengajukan Permohonan Penundaan Kewajiban Pembayaran Utang ( PKPU ) ( terlampir ) | 12 / 078 . 03 / 02-2026 / ANT_MSC tertanggal 4 Februari 2026 perihal Konfirmasi atas Agenda Perpanjangan 90 Hari PT . Rejeki Damai Abadi ( dalam PKPU ) ( terlampir ) | 558 / BSP / IV / LA / 2026 tertanggal 20 April 2026 perihal Tanggapan atas Draft Proposal Perdamaian PT . Rejeki Damai Abadi ( Dalam PKPU ) ( terlampir ) | 034 / PKPU-RDA / II / 2026 tertanggal 6 Februari 2026 perihal Tanggapan atas Surat dari PT . Berdayakan Usaha Indonesia ( terlampir ) | 011 / J&P / Pmhn-PKPUT / 2026 tertanggal 27 Maret 2026 perihal Undangan Pemaparan Proposal Perdamaian ( terlampir ) | 011 / J&P / Pmhn-PKPUT / 2026 tertanggal 09 April 2026 perihal Undangan Verifikasi Tagihan Lanjutan ( terlampir ) | “ MENGADILI 1 . Mengabulkan permohonan Penundaan Kewajiban Pembayaran Utang ( PKPU ) dari Pemohon PKPU ter",,
772_Pdt.G_2026_PN Sby.pdf,Pdt.G,2026,PN Surabaya,/home/hujan/Documents/Kuliah/semester-7/Ekstraksi Informasi/Kode Tugas/MACHINE LEARNING IE/IE_project/output_txt/TXT_Putusan/772_Pdt.G_2026_PN Sby.txt,sebagian,wajib_terisi=2/3 pihak=False,"772 / Pdt . G / 2026 / PN Sby ,","03 September 2026 , | 05 Desember 2022 , | 03 Agustus 2026 , | 30 November 2022 | 02 Oktober 2015 | 15 Juli 2026 , | 08 Juli 2015 , | 29 Juni 2026",,,,,,,,,,,,,,,,
77_Pdt.Sus-PKPU_2026_PN Niaga Sby.pdf,Pdt.Sus-PKPU,2026,PN Niaga Surabaya,/home/hujan/Documents/Kuliah/semester-7/Ekstraksi Informasi/Kode Tugas/MACHINE LEARNING IE/IE_project/output_txt/TXT_Putusan/77_Pdt.Sus-PKPU_2026_PN Niaga Sby.txt,sebagian,wajib_terisi=1/3 pihak=False,,"11 September 2025 . | 07 September 2026 , | 12 Februari 2026 , | 06 Desember 2024 . | 11 November 2025 , | 13 Oktober 2025 , | 21 Agustus 2026 , | 12 Januari 2026 , | 15 Maret 1962 , | 31 Juli 2026 , | 11 Juni 2025 , | 11 April 2025 | 31 Maret 2026",,,,,,,,,,,,,,,,
790_Pdt.G_2026_PN Sby.pdf,Pdt.G,2026,PN Surabaya,/home/hujan/Documents/Kuliah/semester-7/Ekstraksi Informasi/Kode Tugas/MACHINE LEARNING IE/IE_project/output_txt/TXT_Putusan/790_Pdt.G_2026_PN Sby.txt,sebagian,wajib_terisi=1/3 pihak=False,,"18 Agustus 2026 , | 16 September 2026 | 14 Juli 2026 , | 08 Mei 2021 , | 08 Juni 2021",,,,,,,,,,,,,,,,
816_Pdt.G_2026_PN Sby.pdf,Pdt.G,2026,PN Surabaya,/home/hujan/Documents/Kuliah/semester-7/Ekstraksi Informasi/Kode Tugas/MACHINE LEARNING IE/IE_project/output_txt/TXT_Putusan/816_Pdt.G_2026_PN Sby.txt,sebagian,wajib_terisi=1/3 pihak=False,,"9 September 2026 , | 18 Juli 2026 ,",,,,,,,,,,,,,,,"- ,",
818_Pdt.G_2026_PN Sby.pdf,Pdt.G,2026,PN Surabaya,/home/hujan/Documents/Kuliah/semester-7/Ekstraksi Informasi/Kode Tugas/MACHINE LEARNING IE/IE_project/output_txt/TXT_Putusan/818_Pdt.G_2026_PN Sby.txt,sebagian,wajib_terisi=1/3 pihak=False,,"03 September 2026 , | 24 September 1994 | 06 Agustus 2026 , | 06 Februari 1990 | 29 November 2021 | 17 April 2000 , | 16 Oktober 2013 | 12 Agustus 1999 | 22 Juli 2026 , | 19 Juli 2025",,,,,,,,,,,,,,,3578101208990004 | 3578100101084854,
826_Pdt.G_2026_PN Sby.pdf,Pdt.G,2026,PN Surabaya,/home/hujan/Documents/Kuliah/semester-7/Ekstraksi Informasi/Kode Tugas/MACHINE LEARNING IE/IE_project/output_txt/TXT_Putusan/826_Pdt.G_2026_PN Sby.txt,sebagian,wajib_terisi=2/3 pihak=False,826 / Pdt . G / 2026 / PN Sby,"09 September 2026 , | 06 Agustus 2026 , | 14 Juli 2026 ,",,,,,,,,,,,,,,,,
82_Pdt.Bth_2026_PN Sby.pdf,Pdt.Bth,2026,PN Surabaya,/home/hujan/Documents/Kuliah/semester-7/Ekstraksi Informasi/Kode Tugas/MACHINE LEARNING IE/IE_project/output_txt/TXT_Putusan/82_Pdt.Bth_2026_PN Sby.txt,sebagian,wajib_terisi=2/3 pihak=False,"82 / Pdt . Bth / 2026 / PN Sby . tanggal 26 Juni | 82 / Pdt . Bth / 2026 / PN Sby . 22 April 2025 ,","23 Februari 2026 , | 9 September 2026 , | 13 Desember 1958 , | 25 November 2025 , | 05 Agustus 2025 , | 14 Januari 2026 , | 28 Desember 2018 | 17 Januari 2019 | 15 April 2025 , | 27 Maret 2025 , | 31 Maret 2026 , | 27 April 2026 , | 06 Maret 2019 . | 13 Agustus 2015 | 09 Januari 2020 | 17 April 1979 , | 19 Juni 2023 , | 09 Juni 2015 . | 23 Juni 2015 , | 09 Juli 2025 , | 07 Mei 2025 , | 25 Mei 2015 , | 14 Maret 1988 | 11 Mei 2026 , | 8 Juni 1976 | 04 Mei 2017 | 28 Mei 1981",,,,,,,,,,,,,,,3578046508700004 | 3578031004750003,
834_Pdt.G_2026_PN Sby.pdf,Pdt.G,2026,PN Surabaya,/home/hujan/Documents/Kuliah/semester-7/Ekstraksi Informasi/Kode Tugas/MACHINE LEARNING IE/IE_project/output_txt/TXT_Putusan/834_Pdt.G_2026_PN Sby.txt,sebagian,wajib_terisi=2/3 pihak=False,"834 / Pdt . G / 2026 / PN Sby tertanggal 24 Juli | 834 / Pdt . G / 2026 / PN Sby “ DEMI KEADILAN | 834 / Pdt . G / 2026 / PN Sby , dalam perkara",10 September 2026 | 27 Juni 2026 .,,,,,,,,,,,,,,,,
83_Pdt.Sus-PHI_2025_PN Sby.pdf,Pdt.Sus-PHI,2025,PN Surabaya,/home/hujan/Documents/Kuliah/semester-7/Ekstraksi Informasi/Kode Tugas/MACHINE LEARNING IE/IE_project/output_txt/TXT_Putusan/83_Pdt.Sus-PHI_2025_PN Sby.txt,sebagian,wajib_terisi=2/3 pihak=False,83 / Pdt . Sus-PHI / 2025 / PN . Sby,"11 November 2025 , | 27 Oktober 2025 , | 06 Oktober 1983",,,,,,,,,,,,,,"5423 / HK / X / 2025 , tanggal 04 November 2025 , untuk selanjutnya disebut sebagai Tergugat",,
861_Pdt.G_2017_PN SBY.pdf,Pdt.G,2017,PN Surabaya,/home/hujan/Documents/Kuliah/semester-7/Ekstraksi Informasi/Kode Tugas/MACHINE LEARNING IE/IE_project/output_txt/TXT_Putusan/861_Pdt.G_2017_PN SBY.txt,sebagian,wajib_terisi=2/3 pihak=False,861 / Pdt . G / 2017 / PN Sby Perincian Biaya | 861 / Pdt . G / 2017 / PN Sby cukup dan harus | 861 / Pdt . G / 2017 / PN Sby “ DEMI KEADILAN | 861 / Pdt . G / 2017 / PN Sby . Telah membaca,"26 September 2017 , | 30 Nopember 2017 , | 30 Oktober 2017 , | 05 Desember 2017 | 07 Agustus 1943",,,,,,,,,,,,,,,,
883_Pdt.G_2026_PN Sby.pdf,Pdt.G,2026,PN Surabaya,/home/hujan/Documents/Kuliah/semester-7/Ekstraksi Informasi/Kode Tugas/MACHINE LEARNING IE/IE_project/output_txt/TXT_Putusan/883_Pdt.G_2026_PN Sby.txt,sebagian,wajib_terisi=2/3 pihak=False,883 / Pdt . G / 2026 / PN Sby gugur,"12 September 2022 , | 18 Agustus 2026 , | 11 Januari 2016 , | 8 SEPTEMBER 2026 | 11 Maret 2019 , | 09 April 2019 , | 23 Juli 2026",,,,Pasal 14 ayat ( 2 ) UU No . 35 tahun 2014 7 . Bahwa berdasarkan Pasal 14 UU No . 35 tahun 2014 mengenai perubahan UU No . 23,,,,,,,,,,,,
898_Pdt.P_2017_PN SBY.pdf,Pdt.P,2017,PN Surabaya,/home/hujan/Documents/Kuliah/semester-7/Ekstraksi Informasi/Kode Tugas/MACHINE LEARNING IE/IE_project/output_txt/TXT_Putusan/898_Pdt.P_2017_PN SBY.txt,sebagian,wajib_terisi=2/3 pihak=False,899 / Pdt . P / 2017 / PN Sby 1 . Bahwa Pemohon | 898 / Pdt . P / 2017 / PN Sby “ DEMI KEADILAN,"29 September 2017 , | 23 Nopember 2017 , | 13 Desember 2017 , | 29 Juli 1996 | 7 Juli 2009",,,,,,,,,,,,,,,,
8_Pdt.Sus-Renvoi Prosedur_2026_PN.Niaga Sby.pdf,LAIN,2026,PN Niaga Surabaya,/home/hujan/Documents/Kuliah/semester-7/Ekstraksi Informasi/Kode Tugas/MACHINE LEARNING IE/IE_project/output_txt/TXT_Putusan/8_Pdt.Sus-Renvoi Prosedur_2026_PN.Niaga Sby.txt,sebagian,wajib_terisi=1/3 pihak=False,,"07 Februari 2020 , | 16 Januari 2020 , | 14 September 2026 | 10 Desember 2025 | 24 Agustus 2026 | 29 Juni 2026 , | 20 Mei 2026 , | 29 April 2020",,,,,,,,,,,,,,"Upah Yang Belum Terbayarkan : 1 . JHONDY AHMAD ARBAIN sejumlah Rp231 . 848 . 530 , 00 ( Dua Ratus Tiga Puluh Satu Juta Delapan Ratus Empat Puluh Delapan Ribu Lima Ratus Tiga Puluh Rupiah )",,
932_Pdt.G_2017_PN SBY.pdf,Pdt.G,2017,PN Surabaya,/home/hujan/Documents/Kuliah/semester-7/Ekstraksi Informasi/Kode Tugas/MACHINE LEARNING IE/IE_project/output_txt/TXT_Putusan/932_Pdt.G_2017_PN SBY.txt,sebagian,wajib_terisi=2/3 pihak=False,932 / Pdt . G / 2017 / PN . Sby “ DEMI KEADILAN,"29 September 2017 , | 27 Desember 2017 , | 23 Februari 2018 | 16 Nopember 2017",,,,,,,,,,,,,,"932 / Pdt . G / 2017 / PN . Sby . ,",,
938_Pid.Sus_2026_PN Sby.pdf,Pid.Sus,2026,PN Surabaya,/home/hujan/Documents/Kuliah/semester-7/Ekstraksi Informasi/Kode Tugas/MACHINE LEARNING IE/IE_project/output_txt/TXT_Putusan/938_Pid.Sus_2026_PN Sby.txt,sebagian,wajib_terisi=2/3 pihak=False,938 / Pid . Sus / 2026 / PN Sby tanggal 10 Juni,"16 September 2026 , | 7 Oktober 2026 | 04 Maret 2026 | 06 April 2026 | 06 Juli 2026 | 25 Juni 2026 | 26 Mei 2026",,,,Pasal 609 ayat ( 1 ) huruf a UU RI Nomor 1 Tahun 2023 tentang KUHP,,,,,,-Perbuatan Para Terdakwa bertentangan dengan program pemerintah dalam pemberantasan narkotika | berupa 1 ( kantong plastic berisikan kristal warna putih dengan berat Netto ± 0 gram,,,,,,
946_Pdt.G_2025_PN Sby.pdf,Pdt.G,2025,PN Surabaya,/home/hujan/Documents/Kuliah/semester-7/Ekstraksi Informasi/Kode Tugas/MACHINE LEARNING IE/IE_project/output_txt/TXT_Putusan/946_Pdt.G_2025_PN Sby.txt,sebagian,wajib_terisi=2/3 pihak=False,946 / Pdt . G / 2025 / PN Sby November 2025,"30 Septermber 2025 , | 22 Februari 2006 , | 25 Agustus 2025 , | 2 Agustus 1979 , | 30 Oktober 2025 | 21 Juli 1979 , | 3 April 1973 , | 13 Juli 2007 , | 18 Juni 1996 | 5 Mei 2005 ,",,,,,,,,,,,,,,,,
982_Pid.Sus_2026_PN Sby.pdf,Pid.Sus,2026,PN Surabaya,/home/hujan/Documents/Kuliah/semester-7/Ekstraksi Informasi/Kode Tugas/MACHINE LEARNING IE/IE_project/output_txt/TXT_Putusan/982_Pid.Sus_2026_PN Sby.txt,sebagian,wajib_terisi=2/3 pihak=False,982 / Pid . Sus / 2026 / PN Sby tanggal 18 Juni,"17 September 2026 , | 2 Januari 2026 , | 15 Oktober 2026 | 20 Agustus 2026 | 25 Maret 2026 , | 14 April 2026 , | 23 Juli 2026 | 18 Juni 2026",,,,,,,,,,1 : berupa 1 ( kantong plastik berisikan kristal warna putih dengan berat netto ±0 gram | 081288151929 IMEI 1 865822051301571 IMEI 2 865822051301563 Merupakan barang bukti yang | - 1 ( kantong plastik dengan berat netto ±0 gram,,,,,,
985_Pdt.G_2026_PN Sby.pdf,Pdt.G,2026,PN Surabaya,/home/hujan/Documents/Kuliah/semester-7/Ekstraksi Informasi/Kode Tugas/MACHINE LEARNING IE/IE_project/output_txt/TXT_Putusan/985_Pdt.G_2026_PN Sby.txt,sebagian,wajib_terisi=2/3 pihak=False,985 / Pdt . G / 2026 / PN Sby beralasan untuk | 985 / Pdt . G / 2026 / PN Sby tersebut diatas | 985 / Pdt . G / 2026 / PN Sby Song Tie Tiong,"09 September 2026 | 19 Agustus 2026 , | 28 Mei 1972 , | 30 Juli 2026",,,,,,,,,,,,,,,,
995_Pid.Sus_2026_PN Sby.pdf,Pid.Sus,2026,PN Surabaya,/home/hujan/Documents/Kuliah/semester-7/Ekstraksi Informasi/Kode Tugas/MACHINE LEARNING IE/IE_project/output_txt/TXT_Putusan/995_Pid.Sus_2026_PN Sby.txt,sebagian,wajib_terisi=2/3 pihak=False,995 / Pid . Sus / 2026 / PN Sby tanggal 19 Juni,"15 September 2026 , | 2 Januari 2026 , | 22 Februari 2025 | 29 Maret 2026 , | 28 April 2026 , | 16 Oktober 2026 | 18 Juli 2026 | 23 Juni 2026",,,,"Pasal 114 ayat ( 1 ) UU Nomor 35 Tahun 2009 tentang Narkotika jo . UU Nomor 1 Tahun 2026 tentang Penyesuaian Pidana , | Pasal 165 Ayat ( 2 ) KUHAP ,",,,,,,1 Terdakwa JIMMY WIRAWAN Anak Dari TONY KUNCORO bersalah melakukan tindak pidana “ tanpa hak atau melawan hukum menawarkan untuk dijual menjual membeli menerima menjadi perantara dalam | -Perbuatan Terdakwa tidak mendukung program pemerintah dalam memberantas peredaran gelap narkotika | 1 poket plastik klip berisi kristal putih yang diduga sabu dengan berat neto kurang lebih 0 gram | -1 ( poket plastik klip yang berisi narkotika jenis sabu dengan berat Netto ± 0 gram,,,,,,
